ISO-10303-21;
HEADER;
FILE_DESCRIPTION (( 'STEP AP203' ),
    '1' );
FILE_NAME ('lift__R.STEP',
    '2026-06-26T14:26:43',
    ( '' ),
    ( '' ),
    'SwSTEP 2.0',
    'SolidWorks 2021',
    '' );
FILE_SCHEMA (( 'CONFIG_CONTROL_DESIGN' ));
ENDSEC;

DATA;
#1 = VERTEX_POINT ( 'NONE', #240 ) ;
#2 = LINE ( 'NONE', #4449, #2719 ) ;
#3 = ADVANCED_FACE ( 'NONE', ( #1017 ), #2494, .T. ) ;
#4 = FACE_OUTER_BOUND ( 'NONE', #642, .T. ) ;
#5 = CARTESIAN_POINT ( 'NONE',  ( 35.00000000000000000, -28.99999999999999645, 41.99999999999999289 ) ) ;
#6 = EDGE_CURVE ( 'NONE', #1229, #2798, #2240, .T. ) ;
#7 = FACE_OUTER_BOUND ( 'NONE', #210, .T. ) ;
#8 = DIRECTION ( 'NONE',  ( 0.000000000000000000, 0.000000000000000000, 1.000000000000000000 ) ) ;
#9 = ORIENTED_EDGE ( 'NONE', *, *, #1606, .T. ) ;
#10 = DIRECTION ( 'NONE',  ( -2.891205793294678819E-16, 1.000000000000000000, 5.731934358295346469E-32 ) ) ;
#11 = CARTESIAN_POINT ( 'NONE',  ( -24.00000000000000000, -29.00000000000000000, 40.99999999999999289 ) ) ;
#12 = DIRECTION ( 'NONE',  ( -0.000000000000000000, -0.000000000000000000, 1.000000000000000000 ) ) ;
#13 = ORIENTED_EDGE ( 'NONE', *, *, #4195, .F. ) ;
#14 = CARTESIAN_POINT ( 'NONE',  ( 24.00000000000001421, -47.00000000000000000, 0.9999999999999885647 ) ) ;
#15 = ORIENTED_EDGE ( 'NONE', *, *, #2286, .T. ) ;
#16 = EDGE_LOOP ( 'NONE', ( #1483, #2393, #2307, #3727 ) ) ;
#17 = CARTESIAN_POINT ( 'NONE',  ( -44.58578643762690774, 9.585786437626904188, 30.00000000000000355 ) ) ;
#18 = EDGE_CURVE ( 'NONE', #3168, #4436, #185, .T. ) ;
#19 = LINE ( 'NONE', #41, #1142 ) ;
#20 = CARTESIAN_POINT ( 'NONE',  ( -35.00000000000000000, -26.99999999999999645, 31.00000000000000000 ) ) ;
#21 = VERTEX_POINT ( 'NONE', #3242 ) ;
#22 = ORIENTED_EDGE ( 'NONE', *, *, #3344, .T. ) ;
#23 = EDGE_CURVE ( 'NONE', #4333, #1131, #3261, .T. ) ;
#24 = DIRECTION ( 'NONE',  ( 3.469446951953615668E-16, -0.000000000000000000, 1.000000000000000000 ) ) ;
#25 = AXIS2_PLACEMENT_3D ( 'NONE', #3392, #1508, #372 ) ;
#26 = CARTESIAN_POINT ( 'NONE',  ( -23.00000000000000355, -1.000000000000000000, 29.99999999999999645 ) ) ;
#27 = DIRECTION ( 'NONE',  ( 1.000000000000000000, 0.000000000000000000, -1.982541115402065603E-16 ) ) ;
#28 = VERTEX_POINT ( 'NONE', #4771 ) ;
#29 = DIRECTION ( 'NONE',  ( 0.000000000000000000, 0.000000000000000000, -1.000000000000000000 ) ) ;
#30 = CARTESIAN_POINT ( 'NONE',  ( -25.00000000000001421, -1.000000000000000000, 0.9999999999999974465 ) ) ;
#31 = LINE ( 'NONE', #1172, #3781 ) ;
#32 = CIRCLE ( 'NONE', #3436, 1.000000000000000888 ) ;
#33 = VECTOR ( 'NONE', #241, 1000.000000000000000 ) ;
#34 = DIRECTION ( 'NONE',  ( -1.000000000000000000, -1.652117596168387756E-16, 0.000000000000000000 ) ) ;
#35 = ORIENTED_EDGE ( 'NONE', *, *, #3422, .F. ) ;
#36 = CARTESIAN_POINT ( 'NONE',  ( 24.00000000000000355, -44.50000000000000000, 29.99999999999998579 ) ) ;
#37 = VERTEX_POINT ( 'NONE', #1378 ) ;
#38 = CIRCLE ( 'NONE', #1297, 1.000000000000000000 ) ;
#39 = EDGE_LOOP ( 'NONE', ( #4697, #555, #3148, #1219 ) ) ;
#40 = DIRECTION ( 'NONE',  ( -0.000000000000000000, -1.000000000000000000, -0.000000000000000000 ) ) ;
#41 = CARTESIAN_POINT ( 'NONE',  ( -25.00000000000000000, -59.50000000000000000, 36.99999999999999289 ) ) ;
#42 =( BOUNDED_CURVE ( )  B_SPLINE_CURVE ( 3, ( #911, #1584, #3483, #178 ),
 .UNSPECIFIED., .F., .F. ) 
 B_SPLINE_CURVE_WITH_KNOTS ( ( 4, 4 ),
 ( 3.141592653589799333, 4.712388980384689674 ),
 .UNSPECIFIED. ) 
 CURVE ( )  GEOMETRIC_REPRESENTATION_ITEM ( )  RATIONAL_B_SPLINE_CURVE ( ( 1.000000000000000000, 0.8047378541243663808, 0.8047378541243663808, 1.000000000000000000 ) ) 
 REPRESENTATION_ITEM ( '' )  );
#43 = LINE ( 'NONE', #1073, #1655 ) ;
#44 = VERTEX_POINT ( 'NONE', #2894 ) ;
#45 = CIRCLE ( 'NONE', #3522, 1.000000000000000000 ) ;
#46 = EDGE_CURVE ( 'NONE', #1417, #1129, #1401, .T. ) ;
#47 = AXIS2_PLACEMENT_3D ( 'NONE', #500, #1990, #146 ) ;
#48 = ORIENTED_EDGE ( 'NONE', *, *, #3239, .T. ) ;
#49 = DIRECTION ( 'NONE',  ( -3.469446951953615668E-16, -0.000000000000000000, 1.000000000000000000 ) ) ;
#50 = LINE ( 'NONE', #448, #3195 ) ;
#51 = CARTESIAN_POINT ( 'NONE',  ( 0.000000000000000000, 10.00000000000000000, 19.99999999999999645 ) ) ;
#52 = CIRCLE ( 'NONE', #445, 1.999999999999998224 ) ;
#53 = CARTESIAN_POINT ( 'NONE',  ( 44.00000000000000711, 9.000000000000001776, 0.000000000000000000 ) ) ;
#54 = CYLINDRICAL_SURFACE ( 'NONE', #3526, 1.000000000000000888 ) ;
#55 = ORIENTED_EDGE ( 'NONE', *, *, #954, .F. ) ;
#56 = PERSON_AND_ORGANIZATION_ROLE ( 'classification_officer' ) ;
#57 = EDGE_CURVE ( 'NONE', #4631, #4469, #3777, .T. ) ;
#58 = DIRECTION ( 'NONE',  ( 0.000000000000000000, 0.000000000000000000, -1.000000000000000000 ) ) ;
#59 = CARTESIAN_POINT ( 'NONE',  ( -11.49999999999999289, 6.000000000000000000, 29.58578643762690064 ) ) ;
#60 = CIRCLE ( 'NONE', #2592, 2.000000000000001776 ) ;
#61 = VECTOR ( 'NONE', #4352, 1000.000000000000000 ) ;
#62 = CARTESIAN_POINT ( 'NONE',  ( -45.00000000000001421, -27.99999999999999289, 41.99999999999999289 ) ) ;
#63 = VERTEX_POINT ( 'NONE', #214 ) ;
#64 = ADVANCED_FACE ( 'NONE', ( #992 ), #4747, .T. ) ;
#65 = TOROIDAL_SURFACE ( 'NONE', #2831, 2.000000000000000000, 1.000000000000000000 ) ;
#66 = EDGE_CURVE ( 'NONE', #2073, #1156, #3944, .T. ) ;
#67 = VERTEX_POINT ( 'NONE', #698 ) ;
#68 = AXIS2_PLACEMENT_3D ( 'NONE', #2221, #2587, #3801 ) ;
#69 = ORIENTED_EDGE ( 'NONE', *, *, #2990, .T. ) ;
#70 = LINE ( 'NONE', #3073, #1367 ) ;
#71 = CYLINDRICAL_SURFACE ( 'NONE', #4571, 2.774999999999999467 ) ;
#72 = ORIENTED_EDGE ( 'NONE', *, *, #4544, .T. ) ;
#73 = VERTEX_POINT ( 'NONE', #774 ) ;
#74 =( BOUNDED_CURVE ( )  B_SPLINE_CURVE ( 3, ( #4488, #1916, #4129, #1817 ),
 .UNSPECIFIED., .F., .T. ) 
 B_SPLINE_CURVE_WITH_KNOTS ( ( 4, 4 ),
 ( 4.712388980384689674, 6.283185307179586232 ),
 .UNSPECIFIED. ) 
 CURVE ( )  GEOMETRIC_REPRESENTATION_ITEM ( )  RATIONAL_B_SPLINE_CURVE ( ( 1.000000000000000000, 0.8047378541243649375, 0.8047378541243649375, 1.000000000000000000 ) ) 
 REPRESENTATION_ITEM ( '' )  );
#75 = CARTESIAN_POINT ( 'NONE',  ( 23.99999999999997868, -51.50000000000000000, 97.99999999999997158 ) ) ;
#76 = FACE_OUTER_BOUND ( 'NONE', #1267, .T. ) ;
#77 = CARTESIAN_POINT ( 'NONE',  ( -24.00000000000001421, -48.00000000000000000, 0.9999999999999981126 ) ) ;
#78 = VECTOR ( 'NONE', #3297, 1000.000000000000000 ) ;
#79 = CARTESIAN_POINT ( 'NONE',  ( 26.99999999999997868, -58.50000000000000000, 98.99999999999998579 ) ) ;
#80 = FACE_BOUND ( 'NONE', #1657, .T. ) ;
#81 = ADVANCED_FACE ( 'NONE', ( #3809 ), #4893, .T. ) ;
#82 = ORIENTED_EDGE ( 'NONE', *, *, #1803, .T. ) ;
#83 = CALENDAR_DATE ( 2026, 26, 6 ) ;
#84 = ADVANCED_FACE ( 'NONE', ( #748 ), #4579, .T. ) ;
#85 = DIRECTION ( 'NONE',  ( 0.000000000000000000, 0.000000000000000000, -1.000000000000000000 ) ) ;
#86 = CYLINDRICAL_SURFACE ( 'NONE', #1649, 1.000000000000000888 ) ;
#87 = DIRECTION ( 'NONE',  ( 0.000000000000000000, 0.9805806756909207778, 0.1961161351381813800 ) ) ;
#88 = LINE ( 'NONE', #1599, #3638 ) ;
#89 = VERTEX_POINT ( 'NONE', #3730 ) ;
#90 = ORIENTED_EDGE ( 'NONE', *, *, #152, .T. ) ;
#91 = EDGE_CURVE ( 'NONE', #1723, #1299, #280, .T. ) ;
#92 = ORIENTED_EDGE ( 'NONE', *, *, #4643, .F. ) ;
#93 = CARTESIAN_POINT ( 'NONE',  ( -44.00000000000000711, -47.00000000000000000, 30.00000000000000355 ) ) ;
#94 = EDGE_CURVE ( 'NONE', #1683, #3606, #2244, .T. ) ;
#95 = CARTESIAN_POINT ( 'NONE',  ( -44.58578643762690774, -33.58578643762691485, 30.00000000000000711 ) ) ;
#96 = ORIENTED_EDGE ( 'NONE', *, *, #4621, .F. ) ;
#97 = EDGE_CURVE ( 'NONE', #4600, #3279, #1459, .T. ) ;
#98 = ORIENTED_EDGE ( 'NONE', *, *, #4368, .F. ) ;
#99 = CARTESIAN_POINT ( 'NONE',  ( 26.99999999999997868, -51.31980390271855441, 102.0000000000000000 ) ) ;
#100 = DIRECTION ( 'NONE',  ( -1.000000000000000000, 0.000000000000000000, 1.982541115402065603E-16 ) ) ;
#101 = CARTESIAN_POINT ( 'NONE',  ( 24.00000000000000000, -29.00000000000000000, 40.99999999999999289 ) ) ;
#102 = DIRECTION ( 'NONE',  ( 1.982541115402065603E-16, -0.000000000000000000, 1.000000000000000000 ) ) ;
#103 = DIRECTION ( 'NONE',  ( 0.000000000000000000, 1.000000000000000000, 0.000000000000000000 ) ) ;
#104 =( BOUNDED_CURVE ( )  B_SPLINE_CURVE ( 3, ( #1386, #1740, #3911, #881 ),
 .UNSPECIFIED., .F., .F. ) 
 B_SPLINE_CURVE_WITH_KNOTS ( ( 4, 4 ),
 ( 0.000000000000000000, 1.570796326794896336 ),
 .UNSPECIFIED. ) 
 CURVE ( )  GEOMETRIC_REPRESENTATION_ITEM ( )  RATIONAL_B_SPLINE_CURVE ( ( 1.000000000000000000, 0.8047378541243650485, 0.8047378541243650485, 1.000000000000000000 ) ) 
 REPRESENTATION_ITEM ( '' )  );
#105 = VERTEX_POINT ( 'NONE', #3026 ) ;
#106 = DIRECTION ( 'NONE',  ( -3.469446951953615668E-16, 0.000000000000000000, -1.000000000000000000 ) ) ;
#107 = CARTESIAN_POINT ( 'NONE',  ( -24.41421356237309581, -27.99999999999999289, 41.99999999999999289 ) ) ;
#108 = CARTESIAN_POINT ( 'NONE',  ( 1.518562030942718677E-14, 6.000000000000002665, 4.000000000000003553 ) ) ;
#109 = CYLINDRICAL_SURFACE ( 'NONE', #2622, 1.000000000000000888 ) ;
#110 = ORIENTED_EDGE ( 'NONE', *, *, #2501, .T. ) ;
#111 = EDGE_CURVE ( 'NONE', #2225, #63, #38, .T. ) ;
#112 = AXIS2_PLACEMENT_3D ( 'NONE', #2506, #2932, #248 ) ;
#113 = VERTEX_POINT ( 'NONE', #2675 ) ;
#114 = CONICAL_SURFACE ( 'NONE', #965, 3.774999999999959055, 0.7853981633974415066 ) ;
#115 = ORIENTED_EDGE ( 'NONE', *, *, #4237, .T. ) ;
#116 = EDGE_CURVE ( 'NONE', #1122, #3733, #2975, .T. ) ;
#117 = ORIENTED_EDGE ( 'NONE', *, *, #3749, .T. ) ;
#118 = AXIS2_PLACEMENT_3D ( 'NONE', #1331, #2467, #3964 ) ;
#119 = CARTESIAN_POINT ( 'NONE',  ( -23.99999999999997513, -50.97217321915751853, 99.39276987329498070 ) ) ;
#120 = ORIENTED_EDGE ( 'NONE', *, *, #18, .T. ) ;
#121 = ORIENTED_EDGE ( 'NONE', *, *, #1699, .T. ) ;
#122 = CARTESIAN_POINT ( 'NONE',  ( 23.99999999999997868, -58.50000000000000000, 98.99999999999998579 ) ) ;
#123 = CARTESIAN_POINT ( 'NONE',  ( -59.00000000000000711, -32.00000000000000000, 29.00000000000000000 ) ) ;
#124 = CYLINDRICAL_SURFACE ( 'NONE', #3676, 1.600000000000002531 ) ;
#125 = CARTESIAN_POINT ( 'NONE',  ( 45.00000000000000711, 0.000000000000000000, 0.9999999999999854561 ) ) ;
#126 = ORIENTED_EDGE ( 'NONE', *, *, #464, .T. ) ;
#127 = CARTESIAN_POINT ( 'NONE',  ( 12.50000000000000355, 10.00000000000001421, 29.99999999999998934 ) ) ;
#128 = CARTESIAN_POINT ( 'NONE',  ( -35.00000000000000000, 10.00000000000000178, 12.22499999999998543 ) ) ;
#129 = EDGE_CURVE ( 'NONE', #4600, #3141, #4229, .T. ) ;
#130 = CARTESIAN_POINT ( 'NONE',  ( -34.00000000000000000, -28.99999999999999645, -4.625929269271543106E-16 ) ) ;
#131 = VECTOR ( 'NONE', #2377, 1000.000000000000000 ) ;
#132 = DIRECTION ( 'NONE',  ( 0.000000000000000000, 1.000000000000000000, 0.000000000000000000 ) ) ;
#133 = VERTEX_POINT ( 'NONE', #341 ) ;
#134 = CARTESIAN_POINT ( 'NONE',  ( 24.68626814848721551, -50.29032701617114753, 100.9516350808593614 ) ) ;
#135 = ORIENTED_EDGE ( 'NONE', *, *, #633, .T. ) ;
#136 = AXIS2_PLACEMENT_3D ( 'NONE', #3738, #351, #2635 ) ;
#137 = AXIS2_PLACEMENT_3D ( 'NONE', #1009, #3326, #4884 ) ;
#138 = VERTEX_POINT ( 'NONE', #1853 ) ;
#139 = VECTOR ( 'NONE', #1341, 1000.000000000000000 ) ;
#140 = ORIENTED_EDGE ( 'NONE', *, *, #2226, .F. ) ;
#141 = ORIENTED_EDGE ( 'NONE', *, *, #771, .T. ) ;
#142 = VERTEX_POINT ( 'NONE', #2261 ) ;
#143 = APPROVAL_PERSON_ORGANIZATION ( #3132, #224, #431 ) ;
#144 = DIRECTION ( 'NONE',  ( -1.836970198721029934E-16, 0.000000000000000000, -1.000000000000000000 ) ) ;
#145 = DIRECTION ( 'NONE',  ( 0.000000000000000000, -1.000000000000000000, 0.000000000000000000 ) ) ;
#146 = DIRECTION ( 'NONE',  ( -1.000000000000000000, 0.000000000000000000, 0.000000000000000000 ) ) ;
#147 = CARTESIAN_POINT ( 'NONE',  ( 25.00000000000000355, -27.00000000000000000, 29.99999999999998934 ) ) ;
#148 = ORIENTED_EDGE ( 'NONE', *, *, #513, .F. ) ;
#149 = EDGE_CURVE ( 'NONE', #4533, #4097, #4464, .T. ) ;
#150 = PERSON_AND_ORGANIZATION ( #1722, #2353 ) ;
#151 = FACE_OUTER_BOUND ( 'NONE', #2097, .T. ) ;
#152 = EDGE_CURVE ( 'NONE', #3678, #4705, #2569, .T. ) ;
#153 = CARTESIAN_POINT ( 'NONE',  ( 44.00000000000000711, 9.000000000000001776, 0.9999999999999854561 ) ) ;
#154 = CARTESIAN_POINT ( 'NONE',  ( -24.00000000000001421, -48.00000000000000000, 0.9999999999999974465 ) ) ;
#155 = AXIS2_PLACEMENT_3D ( 'NONE', #546, #1622, #4244 ) ;
#156 = CARTESIAN_POINT ( 'NONE',  ( -45.00000000000001421, -43.50000000000000000, 46.99999999999999289 ) ) ;
#157 = ORIENTED_EDGE ( 'NONE', *, *, #366, .T. ) ;
#158 = DIRECTION ( 'NONE',  ( 0.000000000000000000, -1.000000000000000000, 0.000000000000000000 ) ) ;
#159 = EDGE_LOOP ( 'NONE', ( #1022, #35, #742, #3480 ) ) ;
#160 = VERTEX_POINT ( 'NONE', #3785 ) ;
#161 = EDGE_CURVE ( 'NONE', #3215, #44, #2743, .T. ) ;
#162 = ORIENTED_EDGE ( 'NONE', *, *, #731, .F. ) ;
#163 = ORIENTED_EDGE ( 'NONE', *, *, #1995, .F. ) ;
#164 = DIRECTION ( 'NONE',  ( 1.000000000000000000, -0.000000000000000000, -0.000000000000000000 ) ) ;
#165 = EDGE_LOOP ( 'NONE', ( #3828, #2473, #2893, #446 ) ) ;
#166 = CARTESIAN_POINT ( 'NONE',  ( -45.00000000000000711, -34.00000000000000000, 29.00000000000000000 ) ) ;
#167 =( BOUNDED_SURFACE ( )  B_SPLINE_SURFACE ( 3, 2, ( 
 ( #4008, #616, #3645 ),
 ( #2534, #253, #2938 ),
 ( #1768, #3274, #4413 ),
 ( #279, #637, #4432 ),
 ( #2559, #3719, #2200 ),
 ( #1055, #2589, #4080 ),
 ( #688, #632, #1787 ),
 ( #952, #4355, #4754 ),
 ( #1309, #193, #4404 ),
 ( #2061, #2146, #4802 ) ),
 .UNSPECIFIED., .F., .F., .F. ) 
 B_SPLINE_SURFACE_WITH_KNOTS ( ( 4, 2, 2, 2, 4 ),
 ( 3, 3 ),
 ( 4.712388980384689674, 5.105088062083414258, 5.497787143782137953, 5.890486225480861648, 6.283185307179586232 ),
 ( 0.000000000000000000, 1.000000000000000000 ),
 .UNSPECIFIED. ) 
 GEOMETRIC_REPRESENTATION_ITEM ( )  RATIONAL_B_SPLINE_SURFACE ( (
 ( 1.000000000000000000, 0.7071067811865475727, 1.000000000000000000),
 ( 1.000000000000000000, 0.7161872690914036221, 1.000000000000000000),
 ( 1.000000000000000000, 0.7250737189230402890, 1.000000000000000000),
 ( 1.000000000000000000, 0.7412484801429417569, 1.000000000000000000),
 ( 1.000000000000000000, 0.7485301844649482339, 1.000000000000000000),
 ( 1.000000000000000000, 0.7605589772854789432, 1.000000000000000000),
 ( 1.000000000000000000, 0.7653051798860576183, 1.000000000000000000),
 ( 1.000000000000000000, 0.7716968911921758822, 1.000000000000000000),
 ( 1.000000000000000000, 0.7733480583529390717, 1.000000000000000000),
 ( 1.000000000000000000, 0.7733421413379035769, 1.000000000000000000) ) ) 
 REPRESENTATION_ITEM ( '' )  SURFACE ( )  );
#168 = ADVANCED_FACE ( 'NONE', ( #2627 ), #393, .T. ) ;
#169 = ORIENTED_EDGE ( 'NONE', *, *, #2990, .F. ) ;
#170 = CARTESIAN_POINT ( 'NONE',  ( 23.99999999999997868, -51.50000000000000000, 97.99999999999997158 ) ) ;
#171 = EDGE_CURVE ( 'NONE', #493, #4820, #745, .T. ) ;
#172 = LINE ( 'NONE', #195, #296 ) ;
#173 = DIRECTION ( 'NONE',  ( 0.000000000000000000, 1.000000000000000000, 0.000000000000000000 ) ) ;
#174 = DIRECTION ( 'NONE',  ( 0.000000000000000000, -0.000000000000000000, -1.000000000000000000 ) ) ;
#175 = ORIENTED_EDGE ( 'NONE', *, *, #3713, .T. ) ;
#176 = CARTESIAN_POINT ( 'NONE',  ( -23.00000000000001421, -1.000000000000000000, 0.9999999999999978906 ) ) ;
#177 = CARTESIAN_POINT ( 'NONE',  ( -26.99999999999997868, -58.50000000000000000, 102.0000000000000000 ) ) ;
#178 = CARTESIAN_POINT ( 'NONE',  ( -34.99999999999998579, -47.00000000000000000, 37.99999999999999289 ) ) ;
#179 = CIRCLE ( 'NONE', #2803, 1.000000000000000888 ) ;
#180 = VERTEX_POINT ( 'NONE', #2600 ) ;
#181 = ORIENTED_EDGE ( 'NONE', *, *, #425, .F. ) ;
#182 = DIRECTION ( 'NONE',  ( -1.836970198721029688E-16, 0.000000000000000000, -1.000000000000000000 ) ) ;
#183 = EDGE_CURVE ( 'NONE', #2523, #762, #45, .T. ) ;
#184 = ORIENTED_EDGE ( 'NONE', *, *, #3984, .T. ) ;
#185 = LINE ( 'NONE', #2846, #2413 ) ;
#186 = LINE ( 'NONE', #3925, #1210 ) ;
#187 = EDGE_LOOP ( 'NONE', ( #2955, #3648, #1472, #1633 ) ) ;
#188 = DIRECTION ( 'NONE',  ( -1.000000000000000000, 0.000000000000000000, 1.982541115402065603E-16 ) ) ;
#189 = EDGE_CURVE ( 'NONE', #28, #2572, #3759, .T. ) ;
#190 = CARTESIAN_POINT ( 'NONE',  ( 34.00000000000000000, -43.50000000000000000, 41.99999999999999289 ) ) ;
#192 = ORIENTED_EDGE ( 'NONE', *, *, #2553, .T. ) ;
#191 = AXIS2_PLACEMENT_3D ( 'NONE', #2650, #40, #3047 ) ;
#193 = CARTESIAN_POINT ( 'NONE',  ( 32.37126817027611025, -50.49999999999818101, 101.9999999999945430 ) ) ;
#194 = EDGE_CURVE ( 'NONE', #3408, #2928, #1302, .T. ) ;
#195 = CARTESIAN_POINT ( 'NONE',  ( 25.00000000000000000, -28.00000000000000000, 36.99999999999999289 ) ) ;
#196 = CARTESIAN_POINT ( 'NONE',  ( -25.00000000000000355, -27.00000000000000000, 30.99999999999999645 ) ) ;
#197 =( BOUNDED_CURVE ( )  B_SPLINE_CURVE ( 3, ( #2302, #59, #3063, #3451 ),
 .UNSPECIFIED., .F., .F. ) 
 B_SPLINE_CURVE_WITH_KNOTS ( ( 4, 4 ),
 ( 3.141592653589793116, 4.712388980384689674 ),
 .UNSPECIFIED. ) 
 CURVE ( )  GEOMETRIC_REPRESENTATION_ITEM ( )  RATIONAL_B_SPLINE_CURVE ( ( 1.000000000000000000, 0.8047378541243649375, 0.8047378541243649375, 1.000000000000000000 ) ) 
 REPRESENTATION_ITEM ( '' )  );
#198 = CARTESIAN_POINT ( 'NONE',  ( -35.00000000000000000, 10.00000000000000178, 14.99999999999998579 ) ) ;
#199 = ADVANCED_FACE ( 'NONE', ( #2308 ), #3399, .T. ) ;
#200 = DIRECTION ( 'NONE',  ( 0.000000000000000000, 0.000000000000000000, 1.000000000000000000 ) ) ;
#201 = AXIS2_PLACEMENT_3D ( 'NONE', #4880, #404, #8 ) ;
#202 = LINE ( 'NONE', #1693, #2823 ) ;
#203 = LINE ( 'NONE', #593, #2880 ) ;
#204 = DIRECTION ( 'NONE',  ( 4.625929269271485914E-16, -0.000000000000000000, 1.000000000000000000 ) ) ;
#205 = CIRCLE ( 'NONE', #829, 1.000000000000000888 ) ;
#206 = EDGE_CURVE ( 'NONE', #4705, #443, #2961, .T. ) ;
#207 = ORIENTED_EDGE ( 'NONE', *, *, #3966, .T. ) ;
#208 = EDGE_CURVE ( 'NONE', #3681, #4369, #4639, .T. ) ;
#209 = AXIS2_PLACEMENT_3D ( 'NONE', #1686, #523, #4356 ) ;
#210 = EDGE_LOOP ( 'NONE', ( #1933, #1352, #864, #3050 ) ) ;
#211 = CARTESIAN_POINT ( 'NONE',  ( -45.00000000000001421, -43.50000000000000000, 46.99999999999999289 ) ) ;
#212 = AXIS2_PLACEMENT_3D ( 'NONE', #2981, #4480, #2607 ) ;
#213 = ORIENTED_EDGE ( 'NONE', *, *, #3835, .T. ) ;
#214 = CARTESIAN_POINT ( 'NONE',  ( -44.00000000000000711, -30.00000000000001066, 1.653273178848926867E-15 ) ) ;
#215 = FACE_OUTER_BOUND ( 'NONE', #4301, .T. ) ;
#216 = VERTEX_POINT ( 'NONE', #4856 ) ;
#217 = CARTESIAN_POINT ( 'NONE',  ( -32.78524366810720636, -51.30939297255606135, 101.9219180237795541 ) ) ;
#218 = CARTESIAN_POINT ( 'NONE',  ( -33.99999999999997868, -27.99999999999999645, 41.99999999999999289 ) ) ;
#219 = EDGE_LOOP ( 'NONE', ( #2339, #1168 ) ) ;
#220 = AXIS2_PLACEMENT_3D ( 'NONE', #2685, #1890, #2347 ) ;
#221 = DIRECTION ( 'NONE',  ( 0.000000000000000000, 0.000000000000000000, 1.000000000000000000 ) ) ;
#222 = CARTESIAN_POINT ( 'NONE',  ( -25.00000000000000355, -28.00000000000000000, 30.99999999999999645 ) ) ;
#223 = CARTESIAN_POINT ( 'NONE',  ( 35.00000000000000000, -50.91421356237309226, 97.41421356237307805 ) ) ;
#224 = APPROVAL ( #2805, 'UNSPECIFIED' ) ;
#225 = ADVANCED_FACE ( 'NONE', ( #380 ), #2247, .F. ) ;
#226 = CARTESIAN_POINT ( 'NONE',  ( -60.00000000000000711, -34.00000000000000000, 29.58578643762690419 ) ) ;
#227 = ADVANCED_FACE ( 'NONE', ( #1495 ), #4453, .T. ) ;
#228 = CARTESIAN_POINT ( 'NONE',  ( 44.00000000000000711, -48.00000000000000000, -1.885121410699914526E-14 ) ) ;
#229 = EDGE_CURVE ( 'NONE', #3433, #4533, #979, .T. ) ;
#230 = CARTESIAN_POINT ( 'NONE',  ( -35.99999999999999289, -28.99999999999999645, 31.00000000000000000 ) ) ;
#231 = CARTESIAN_POINT ( 'NONE',  ( 34.00000000000000000, -59.50000000000000000, 36.99999999999999289 ) ) ;
#232 = ORIENTED_EDGE ( 'NONE', *, *, #4783, .F. ) ;
#233 = AXIS2_PLACEMENT_3D ( 'NONE', #508, #3498, #2435 ) ;
#234 = ORIENTED_EDGE ( 'NONE', *, *, #1843, .T. ) ;
#235 = EDGE_CURVE ( 'NONE', #4698, #1882, #307, .T. ) ;
#236 = EDGE_CURVE ( 'NONE', #3044, #574, #4461, .T. ) ;
#237 = CARTESIAN_POINT ( 'NONE',  ( -31.99999999999995381, -51.31980390271855441, 100.9999999999999858 ) ) ;
#238 = AXIS2_PLACEMENT_3D ( 'NONE', #1316, #2834, #3981 ) ;
#239 = ORIENTED_EDGE ( 'NONE', *, *, #1748, .T. ) ;
#240 = CARTESIAN_POINT ( 'NONE',  ( -24.99999999999999645, -50.49999999999999289, 46.99999999999999289 ) ) ;
#241 = DIRECTION ( 'NONE',  ( 1.000000000000000000, 0.000000000000000000, -1.982541115402065603E-16 ) ) ;
#242 = AXIS2_PLACEMENT_3D ( 'NONE', #3079, #4585, #3102 ) ;
#243 = EDGE_LOOP ( 'NONE', ( #2032, #3765, #3758, #2521 ) ) ;
#244 = CARTESIAN_POINT ( 'NONE',  ( 34.00000000000000000, -50.49999999999999289, 96.99999999999997158 ) ) ;
#245 = EDGE_CURVE ( 'NONE', #3856, #1656, #74, .T. ) ;
#246 = CARTESIAN_POINT ( 'NONE',  ( -24.00000000000000711, -58.50000000000000000, 100.9999999999999858 ) ) ;
#247 = EDGE_LOOP ( 'NONE', ( #4557, #181, #140, #1811 ) ) ;
#248 = DIRECTION ( 'NONE',  ( 0.000000000000000000, -0.000000000000000000, -1.000000000000000000 ) ) ;
#249 = CYLINDRICAL_SURFACE ( 'NONE', #1878, 1.000000000000000888 ) ;
#250 = CYLINDRICAL_SURFACE ( 'NONE', #2109, 1.000000000000000888 ) ;
#251 = DIRECTION ( 'NONE',  ( 0.000000000000000000, 0.000000000000000000, -1.000000000000000000 ) ) ;
#252 = CARTESIAN_POINT ( 'NONE',  ( 8.000000000000007105, 10.00000000000000000, 13.59999999999999964 ) ) ;
#253 = CARTESIAN_POINT ( 'NONE',  ( 34.97464305078828772, -50.01580597545823537, 99.57902987728203925 ) ) ;
#254 = DIRECTION ( 'NONE',  ( -0.000000000000000000, 1.000000000000000000, 0.000000000000000000 ) ) ;
#255 = ADVANCED_FACE ( 'NONE', ( #4515 ), #2667, .F. ) ;
#256 =( BOUNDED_CURVE ( )  B_SPLINE_CURVE ( 3, ( #427, #3541, #4205, #807 ),
 .UNSPECIFIED., .F., .T. ) 
 B_SPLINE_CURVE_WITH_KNOTS ( ( 4, 4 ),
 ( 1.570796326794896336, 3.141592653589792672 ),
 .UNSPECIFIED. ) 
 CURVE ( )  GEOMETRIC_REPRESENTATION_ITEM ( )  RATIONAL_B_SPLINE_CURVE ( ( 1.000000000000000000, 0.8047378541243650485, 0.8047378541243650485, 1.000000000000000000 ) ) 
 REPRESENTATION_ITEM ( '' )  );
#257 = ORIENTED_EDGE ( 'NONE', *, *, #1607, .T. ) ;
#258 = CARTESIAN_POINT ( 'NONE',  ( -26.25616477468031107, -50.48602097295557201, 101.9301048647859744 ) ) ;
#259 = EDGE_LOOP ( 'NONE', ( #2410, #4329, #3329, #4350 ) ) ;
#260 = CARTESIAN_POINT ( 'NONE',  ( -31.99999999999995381, -51.31980390271855441, 102.0000000000000000 ) ) ;
#261 = ORIENTED_EDGE ( 'NONE', *, *, #3239, .F. ) ;
#262 = DIRECTION ( 'NONE',  ( 1.000000000000000000, 0.000000000000000000, 0.000000000000000000 ) ) ;
#263 = ADVANCED_FACE ( 'NONE', ( #3058 ), #1839, .T. ) ;
#264 = CARTESIAN_POINT ( 'NONE',  ( -34.99999999999998579, -44.50000000000000000, 45.99999999999999289 ) ) ;
#265 = EDGE_LOOP ( 'NONE', ( #413, #2001 ) ) ;
#266 = FACE_OUTER_BOUND ( 'NONE', #4865, .T. ) ;
#267 = CARTESIAN_POINT ( 'NONE',  ( 0.000000000000000000, 0.000000000000000000, 11.99999999999998934 ) ) ;
#268 = AXIS2_PLACEMENT_3D ( 'NONE', #4499, #719, #1067 ) ;
#269 = DIRECTION ( 'NONE',  ( -1.000000000000000000, -1.885568995626964287E-16, 0.000000000000000000 ) ) ;
#270 = EDGE_LOOP ( 'NONE', ( #3710, #3846, #2811, #3904 ) ) ;
#271 = ADVANCED_FACE ( 'NONE', ( #4076 ), #2420, .T. ) ;
#272 = CARTESIAN_POINT ( 'NONE',  ( -35.00000000000000711, -29.53827298338329399, -7.907654596676636949 ) ) ;
#273 = EDGE_CURVE ( 'NONE', #1324, #1952, #761, .T. ) ;
#274 = LINE ( 'NONE', #1024, #1162 ) ;
#275 = DIRECTION ( 'NONE',  ( 0.000000000000000000, 0.000000000000000000, -1.000000000000000000 ) ) ;
#276 = VECTOR ( 'NONE', #660, 1000.000000000000000 ) ;
#277 = CARTESIAN_POINT ( 'NONE',  ( 1.518562030942718677E-14, 10.00000000000000000, 4.000000000000003553 ) ) ;
#278 = CARTESIAN_POINT ( 'NONE',  ( 34.00000000000000000, -27.99999999999999645, 29.99999999999998579 ) ) ;
#279 = CARTESIAN_POINT ( 'NONE',  ( 33.74757278074517330, -50.14067081722691910, 100.2033540861346097 ) ) ;
#280 = CIRCLE ( 'NONE', #3209, 1.000000000000002220 ) ;
#281 = CARTESIAN_POINT ( 'NONE',  ( -24.99999999999998224, -47.49999999999999289, 97.99999999999997158 ) ) ;
#282 = LINE ( 'NONE', #3748, #2516 ) ;
#283 = EDGE_CURVE ( 'NONE', #2538, #4236, #4830, .T. ) ;
#284 = VECTOR ( 'NONE', #27, 1000.000000000000000 ) ;
#285 = EDGE_LOOP ( 'NONE', ( #2071, #3369 ) ) ;
#286 = CARTESIAN_POINT ( 'NONE',  ( 26.47650422126177716, -50.32881229686478974, 101.1440614843239700 ) ) ;
#287 = VERTEX_POINT ( 'NONE', #1893 ) ;
#288 = AXIS2_PLACEMENT_3D ( 'NONE', #1542, #103, #2349 ) ;
#289 = DIRECTION ( 'NONE',  ( -4.625929269271485914E-16, 1.459037836656997164E-31, -1.000000000000000000 ) ) ;
#290 = ORIENTED_EDGE ( 'NONE', *, *, #2386, .F. ) ;
#292 = ORIENTED_EDGE ( 'NONE', *, *, #667, .T. ) ;
#291 = VECTOR ( 'NONE', #4081, 1000.000000000000000 ) ;
#293 = CARTESIAN_POINT ( 'NONE',  ( -34.99999999999995737, 10.00000000000000000, 98.99999999999998579 ) ) ;
#294 = ORIENTED_EDGE ( 'NONE', *, *, #2876, .F. ) ;
#295 = CARTESIAN_POINT ( 'NONE',  ( -33.99999999999998579, -26.99999999999999645, 31.00000000000000000 ) ) ;
#296 = VECTOR ( 'NONE', #3614, 1000.000000000000000 ) ;
#297 = VECTOR ( 'NONE', #4492, 1000.000000000000000 ) ;
#298 = LINE ( 'NONE', #2877, #3776 ) ;
#299 = ORIENTED_EDGE ( 'NONE', *, *, #3750, .F. ) ;
#300 = DIRECTION ( 'NONE',  ( -0.000000000000000000, 1.000000000000000000, -0.000000000000000000 ) ) ;
#301 = AXIS2_PLACEMENT_3D ( 'NONE', #3365, #2218, #1815 ) ;
#302 = DIRECTION ( 'NONE',  ( 0.000000000000000000, 0.000000000000000000, 1.000000000000000000 ) ) ;
#303 = CARTESIAN_POINT ( 'NONE',  ( -31.99999999999995381, -58.49999999999999289, 98.99999999999998579 ) ) ;
#304 = AXIS2_PLACEMENT_3D ( 'NONE', #3017, #1463, #358 ) ;
#305 = EDGE_CURVE ( 'NONE', #1826, #4245, #1060, .T. ) ;
#306 = DIRECTION ( 'NONE',  ( 0.000000000000000000, 0.1961161351381834894, -0.9805806756909202226 ) ) ;
#307 = LINE ( 'NONE', #4538, #1305 ) ;
#308 = DIRECTION ( 'NONE',  ( 0.000000000000000000, 0.000000000000000000, -1.000000000000000000 ) ) ;
#309 = EDGE_CURVE ( 'NONE', #3077, #133, #2775, .T. ) ;
#310 = CYLINDRICAL_SURFACE ( 'NONE', #1130, 1.600000000000002531 ) ;
#311 = DIRECTION ( 'NONE',  ( 0.000000000000000000, 0.000000000000000000, -1.000000000000000000 ) ) ;
#312 = FACE_OUTER_BOUND ( 'NONE', #3021, .T. ) ;
#313 = EDGE_CURVE ( 'NONE', #1579, #2551, #3601, .T. ) ;
#314 = ORIENTED_EDGE ( 'NONE', *, *, #4383, .F. ) ;
#315 = CARTESIAN_POINT ( 'NONE',  ( -26.99999999999998224, -51.31980390271855441, 102.0000000000000000 ) ) ;
#316 = ORIENTED_EDGE ( 'NONE', *, *, #2110, .T. ) ;
#317 = PLANE ( 'NONE',  #4219 ) ;
#318 = ORIENTED_EDGE ( 'NONE', *, *, #3655, .T. ) ;
#319 = CARTESIAN_POINT ( 'NONE',  ( -25.00000000000001421, -47.00000000000000000, 0.9999999999999983347 ) ) ;
#320 = CIRCLE ( 'NONE', #233, 3.000000000000002665 ) ;
#321 = CARTESIAN_POINT ( 'NONE',  ( 35.00000000000000000, -48.00000000000000000, 14.99999999999998579 ) ) ;
#322 = ORIENTED_EDGE ( 'NONE', *, *, #1607, .F. ) ;
#323 = DIRECTION ( 'NONE',  ( 1.000000000000000000, 0.000000000000000000, 0.000000000000000000 ) ) ;
#324 = LINE ( 'NONE', #1021, #3462 ) ;
#325 = ORIENTED_EDGE ( 'NONE', *, *, #4590, .F. ) ;
#326 = CARTESIAN_POINT ( 'NONE',  ( -24.00000000000000355, -27.99999999999999645, 28.99999999999999289 ) ) ;
#327 = DIRECTION ( 'NONE',  ( -1.836970198721029688E-16, 0.000000000000000000, -1.000000000000000000 ) ) ;
#328 = DIRECTION ( 'NONE',  ( 0.000000000000000000, 0.000000000000000000, -1.000000000000000000 ) ) ;
#329 = FACE_BOUND ( 'NONE', #2270, .T. ) ;
#330 = DIRECTION ( 'NONE',  ( -0.000000000000000000, -1.000000000000000000, -0.000000000000000000 ) ) ;
#331 = DIRECTION ( 'NONE',  ( -0.000000000000000000, -1.000000000000000000, 0.000000000000000000 ) ) ;
#332 = CARTESIAN_POINT ( 'NONE',  ( 25.00000000000000355, -1.000000000000000888, 28.99999999999998934 ) ) ;
#333 = CARTESIAN_POINT ( 'NONE',  ( 0.000000000000000000, 6.000000000000001776, 11.99999999999998934 ) ) ;
#334 =( BOUNDED_CURVE ( )  B_SPLINE_CURVE ( 3, ( #2042, #2102, #223, #2856 ),
 .UNSPECIFIED., .F., .T. ) 
 B_SPLINE_CURVE_WITH_KNOTS ( ( 4, 4 ),
 ( 0.000000000000000000, 1.570796326794896558 ),
 .UNSPECIFIED. ) 
 CURVE ( )  GEOMETRIC_REPRESENTATION_ITEM ( )  RATIONAL_B_SPLINE_CURVE ( ( 1.000000000000000000, 0.8047378541243649375, 0.8047378541243649375, 1.000000000000000000 ) ) 
 REPRESENTATION_ITEM ( '' )  );
#335 = FACE_OUTER_BOUND ( 'NONE', #4657, .T. ) ;
#336 = ORIENTED_EDGE ( 'NONE', *, *, #2580, .F. ) ;
#337 = CARTESIAN_POINT ( 'NONE',  ( 26.62873182972432318, -50.49999999999818812, 101.9999999999945288 ) ) ;
#338 = ORIENTED_EDGE ( 'NONE', *, *, #4269, .T. ) ;
#339 = DIRECTION ( 'NONE',  ( -1.000000000000000000, 0.000000000000000000, 0.000000000000000000 ) ) ;
#340 = ORIENTED_EDGE ( 'NONE', *, *, #847, .T. ) ;
#341 = CARTESIAN_POINT ( 'NONE',  ( -33.99999999999997868, -59.50000000000000000, 36.99999999999999289 ) ) ;
#342 = FACE_OUTER_BOUND ( 'NONE', #165, .T. ) ;
#343 = CYLINDRICAL_SURFACE ( 'NONE', #2919, 1.000000000000000888 ) ;
#344 = ORIENTED_EDGE ( 'NONE', *, *, #3595, .F. ) ;
#345 = CARTESIAN_POINT ( 'NONE',  ( -46.00000000000000711, -30.00000000000001066, 1.000000000000004441 ) ) ;
#346 = VECTOR ( 'NONE', #3124, 1000.000000000000000 ) ;
#347 = ADVANCED_FACE ( 'NONE', ( #784 ), #4588, .F. ) ;
#348 = VERTEX_POINT ( 'NONE', #147 ) ;
#349 = AXIS2_PLACEMENT_3D ( 'NONE', #4322, #182, #4792 ) ;
#350 = FACE_OUTER_BOUND ( 'NONE', #2718, .T. ) ;
#351 = DIRECTION ( 'NONE',  ( -0.000000000000000000, 1.000000000000000000, -0.000000000000000000 ) ) ;
#352 = CARTESIAN_POINT ( 'NONE',  ( 25.00000000000000000, -48.00000000000000000, 36.99999999999999289 ) ) ;
#353 = CIRCLE ( 'NONE', #2563, 1.000000000000000000 ) ;
#354 = CARTESIAN_POINT ( 'NONE',  ( 0.000000000000000000, 0.000000000000000000, 11.99999999999998934 ) ) ;
#355 = DIRECTION ( 'NONE',  ( 0.000000000000000000, -1.000000000000000000, 0.000000000000000000 ) ) ;
#356 = ORIENTED_EDGE ( 'NONE', *, *, #4749, .T. ) ;
#357 = EDGE_CURVE ( 'NONE', #2898, #4597, #2175, .T. ) ;
#358 = DIRECTION ( 'NONE',  ( 0.000000000000000000, 0.000000000000000000, 1.000000000000000000 ) ) ;
#359 = DIRECTION ( 'NONE',  ( 0.000000000000000000, 1.000000000000000000, 0.000000000000000000 ) ) ;
#360 = DIRECTION ( 'NONE',  ( 1.885568995626964287E-16, -1.000000000000000000, -0.000000000000000000 ) ) ;
#361 = DIRECTION ( 'NONE',  ( 0.000000000000000000, 1.000000000000000000, 0.000000000000000000 ) ) ;
#362 = ORIENTED_EDGE ( 'NONE', *, *, #4735, .F. ) ;
#363 = ORIENTED_EDGE ( 'NONE', *, *, #2644, .T. ) ;
#364 =( BOUNDED_CURVE ( )  B_SPLINE_CURVE ( 3, ( #3623, #822, #3569, #2888 ),
 .UNSPECIFIED., .F., .T. ) 
 B_SPLINE_CURVE_WITH_KNOTS ( ( 4, 4 ),
 ( 3.141592653589793116, 4.712388980384689674 ),
 .UNSPECIFIED. ) 
 CURVE ( )  GEOMETRIC_REPRESENTATION_ITEM ( )  RATIONAL_B_SPLINE_CURVE ( ( 1.000000000000000000, 0.8047378541243649375, 0.8047378541243649375, 1.000000000000000000 ) ) 
 REPRESENTATION_ITEM ( '' )  );
#365 = FACE_OUTER_BOUND ( 'NONE', #620, .T. ) ;
#366 = EDGE_CURVE ( 'NONE', #3699, #3172, #4239, .T. ) ;
#367 = ORIENTED_EDGE ( 'NONE', *, *, #3543, .F. ) ;
#368 = CARTESIAN_POINT ( 'NONE',  ( -44.00000000000000711, 9.000000000000001776, 30.00000000000000355 ) ) ;
#369 = DIRECTION ( 'NONE',  ( -4.536096848560639920E-16, 0.1961161351381834894, -0.9805806756909203337 ) ) ;
#370 = CARTESIAN_POINT ( 'NONE',  ( 24.00000000000000000, -29.00000000000000000, 40.99999999999999289 ) ) ;
#371 = ORIENTED_EDGE ( 'NONE', *, *, #305, .F. ) ;
#372 = DIRECTION ( 'NONE',  ( 2.891205793294678819E-16, -1.000000000000000000, 0.000000000000000000 ) ) ;
#373 = AXIS2_PLACEMENT_3D ( 'NONE', #2714, #3802, #2767 ) ;
#374 = ORIENTED_EDGE ( 'NONE', *, *, #2003, .F. ) ;
#375 = DIRECTION ( 'NONE',  ( 3.402072636420480433E-16, -0.1961161351381834894, 0.9805806756909203337 ) ) ;
#376 = CIRCLE ( 'NONE', #4719, 1.600000000000002531 ) ;
#377 = DIRECTION ( 'NONE',  ( -1.000000000000000000, 0.000000000000000000, 0.000000000000000000 ) ) ;
#378 = CARTESIAN_POINT ( 'NONE',  ( 44.00000000000000711, -47.00000000000000000, 28.99999999999998224 ) ) ;
#379 = CARTESIAN_POINT ( 'NONE',  ( -34.99999999999998579, -58.50000000000000000, 37.99999999999999289 ) ) ;
#380 = FACE_OUTER_BOUND ( 'NONE', #2951, .T. ) ;
#381 = ORIENTED_EDGE ( 'NONE', *, *, #1082, .F. ) ;
#382 = VECTOR ( 'NONE', #1869, 1000.000000000000000 ) ;
#383 = DIRECTION ( 'NONE',  ( 1.000000000000000000, 0.000000000000000000, 0.000000000000000000 ) ) ;
#384 = DIRECTION ( 'NONE',  ( -1.982541115402065603E-16, 0.000000000000000000, -1.000000000000000000 ) ) ;
#385 = DIRECTION ( 'NONE',  ( 0.000000000000000000, -0.000000000000000000, 1.000000000000000000 ) ) ;
#386 = AXIS2_PLACEMENT_3D ( 'NONE', #3417, #4154, #424 ) ;
#387 = EDGE_CURVE ( 'NONE', #2711, #2053, #1293, .T. ) ;
#388 = VECTOR ( 'NONE', #3423, 1000.000000000000000 ) ;
#389 = LINE ( 'NONE', #4110, #2769 ) ;
#390 = ORIENTED_EDGE ( 'NONE', *, *, #2313, .F. ) ;
#391 = VERTEX_POINT ( 'NONE', #3446 ) ;
#392 = ORIENTED_EDGE ( 'NONE', *, *, #1181, .T. ) ;
#393 = CYLINDRICAL_SURFACE ( 'NONE', #2417, 1.000000000000000888 ) ;
#394 = LINE ( 'NONE', #1180, #738 ) ;
#395 = ADVANCED_FACE ( 'NONE', ( #4181 ), #54, .T. ) ;
#396 = CYLINDRICAL_SURFACE ( 'NONE', #3467, 1.000000000000000888 ) ;
#397 = ORIENTED_EDGE ( 'NONE', *, *, #2107, .F. ) ;
#398 = ORIENTED_EDGE ( 'NONE', *, *, #3592, .F. ) ;
#399 = CARTESIAN_POINT ( 'NONE',  ( -35.00000000000000000, -44.50000000000000000, 0.000000000000000000 ) ) ;
#400 = EDGE_CURVE ( 'NONE', #4539, #2505, #938, .T. ) ;
#401 = VECTOR ( 'NONE', #4031, 1000.000000000000000 ) ;
#402 = LINE ( 'NONE', #1164, #1908 ) ;
#403 = CARTESIAN_POINT ( 'NONE',  ( -60.00000000000000711, -31.00000000000000000, 29.00000000000000000 ) ) ;
#404 = DIRECTION ( 'NONE',  ( -1.000000000000000000, 0.000000000000000000, 0.000000000000000000 ) ) ;
#405 = ORIENTED_EDGE ( 'NONE', *, *, #3453, .T. ) ;
#406 = CARTESIAN_POINT ( 'NONE',  ( -23.00000000000001421, 0.000000000000000000, -1.422473250300982133E-14 ) ) ;
#407 = LINE ( 'NONE', #1171, #1639 ) ;
#408 = DIRECTION ( 'NONE',  ( -0.000000000000000000, -1.000000000000000000, -0.000000000000000000 ) ) ;
#409 = CARTESIAN_POINT ( 'NONE',  ( -25.00000000000000355, -27.00000000000000000, 30.99999999999999645 ) ) ;
#410 = ORIENTED_EDGE ( 'NONE', *, *, #3525, .T. ) ;
#411 = FACE_OUTER_BOUND ( 'NONE', #1993, .T. ) ;
#412 = EDGE_CURVE ( 'NONE', #947, #4698, #1641, .T. ) ;
#413 = ORIENTED_EDGE ( 'NONE', *, *, #3011, .F. ) ;
#414 = ORIENTED_EDGE ( 'NONE', *, *, #3262, .F. ) ;
#415 = CARTESIAN_POINT ( 'NONE',  ( 23.00000000000001421, -1.000000000000000888, 0.9999999999999904521 ) ) ;
#416 = DIRECTION ( 'NONE',  ( 2.268048424280313797E-17, -0.9805806756909203337, -0.1961161351381835172 ) ) ;
#417 = CYLINDRICAL_SURFACE ( 'NONE', #1086, 1.000000000000000888 ) ;
#418 = ORIENTED_EDGE ( 'NONE', *, *, #3953, .T. ) ;
#419 = VECTOR ( 'NONE', #1404, 1000.000000000000000 ) ;
#420 = EDGE_CURVE ( 'NONE', #4564, #1608, #521, .T. ) ;
#421 = VERTEX_POINT ( 'NONE', #2299 ) ;
#422 = LINE ( 'NONE', #1637, #428 ) ;
#423 = DIRECTION ( 'NONE',  ( 1.000000000000000000, 0.000000000000000000, 0.000000000000000000 ) ) ;
#424 = DIRECTION ( 'NONE',  ( -1.000000000000000000, 0.000000000000000000, 1.836970198721029688E-16 ) ) ;
#425 = EDGE_CURVE ( 'NONE', #3408, #3606, #3492, .T. ) ;
#426 = CARTESIAN_POINT ( 'NONE',  ( 24.00000000000000355, -48.00000000000000000, 28.99999999999998934 ) ) ;
#427 = CARTESIAN_POINT ( 'NONE',  ( -24.00000000000000000, -47.00000000000000000, 37.99999999999999289 ) ) ;
#428 = VECTOR ( 'NONE', #2295, 1000.000000000000000 ) ;
#429 = ORIENTED_EDGE ( 'NONE', *, *, #57, .F. ) ;
#430 = EDGE_CURVE ( 'NONE', #4390, #1658, #256, .T. ) ;
#431 = APPROVAL_ROLE ( '' ) ;
#432 = CARTESIAN_POINT ( 'NONE',  ( -34.99999999999995737, -50.91421356237309226, 97.41421356237307805 ) ) ;
#433 = DIRECTION ( 'NONE',  ( -1.000000000000000000, -1.885568995626964287E-16, -0.000000000000000000 ) ) ;
#434 = LINE ( 'NONE', #3348, #4889 ) ;
#435 = ORIENTED_EDGE ( 'NONE', *, *, #3489, .F. ) ;
#436 = CARTESIAN_POINT ( 'NONE',  ( 24.07808197605011458, -51.02450305841119160, 99.78524366769609344 ) ) ;
#437 = VERTEX_POINT ( 'NONE', #3821 ) ;
#438 = AXIS2_PLACEMENT_3D ( 'NONE', #3232, #3979, #862 ) ;
#439 = VERTEX_POINT ( 'NONE', #451 ) ;
#440 = CARTESIAN_POINT ( 'NONE',  ( -45.00000000000002842, -50.33922322702763807, 101.1961161351381833 ) ) ;
#441 = CC_DESIGN_PERSON_AND_ORGANIZATION_ASSIGNMENT ( #810, #3494, ( #2274 ) ) ;
#442 = FACE_OUTER_BOUND ( 'NONE', #270, .T. ) ;
#443 = VERTEX_POINT ( 'NONE', #3845 ) ;
#444 = AXIS2_PLACEMENT_3D ( 'NONE', #899, #2784, #3580 ) ;
#446 = ORIENTED_EDGE ( 'NONE', *, *, #2461, .F. ) ;
#445 = AXIS2_PLACEMENT_3D ( 'NONE', #3456, #1601, #3479 ) ;
#447 = DIRECTION ( 'NONE',  ( 0.000000000000000000, 0.000000000000000000, -1.000000000000000000 ) ) ;
#448 = CARTESIAN_POINT ( 'NONE',  ( 35.00000000000000000, -49.49999999999999289, 97.99999999999997158 ) ) ;
#449 = CARTESIAN_POINT ( 'NONE',  ( 24.00000000000000000, -58.50000000000000000, 37.99999999999999289 ) ) ;
#450 = DIRECTION ( 'NONE',  ( -1.000000000000000000, 0.000000000000000000, 0.000000000000000000 ) ) ;
#451 = CARTESIAN_POINT ( 'NONE',  ( 25.00000000000000355, -1.000000000000000888, 29.99999999999998934 ) ) ;
#452 = ORIENTED_EDGE ( 'NONE', *, *, #3430, .F. ) ;
#453 = DATE_TIME_ROLE ( 'creation_date' ) ;
#454 = DIRECTION ( 'NONE',  ( 0.000000000000000000, 0.000000000000000000, 1.000000000000000000 ) ) ;
#455 = DIRECTION ( 'NONE',  ( -0.000000000000000000, -1.000000000000000000, -0.000000000000000000 ) ) ;
#456 = EDGE_CURVE ( 'NONE', #3241, #4497, #2959, .T. ) ;
#457 = LINE ( 'NONE', #931, #2680 ) ;
#458 = ADVANCED_FACE ( 'NONE', ( #1259, #80, #1592, #3105, #4611, #1209 ), #4235, .F. ) ;
#459 = VECTOR ( 'NONE', #204, 1000.000000000000000 ) ;
#460 = DIRECTION ( 'NONE',  ( 0.000000000000000000, 0.000000000000000000, -1.000000000000000000 ) ) ;
#461 = ADVANCED_FACE ( 'NONE', ( #2121 ), #3224, .F. ) ;
#462 = CARTESIAN_POINT ( 'NONE',  ( 24.00000000000001421, -48.00000000000000000, 0.9999999999999885647 ) ) ;
#463 = ORIENTED_EDGE ( 'NONE', *, *, #2812, .T. ) ;
#464 = EDGE_CURVE ( 'NONE', #2626, #2212, #3635, .T. ) ;
#465 = ORIENTED_EDGE ( 'NONE', *, *, #4216, .T. ) ;
#466 = AXIS2_PLACEMENT_3D ( 'NONE', #1497, #4454, #2198 ) ;
#467 = AXIS2_PLACEMENT_3D ( 'NONE', #3334, #2629, #4474 ) ;
#468 = ORIENTED_EDGE ( 'NONE', *, *, #456, .F. ) ;
#469 = FACE_OUTER_BOUND ( 'NONE', #3075, .T. ) ;
#470 = DIRECTION ( 'NONE',  ( 0.000000000000000000, 0.000000000000000000, -1.000000000000000000 ) ) ;
#471 = ORIENTED_EDGE ( 'NONE', *, *, #1757, .F. ) ;
#472 = VERTEX_POINT ( 'NONE', #1736 ) ;
#473 = LINE ( 'NONE', #3149, #346 ) ;
#474 = CARTESIAN_POINT ( 'NONE',  ( -59.00000000000000711, -32.00000000000000000, 30.00000000000000355 ) ) ;
#475 = DIRECTION ( 'NONE',  ( -0.000000000000000000, -1.000000000000000000, -0.000000000000000000 ) ) ;
#476 = AXIS2_PLACEMENT_3D ( 'NONE', #3273, #200, #2082 ) ;
#477 = EDGE_CURVE ( 'NONE', #4463, #2528, #2987, .T. ) ;
#478 = DIRECTION ( 'NONE',  ( -0.000000000000000000, 1.000000000000000000, -0.000000000000000000 ) ) ;
#479 = CARTESIAN_POINT ( 'NONE',  ( -45.00000000000000711, 10.00000000000000000, 0.4142135623730965333 ) ) ;
#480 = ADVANCED_FACE ( 'NONE', ( #2825 ), #1978, .T. ) ;
#481 = ORIENTED_EDGE ( 'NONE', *, *, #3412, .T. ) ;
#482 = PERSON_AND_ORGANIZATION ( #1722, #2353 ) ;
#483 = DIRECTION ( 'NONE',  ( -1.000000000000000000, 0.000000000000000000, 1.982541115402065603E-16 ) ) ;
#484 = CARTESIAN_POINT ( 'NONE',  ( -46.00000000000000711, -31.00000000000000000, 29.99999999999998579 ) ) ;
#485 = FACE_OUTER_BOUND ( 'NONE', #1381, .T. ) ;
#486 = CARTESIAN_POINT ( 'NONE',  ( -44.00000000000000711, 10.00000000000000000, 29.00000000000000000 ) ) ;
#487 = EDGE_CURVE ( 'NONE', #1658, #2463, #3328, .T. ) ;
#488 = DIRECTION ( 'NONE',  ( 0.000000000000000000, 0.000000000000000000, -1.000000000000000000 ) ) ;
#489 = EDGE_LOOP ( 'NONE', ( #2182, #939, #1570, #3604 ) ) ;
#490 = EDGE_LOOP ( 'NONE', ( #4265, #1403, #2300, #2010 ) ) ;
#491 = EDGE_CURVE ( 'NONE', #2323, #1886, #2820, .T. ) ;
#492 = VERTEX_POINT ( 'NONE', #4815 ) ;
#493 = VERTEX_POINT ( 'NONE', #3780 ) ;
#494 = VERTEX_POINT ( 'NONE', #693 ) ;
#495 = ORIENTED_EDGE ( 'NONE', *, *, #3739, .F. ) ;
#496 = DIRECTION ( 'NONE',  ( -1.000000000000000000, -0.000000000000000000, -0.000000000000000000 ) ) ;
#497 = CARTESIAN_POINT ( 'NONE',  ( -25.00000000000000000, -28.00000000000000000, 41.99999999999999289 ) ) ;
#498 = ADVANCED_FACE ( 'NONE', ( #1525 ), #3485, .T. ) ;
#499 = AXIS2_PLACEMENT_3D ( 'NONE', #2573, #2606, #323 ) ;
#500 = CARTESIAN_POINT ( 'NONE',  ( -7.999999999999992895, 6.000000000000000888, 11.99999999999998934 ) ) ;
#501 = CARTESIAN_POINT ( 'NONE',  ( 35.00000000000000000, -50.91980390271855583, 98.99999999999998579 ) ) ;
#502 = ORIENTED_EDGE ( 'NONE', *, *, #116, .T. ) ;
#503 = AXIS2_PLACEMENT_3D ( 'NONE', #1134, #2167, #2984 ) ;
#504 = APPROVAL_DATE_TIME ( #3179, #3576 ) ;
#505 = CARTESIAN_POINT ( 'NONE',  ( -12.49999999999999645, 10.00000000000000711, 29.99999999999999645 ) ) ;
#506 = DIRECTION ( 'NONE',  ( -3.469446951953615668E-16, 0.000000000000000000, -1.000000000000000000 ) ) ;
#507 = LINE ( 'NONE', #2021, #4306 ) ;
#508 = CARTESIAN_POINT ( 'NONE',  ( 32.00000000000000000, -58.50000000000000000, 98.99999999999998579 ) ) ;
#509 = ORIENTED_EDGE ( 'NONE', *, *, #2794, .F. ) ;
#510 = ORIENTED_EDGE ( 'NONE', *, *, #1292, .F. ) ;
#511 = ORIENTED_EDGE ( 'NONE', *, *, #3564, .T. ) ;
#512 = ORIENTED_EDGE ( 'NONE', *, *, #2126, .T. ) ;
#513 = EDGE_CURVE ( 'NONE', #439, #421, #52, .T. ) ;
#514 = VERTEX_POINT ( 'NONE', #2384 ) ;
#515 = ORIENTED_EDGE ( 'NONE', *, *, #6, .F. ) ;
#516 = ADVANCED_FACE ( 'NONE', ( #411 ), #3090, .T. ) ;
#517 = CYLINDRICAL_SURFACE ( 'NONE', #3192, 1.000000000000000000 ) ;
#518 = CARTESIAN_POINT ( 'NONE',  ( -33.94794534929992835, -50.04392238272043159, 99.71961191360210819 ) ) ;
#519 = AXIS2_PLACEMENT_3D ( 'NONE', #53, #1189, #2710 ) ;
#520 = CARTESIAN_POINT ( 'NONE',  ( -45.00000000000000711, -48.00000000000000000, -1.036816775884952469E-14 ) ) ;
#521 = LINE ( 'NONE', #2374, #2584 ) ;
#522 = ORIENTED_EDGE ( 'NONE', *, *, #3750, .T. ) ;
#523 = DIRECTION ( 'NONE',  ( -1.982541115402065603E-16, 0.000000000000000000, -1.000000000000000000 ) ) ;
#524 = DIRECTION ( 'NONE',  ( -0.000000000000000000, 1.000000000000000000, -0.000000000000000000 ) ) ;
#525 = DIRECTION ( 'NONE',  ( 0.000000000000000000, 0.000000000000000000, -1.000000000000000000 ) ) ;
#526 = VECTOR ( 'NONE', #2590, 1000.000000000000000 ) ;
#527 = DIRECTION ( 'NONE',  ( 0.000000000000000000, -1.000000000000000000, -0.000000000000000000 ) ) ;
#528 = EDGE_LOOP ( 'NONE', ( #3994, #4415, #3882, #680, #4364, #1197, #3185 ) ) ;
#529 = VECTOR ( 'NONE', #4460, 1000.000000000000000 ) ;
#530 = EDGE_CURVE ( 'NONE', #4012, #2538, #3429, .T. ) ;
#531 = ORIENTED_EDGE ( 'NONE', *, *, #229, .T. ) ;
#532 = ORIENTED_EDGE ( 'NONE', *, *, #208, .T. ) ;
#533 = EDGE_CURVE ( 'NONE', #1039, #1901, #2748, .T. ) ;
#534 = ORIENTED_EDGE ( 'NONE', *, *, #3452, .T. ) ;
#535 = ORIENTED_EDGE ( 'NONE', *, *, #926, .F. ) ;
#536 = AXIS2_PLACEMENT_3D ( 'NONE', #2937, #3619, #1743 ) ;
#537 = CARTESIAN_POINT ( 'NONE',  ( 24.41421356237307805, -49.49999999999999289, 96.99999999999995737 ) ) ;
#538 = ORIENTED_EDGE ( 'NONE', *, *, #2459, .F. ) ;
#539 = CARTESIAN_POINT ( 'NONE',  ( 35.00000000000000000, -51.50000000000000000, 45.99999999999999289 ) ) ;
#540 = CARTESIAN_POINT ( 'NONE',  ( -60.00000000000000711, -34.00000000000000000, 29.00000000000000000 ) ) ;
#541 = ORIENTED_EDGE ( 'NONE', *, *, #1336, .T. ) ;
#542 = LINE ( 'NONE', #3637, #2014 ) ;
#543 = CARTESIAN_POINT ( 'NONE',  ( -11.49999999999999645, 6.000000000000000000, -1.387778780781445676E-14 ) ) ;
#544 = CARTESIAN_POINT ( 'NONE',  ( 44.00000000000000711, 9.000000000000001776, 0.9999999999999854561 ) ) ;
#545 = DIRECTION ( 'NONE',  ( -0.000000000000000000, -0.1961161351381834894, 0.9805806756909203337 ) ) ;
#546 = CARTESIAN_POINT ( 'NONE',  ( 35.00000000000000000, -48.00000000000000000, 14.99999999999998579 ) ) ;
#547 = ORIENTED_EDGE ( 'NONE', *, *, #1033, .F. ) ;
#548 = CARTESIAN_POINT ( 'NONE',  ( 6.429395695523602181E-16, 6.000000000000001776, 6.749999999999989342 ) ) ;
#549 = CARTESIAN_POINT ( 'NONE',  ( 36.00000000000000711, -48.00000000000000000, 30.99999999999998579 ) ) ;
#550 = EDGE_LOOP ( 'NONE', ( #942, #4035, #1300, #1046 ) ) ;
#551 = EDGE_CURVE ( 'NONE', #3023, #1527, #3366, .T. ) ;
#552 = ORIENTED_EDGE ( 'NONE', *, *, #4643, .T. ) ;
#553 = LINE ( 'NONE', #2492, #1613 ) ;
#554 = EDGE_CURVE ( 'NONE', #89, #1600, #202, .T. ) ;
#555 = ORIENTED_EDGE ( 'NONE', *, *, #1565, .F. ) ;
#556 = ORIENTED_EDGE ( 'NONE', *, *, #3453, .F. ) ;
#557 = CARTESIAN_POINT ( 'NONE',  ( -33.99999999999995737, -49.49999999999999289, 96.99999999999997158 ) ) ;
#558 = CARTESIAN_POINT ( 'NONE',  ( -34.99999999999995737, -50.97217321915938015, 99.39276987329455437 ) ) ;
#559 = EDGE_CURVE ( 'NONE', #160, #1926, #1288, .T. ) ;
#560 = DIRECTION ( 'NONE',  ( -0.000000000000000000, -1.000000000000000000, -0.000000000000000000 ) ) ;
#561 = ORIENTED_EDGE ( 'NONE', *, *, #2481, .F. ) ;
#562 = DIRECTION ( 'NONE',  ( 0.000000000000000000, 0.000000000000000000, -1.000000000000000000 ) ) ;
#563 = FACE_OUTER_BOUND ( 'NONE', #770, .T. ) ;
#564 = ADVANCED_FACE ( 'NONE', ( #910 ), #3207, .T. ) ;
#565 = EDGE_CURVE ( 'NONE', #1882, #3779, #1310, .T. ) ;
#566 = DIRECTION ( 'NONE',  ( 3.469446951953615668E-16, 0.000000000000000000, -1.000000000000000000 ) ) ;
#567 = CARTESIAN_POINT ( 'NONE',  ( 45.00000000000000711, -47.00000000000000000, 0.9999999999999854561 ) ) ;
#568 = DIRECTION ( 'NONE',  ( 1.836970198721029688E-16, -0.000000000000000000, 1.000000000000000000 ) ) ;
#569 = DIRECTION ( 'NONE',  ( 0.000000000000000000, 0.000000000000000000, 1.000000000000000000 ) ) ;
#570 = CARTESIAN_POINT ( 'NONE',  ( 23.00000000000000355, 0.000000000000000000, 28.99999999999998579 ) ) ;
#571 = ORIENTED_EDGE ( 'NONE', *, *, #2580, .T. ) ;
#572 = ORIENTED_EDGE ( 'NONE', *, *, #3543, .T. ) ;
#573 = CARTESIAN_POINT ( 'NONE',  ( -23.99999999999999645, -51.50000000000000000, 45.99999999999999289 ) ) ;
#574 = VERTEX_POINT ( 'NONE', #3644 ) ;
#575 = CARTESIAN_POINT ( 'NONE',  ( 8.000000000000007105, 10.00000000000000000, 10.39999999999999503 ) ) ;
#576 = DIRECTION ( 'NONE',  ( 0.000000000000000000, 0.000000000000000000, -1.000000000000000000 ) ) ;
#577 = EDGE_CURVE ( 'NONE', #493, #2551, #205, .T. ) ;
#578 = VERTEX_POINT ( 'NONE', #1767 ) ;
#579 = DIRECTION ( 'NONE',  ( 1.000000000000000000, 0.000000000000000000, 0.000000000000000000 ) ) ;
#580 = EDGE_CURVE ( 'NONE', #3524, #4366, #888, .T. ) ;
#581 = EDGE_CURVE ( 'NONE', #4121, #1, #2049, .T. ) ;
#582 = CARTESIAN_POINT ( 'NONE',  ( -23.99999999999997158, -51.15411847776933030, 100.7573593128806948 ) ) ;
#583 = DIRECTION ( 'NONE',  ( 0.000000000000000000, -3.469446951953615175E-16, -1.000000000000000000 ) ) ;
#584 = ORIENTED_EDGE ( 'NONE', *, *, #4192, .F. ) ;
#585 = CARTESIAN_POINT ( 'NONE',  ( 34.00000000000000000, 0.000000000000000000, 45.99999999999999289 ) ) ;
#586 = CIRCLE ( 'NONE', #3361, 2.000000000000001776 ) ;
#587 = CARTESIAN_POINT ( 'NONE',  ( 8.000000000000007105, 10.00000000000000000, 11.99999999999999645 ) ) ;
#588 = DIRECTION ( 'NONE',  ( -1.000000000000000000, -0.000000000000000000, 1.836970198721029688E-16 ) ) ;
#589 = FACE_BOUND ( 'NONE', #2138, .T. ) ;
#590 = CARTESIAN_POINT ( 'NONE',  ( -34.99999999999999289, -48.00000000000000000, 31.00000000000000000 ) ) ;
#591 = AXIS2_PLACEMENT_3D ( 'NONE', #2694, #4007, #3589 ) ;
#592 = EDGE_CURVE ( 'NONE', #105, #2002, #3694, .T. ) ;
#593 = CARTESIAN_POINT ( 'NONE',  ( 44.00000000000001421, 10.00000000000000000, -1.451206456989613714E-14 ) ) ;
#594 = CARTESIAN_POINT ( 'NONE',  ( -35.00000000000000000, -48.00000000000000000, 11.22499999999987352 ) ) ;
#595 = AXIS2_PLACEMENT_3D ( 'NONE', #860, #4568, #58 ) ;
#596 =( BOUNDED_CURVE ( )  B_SPLINE_CURVE ( 3, ( #4853, #1457, #2241, #705 ),
 .UNSPECIFIED., .F., .F. ) 
 B_SPLINE_CURVE_WITH_KNOTS ( ( 4, 4 ),
 ( 0.000000000000000000, 1.570796326794896336 ),
 .UNSPECIFIED. ) 
 CURVE ( )  GEOMETRIC_REPRESENTATION_ITEM ( )  RATIONAL_B_SPLINE_CURVE ( ( 1.000000000000000000, 0.8047378541243650485, 0.8047378541243650485, 1.000000000000000000 ) ) 
 REPRESENTATION_ITEM ( '' )  );
#597 = EDGE_LOOP ( 'NONE', ( #700, #4419, #510, #1175 ) ) ;
#598 = ADVANCED_FACE ( 'NONE', ( #1617 ), #752, .T. ) ;
#599 = ORIENTED_EDGE ( 'NONE', *, *, #4416, .T. ) ;
#600 = FACE_OUTER_BOUND ( 'NONE', #490, .T. ) ;
#601 = VECTOR ( 'NONE', #2190, 1000.000000000000000 ) ;
#602 = VERTEX_POINT ( 'NONE', #1520 ) ;
#603 = EDGE_LOOP ( 'NONE', ( #1907, #1407, #2791 ) ) ;
#604 = CARTESIAN_POINT ( 'NONE',  ( -11.49999999999999645, 0.9999999999999991118, 29.99999999999999645 ) ) ;
#605 = ORIENTED_EDGE ( 'NONE', *, *, #3708, .F. ) ;
#606 = AXIS2_PLACEMENT_3D ( 'NONE', #1431, #3714, #328 ) ;
#607 = CARTESIAN_POINT ( 'NONE',  ( -33.76108207764082891, -50.39183835926208843, 101.4591917963067687 ) ) ;
#608 = CIRCLE ( 'NONE', #2050, 1.000000000000000888 ) ;
#609 = EDGE_LOOP ( 'NONE', ( #2009, #3551, #2159, #3197 ) ) ;
#610 = DIRECTION ( 'NONE',  ( 1.000000000000000000, -6.373270656782302695E-32, -1.836970198721029688E-16 ) ) ;
#611 = CARTESIAN_POINT ( 'NONE',  ( -60.00000000000000711, -32.00000000000000711, -1.002122306365416484E-14 ) ) ;
#612 = CARTESIAN_POINT ( 'NONE',  ( -34.99999999999999289, -33.00000000000000000, 28.99999999999999645 ) ) ;
#613 = ADVANCED_FACE ( 'NONE', ( #1919 ), #2326, .T. ) ;
#614 = CARTESIAN_POINT ( 'NONE',  ( 34.00000000000000000, -44.50000000000000000, 46.99999999999999289 ) ) ;
#615 = DIRECTION ( 'NONE',  ( -0.000000000000000000, -1.000000000000000000, -0.000000000000000000 ) ) ;
#616 = CARTESIAN_POINT ( 'NONE',  ( 35.00000000000000000, -49.93922322702763950, 99.19611613513818327 ) ) ;
#617 = CARTESIAN_POINT ( 'NONE',  ( 36.00000000000000711, -47.00000000000000000, 28.99999999999998579 ) ) ;
#618 = CIRCLE ( 'NONE', #476, 1.000000000000000888 ) ;
#619 = EDGE_CURVE ( 'NONE', #4497, #1635, #3686, .T. ) ;
#620 = EDGE_LOOP ( 'NONE', ( #4817, #1710, #410, #2698 ) ) ;
#621 = VERTEX_POINT ( 'NONE', #2268 ) ;
#622 = EDGE_CURVE ( 'NONE', #1222, #1894, #3414, .T. ) ;
#623 = DIRECTION ( 'NONE',  ( 0.000000000000000000, -1.000000000000000000, -0.000000000000000000 ) ) ;
#624 = EDGE_CURVE ( 'NONE', #1303, #2421, #2641, .T. ) ;
#625 = ORIENTED_EDGE ( 'NONE', *, *, #4713, .T. ) ;
#626 = EDGE_LOOP ( 'NONE', ( #4137, #4495, #2141, #987 ) ) ;
#627 = CARTESIAN_POINT ( 'NONE',  ( -33.99999999999997868, -50.49999999999999289, 46.99999999999999289 ) ) ;
#628 = ORIENTED_EDGE ( 'NONE', *, *, #1013, .T. ) ;
#629 = FACE_OUTER_BOUND ( 'NONE', #3784, .T. ) ;
#630 = DIRECTION ( 'NONE',  ( 1.000000000000000000, 2.312964634635737040E-17, 7.606585201232674883E-34 ) ) ;
#631 = ORIENTED_EDGE ( 'NONE', *, *, #2372, .F. ) ;
#632 = CARTESIAN_POINT ( 'NONE',  ( 33.43774798438097662, -50.43213637183819742, 101.6606818591827306 ) ) ;
#633 = EDGE_CURVE ( 'NONE', #4597, #2528, #689, .T. ) ;
#634 = CARTESIAN_POINT ( 'NONE',  ( -35.00000000000000000, -48.00000000000000000, 14.99999999999998579 ) ) ;
#635 = DIRECTION ( 'NONE',  ( -4.625929269271485914E-16, 0.000000000000000000, -1.000000000000000000 ) ) ;
#636 = CARTESIAN_POINT ( 'NONE',  ( -45.00000000000002842, -50.49999999999999289, 101.9999999999999858 ) ) ;
#637 = CARTESIAN_POINT ( 'NONE',  ( 34.54320813390324219, -50.22850185639340737, 100.6425092819716554 ) ) ;
#638 = CARTESIAN_POINT ( 'NONE',  ( -45.00000000000000711, 10.00000000000000000, 29.00000000000000000 ) ) ;
#639 = ORIENTED_EDGE ( 'NONE', *, *, #4735, .T. ) ;
#640 = ORIENTED_EDGE ( 'NONE', *, *, #2537, .F. ) ;
#641 = CARTESIAN_POINT ( 'NONE',  ( -7.999999999999992895, 10.00000000000000000, 11.99999999999998934 ) ) ;
#642 = EDGE_LOOP ( 'NONE', ( #1217, #2369, #4694, #2565 ) ) ;
#643 = CARTESIAN_POINT ( 'NONE',  ( -33.99999999999995737, -50.17353780207839975, 100.3676890103919703 ) ) ;
#644 = CARTESIAN_POINT ( 'NONE',  ( 35.00000000000000000, 10.00000000000000000, 45.99999999999999289 ) ) ;
#645 = AXIS2_PLACEMENT_3D ( 'NONE', #2475, #3973, #3290 ) ;
#646 = AXIS2_PLACEMENT_3D ( 'NONE', #4607, #1203, #2344 ) ;
#647 = ORIENTED_EDGE ( 'NONE', *, *, #1674, .T. ) ;
#648 = EDGE_CURVE ( 'NONE', #1226, #437, #1712, .T. ) ;
#649 = ADVANCED_FACE ( 'NONE', ( #3773 ), #4459, .T. ) ;
#650 = CARTESIAN_POINT ( 'NONE',  ( -31.99999999999995381, -58.49999999999999289, 100.9999999999999858 ) ) ;
#651 = VECTOR ( 'NONE', #1778, 1000.000000000000000 ) ;
#652 = EDGE_LOOP ( 'NONE', ( #1899, #3636, #2756, #1653 ) ) ;
#653 = CYLINDRICAL_SURFACE ( 'NONE', #3830, 1.000000000000000000 ) ;
#654 = CLOSED_SHELL ( 'NONE', ( #2129, #2064, #1934, #2907, #3322, #4131, #3159, #2623, #2867, #4633, #2689, #3757, #1439, #4147, #4109, #3889, #4091, #2914, #1977, #2721, #225, #2341, #1052, #3035, #1332, #1727, #2728, #2632, #3792, #2060, #1739, #1979, #2136, #977, #4440, #4254, #2422, #4187, #809, #2540, #3951, #1868, #2705, #3234, #3457, #1348, #227, #2868, #2143, #4572, #2574, #4623, #3858, #4676, #1785, #3598, #4839, #458, #1597, #4256, #4513, #2498, #3114, #2380, #2754, #3877, #1548, #4751, #4331, #4426, #84, #564, #778, #3783, #2359, #498, #613, #3027, #2643, #4599, #4691, #461, #2665, #4268, #3233, #2465, #1328, #4362, #516, #2442, #1429, #4841, #4663, #4594, #746, #3737, #395, #2851, #263, #2703, #1412, #990, #1141, #4882, #1058, #3351, #1097, #2007, #480, #4016, #1100, #255, #199, #2917, #3616, #64, #4071, #4605, #3388, #2923, #4107, #649, #3313, #1837, #1223, #3791, #2866, #2519, #2355, #4321, #2770, #3558, #2024, #3, #2438, #4054, #4275, #2342, #271, #4298, #3319, #2945, #2842, #347, #1992, #4122, #4543, #694, #674, #940, #1697, #4291, #2090, #168, #3902, #1468, #2215, #2418, #3949, #1285, #81, #598, #1669, #1359, #786, #3723 ) ) ;
#655 = CARTESIAN_POINT ( 'NONE',  ( -34.99999999999998579, -44.50000000000000000, 40.99999999999999289 ) ) ;
#656 = CARTESIAN_POINT ( 'NONE',  ( -45.00000000000000711, -34.00000000000000000, 29.99999999999998579 ) ) ;
#657 = FACE_OUTER_BOUND ( 'NONE', #2797, .T. ) ;
#658 = DIRECTION ( 'NONE',  ( 0.000000000000000000, 0.000000000000000000, -1.000000000000000000 ) ) ;
#659 = DIRECTION ( 'NONE',  ( 0.000000000000000000, 0.000000000000000000, -1.000000000000000000 ) ) ;
#660 = DIRECTION ( 'NONE',  ( -0.000000000000000000, -1.000000000000000000, -0.000000000000000000 ) ) ;
#661 = CARTESIAN_POINT ( 'NONE',  ( -31.99999999999995381, 0.000000000000000000, 102.0000000000000000 ) ) ;
#662 = CARTESIAN_POINT ( 'NONE',  ( -23.99999999999999645, -44.50000000000000000, 45.99999999999999289 ) ) ;
#663 = AXIS2_PLACEMENT_3D ( 'NONE', #2038, #1640, #3947 ) ;
#664 = AXIS2_PLACEMENT_3D ( 'NONE', #4049, #1138, #735 ) ;
#665 = ORIENTED_EDGE ( 'NONE', *, *, #477, .F. ) ;
#666 = CARTESIAN_POINT ( 'NONE',  ( 25.48914307391695644, -51.26931845889008343, 101.6213591712882760 ) ) ;
#667 = EDGE_CURVE ( 'NONE', #4655, #439, #4648, .T. ) ;
#668 = ORIENTED_EDGE ( 'NONE', *, *, #3452, .F. ) ;
#669 = PLANE ( 'NONE',  #2405 ) ;
#670 = ORIENTED_EDGE ( 'NONE', *, *, #4483, .F. ) ;
#672 = DIRECTION ( 'NONE',  ( -0.000000000000000000, 1.000000000000000000, 0.000000000000000000 ) ) ;
#671 = AXIS2_PLACEMENT_3D ( 'NONE', #4317, #3620, #2792 ) ;
#673 = CARTESIAN_POINT ( 'NONE',  ( 34.00000000000000000, -49.49999999999999289, 96.99999999999997158 ) ) ;
#674 = ADVANCED_FACE ( 'NONE', ( #2966 ), #2993, .T. ) ;
#675 = EDGE_LOOP ( 'NONE', ( #3122, #1550, #4801, #4673 ) ) ;
#676 = CARTESIAN_POINT ( 'NONE',  ( 25.00000000000000711, 10.00000000000000000, 29.99999999999998934 ) ) ;
#677 = AXIS2_PLACEMENT_3D ( 'NONE', #3661, #4125, #377 ) ;
#678 = VECTOR ( 'NONE', #1077, 1000.000000000000000 ) ;
#679 = CARTESIAN_POINT ( 'NONE',  ( 24.99999999999998224, -50.49999999999999289, 102.0000000000000142 ) ) ;
#680 = ORIENTED_EDGE ( 'NONE', *, *, #4295, .T. ) ;
#681 = DIRECTION ( 'NONE',  ( -4.625929269271485914E-16, 0.000000000000000000, -1.000000000000000000 ) ) ;
#682 = TOROIDAL_SURFACE ( 'NONE', #2351, 2.000000000000000000, 1.000000000000000000 ) ;
#683 = CARTESIAN_POINT ( 'NONE',  ( -25.00000000000000355, -27.00000000000000000, 28.99999999999999289 ) ) ;
#684 = DIRECTION ( 'NONE',  ( 0.000000000000000000, -1.000000000000000000, 0.000000000000000000 ) ) ;
#685 = FACE_OUTER_BOUND ( 'NONE', #2006, .T. ) ;
#686 = DIRECTION ( 'NONE',  ( 0.000000000000000000, 0.000000000000000000, -1.000000000000000000 ) ) ;
#687 = DIRECTION ( 'NONE',  ( 0.000000000000000000, 0.000000000000000000, -1.000000000000000000 ) ) ;
#688 = CARTESIAN_POINT ( 'NONE',  ( 33.00723795072274669, -50.28873778319950105, 100.9436889159974839 ) ) ;
#689 = LINE ( 'NONE', #3018, #526 ) ;
#690 = CARTESIAN_POINT ( 'NONE',  ( -33.99999999999997868, -50.49999999999999289, 46.99999999999999289 ) ) ;
#691 = DIRECTION ( 'NONE',  ( 3.469446951953615668E-16, -0.000000000000000000, 1.000000000000000000 ) ) ;
#692 = ORIENTED_EDGE ( 'NONE', *, *, #3376, .T. ) ;
#693 = CARTESIAN_POINT ( 'NONE',  ( -26.99999999999997868, -59.50000000000000000, 100.9999999999999858 ) ) ;
#694 = ADVANCED_FACE ( 'NONE', ( #3372 ), #1796, .F. ) ;
#695 = ORIENTED_EDGE ( 'NONE', *, *, #3377, .T. ) ;
#696 = CARTESIAN_POINT ( 'NONE',  ( 0.000000000000000000, 0.000000000000000000, 36.99999999999999289 ) ) ;
#697 = ORIENTED_EDGE ( 'NONE', *, *, #905, .T. ) ;
#698 = CARTESIAN_POINT ( 'NONE',  ( -25.00000000000000000, -43.50000000000000000, 41.99999999999999289 ) ) ;
#699 = CARTESIAN_POINT ( 'NONE',  ( 34.00000000000000000, -50.17353780207840686, 100.3676890103919703 ) ) ;
#700 = ORIENTED_EDGE ( 'NONE', *, *, #4063, .T. ) ;
#701 = DIRECTION ( 'NONE',  ( 0.000000000000000000, 0.000000000000000000, -1.000000000000000000 ) ) ;
#702 = EDGE_CURVE ( 'NONE', #4193, #602, #1954, .T. ) ;
#703 = ORIENTED_EDGE ( 'NONE', *, *, #2947, .T. ) ;
#704 = CARTESIAN_POINT ( 'NONE',  ( 24.00000000000000000, -58.50000000000000000, 37.99999999999999289 ) ) ;
#705 = CARTESIAN_POINT ( 'NONE',  ( -24.00000000000000000, -44.50000000000000000, 40.99999999999999289 ) ) ;
#706 = CARTESIAN_POINT ( 'NONE',  ( -25.00000000000000355, 10.00000000000000000, 28.99999999999999289 ) ) ;
#707 = CARTESIAN_POINT ( 'NONE',  ( -7.999999999999992895, 10.00000000000000000, 13.59999999999999076 ) ) ;
#708 = CARTESIAN_POINT ( 'NONE',  ( -35.99999999999999289, -47.00000000000000000, 28.99999999999999645 ) ) ;
#709 = EDGE_LOOP ( 'NONE', ( #3116, #1775, #1781, #2238 ) ) ;
#710 = LINE ( 'NONE', #2278, #388 ) ;
#711 = EDGE_CURVE ( 'NONE', #2323, #4650, #3747, .T. ) ;
#712 = DIRECTION ( 'NONE',  ( 0.000000000000000000, -1.000000000000000000, 0.000000000000000000 ) ) ;
#713 = DIRECTION ( 'NONE',  ( 0.000000000000000000, 1.000000000000000000, -2.312964634635743450E-16 ) ) ;
#714 = EDGE_CURVE ( 'NONE', #2773, #3677, #1896, .T. ) ;
#715 = DIRECTION ( 'NONE',  ( 0.000000000000000000, 0.000000000000000000, 1.000000000000000000 ) ) ;
#716 = ORIENTED_EDGE ( 'NONE', *, *, #3194, .T. ) ;
#717 = DIRECTION ( 'NONE',  ( -1.000000000000000000, 0.000000000000000000, 0.000000000000000000 ) ) ;
#718 = EDGE_LOOP ( 'NONE', ( #779, #1104 ) ) ;
#719 = DIRECTION ( 'NONE',  ( 0.000000000000000000, 1.000000000000000000, -0.000000000000000000 ) ) ;
#720 = ORIENTED_EDGE ( 'NONE', *, *, #4544, .F. ) ;
#721 = CARTESIAN_POINT ( 'NONE',  ( 35.00000000000000000, -58.49999999999999289, 36.99999999999999289 ) ) ;
#722 = DIRECTION ( 'NONE',  ( 7.703719777548945123E-34, 0.1961161351381834894, -0.9805806756909203337 ) ) ;
#723 = CARTESIAN_POINT ( 'NONE',  ( 24.41421356237309581, -27.99999999999999289, 41.99999999999999289 ) ) ;
#724 = ORIENTED_EDGE ( 'NONE', *, *, #2793, .T. ) ;
#725 = CARTESIAN_POINT ( 'NONE',  ( -34.58578643762688642, -43.49999999999999289, 46.99999999999999289 ) ) ;
#726 = ORIENTED_EDGE ( 'NONE', *, *, #1263, .T. ) ;
#727 = VECTOR ( 'NONE', #1774, 1000.000000000000000 ) ;
#728 = FACE_OUTER_BOUND ( 'NONE', #818, .T. ) ;
#729 = EDGE_CURVE ( 'NONE', #1074, #621, #3978, .T. ) ;
#730 = CYLINDRICAL_SURFACE ( 'NONE', #4077, 1.000000000000000888 ) ;
#731 = EDGE_CURVE ( 'NONE', #2156, #1593, #2179, .T. ) ;
#732 = CARTESIAN_POINT ( 'NONE',  ( -26.99999999999997868, -58.50000000000000000, 98.99999999999998579 ) ) ;
#733 = EDGE_CURVE ( 'NONE', #1294, #1400, #3528, .T. ) ;
#734 = DIRECTION ( 'NONE',  ( 0.000000000000000000, 0.000000000000000000, 1.000000000000000000 ) ) ;
#735 = DIRECTION ( 'NONE',  ( -1.000000000000000000, 0.000000000000000000, 1.982541115402065603E-16 ) ) ;
#736 = ORIENTED_EDGE ( 'NONE', *, *, #2514, .F. ) ;
#737 = VECTOR ( 'NONE', #1342, 1000.000000000000000 ) ;
#738 = VECTOR ( 'NONE', #4627, 1000.000000000000114 ) ;
#739 = DIRECTION ( 'NONE',  ( -1.000000000000000000, -3.154042683594195121E-16, 1.982541115402065603E-16 ) ) ;
#740 = EDGE_CURVE ( 'NONE', #2615, #751, #2560, .T. ) ;
#741 = DIRECTION ( 'NONE',  ( 0.000000000000000000, 1.000000000000000000, 0.000000000000000000 ) ) ;
#742 = ORIENTED_EDGE ( 'NONE', *, *, #1079, .F. ) ;
#743 = CIRCLE ( 'NONE', #2249, 3.000000000000002665 ) ;
#744 = ORIENTED_EDGE ( 'NONE', *, *, #97, .F. ) ;
#745 = CIRCLE ( 'NONE', #2577, 1.000000000000000888 ) ;
#746 = ADVANCED_FACE ( 'NONE', ( #3039 ), #3218, .T. ) ;
#747 = ORIENTED_EDGE ( 'NONE', *, *, #3680, .F. ) ;
#748 = FACE_OUTER_BOUND ( 'NONE', #753, .T. ) ;
#749 = DIRECTION ( 'NONE',  ( -1.000000000000000000, 0.000000000000000000, 0.000000000000000000 ) ) ;
#750 = VECTOR ( 'NONE', #717, 1000.000000000000000 ) ;
#751 = VERTEX_POINT ( 'NONE', #4883 ) ;
#752 = TOROIDAL_SURFACE ( 'NONE', #907, 2.000000000000000000, 1.000000000000000000 ) ;
#753 = EDGE_LOOP ( 'NONE', ( #4819, #2780, #362, #390 ) ) ;
#754 =( BOUNDED_CURVE ( )  B_SPLINE_CURVE ( 3, ( #655, #2934, #2985, #4804 ),
 .UNSPECIFIED., .F., .T. ) 
 B_SPLINE_CURVE_WITH_KNOTS ( ( 4, 4 ),
 ( 4.712388980384689674, 6.283185307179585344 ),
 .UNSPECIFIED. ) 
 CURVE ( )  GEOMETRIC_REPRESENTATION_ITEM ( )  RATIONAL_B_SPLINE_CURVE ( ( 1.000000000000000000, 0.8047378541243649375, 0.8047378541243649375, 1.000000000000000000 ) ) 
 REPRESENTATION_ITEM ( '' )  );
#755 = LINE ( 'NONE', #2271, #798 ) ;
#756 = AXIS2_PLACEMENT_3D ( 'NONE', #4240, #106, #1618 ) ;
#757 = VECTOR ( 'NONE', #1347, 1000.000000000000000 ) ;
#758 = CARTESIAN_POINT ( 'NONE',  ( -44.00000000000000711, -33.00000000000000000, 30.00000000000000355 ) ) ;
#759 = CARTESIAN_POINT ( 'NONE',  ( -24.00000000000000355, -27.00000000000000000, 28.99999999999999289 ) ) ;
#760 = FACE_OUTER_BOUND ( 'NONE', #3985, .T. ) ;
#761 = LINE ( 'NONE', #2989, #1634 ) ;
#762 = VERTEX_POINT ( 'NONE', #764 ) ;
#763 = AXIS2_PLACEMENT_3D ( 'NONE', #1084, #4451, #1790 ) ;
#764 = CARTESIAN_POINT ( 'NONE',  ( -11.49999999999999467, 1.000000000000000000, -1.387778780781445676E-14 ) ) ;
#765 = CARTESIAN_POINT ( 'NONE',  ( 34.00000000000000000, 0.000000000000000000, 46.99999999999999289 ) ) ;
#766 = TOROIDAL_SURFACE ( 'NONE', #4496, 2.000000000000000000, 1.000000000000000000 ) ;
#767 = CC_DESIGN_APPROVAL ( #224, ( #2274 ) ) ;
#768 = DIRECTION ( 'NONE',  ( -1.000000000000000000, 0.000000000000000000, 1.836970198721031660E-16 ) ) ;
#769 = EDGE_LOOP ( 'NONE', ( #213, #4711, #3463, #92 ) ) ;
#770 = EDGE_LOOP ( 'NONE', ( #2059, #1125, #363, #921, #2017, #338, #4526, #3626, #1228, #1752, #3217, #3625, #148, #3335, #4169, #261, #135, #4522, #4044, #572, #3503, #2737, #2466, #2727, #1308 ) ) ;
#771 = EDGE_CURVE ( 'NONE', #4024, #67, #4519, .T. ) ;
#772 = VECTOR ( 'NONE', #3020, 1000.000000000000000 ) ;
#773 = ORIENTED_EDGE ( 'NONE', *, *, #1295, .T. ) ;
#774 = CARTESIAN_POINT ( 'NONE',  ( -25.00000000000001421, -48.00000000000000000, 0.9999999999999983347 ) ) ;
#775 = CARTESIAN_POINT ( 'NONE',  ( -45.00000000000002842, -49.49999999999999289, 96.99999999999995737 ) ) ;
#776 = CARTESIAN_POINT ( 'NONE',  ( -23.99999999999997868, -51.50000000000000000, 97.99999999999997158 ) ) ;
#777 = ORIENTED_EDGE ( 'NONE', *, *, #1937, .T. ) ;
#778 = ADVANCED_FACE ( 'NONE', ( #1056 ), #2664, .T. ) ;
#779 = ORIENTED_EDGE ( 'NONE', *, *, #4692, .T. ) ;
#780 = DIRECTION ( 'NONE',  ( 0.000000000000000000, 0.000000000000000000, 1.000000000000000000 ) ) ;
#781 = FACE_OUTER_BOUND ( 'NONE', #4838, .T. ) ;
#782 = LINE ( 'NONE', #77, #918 ) ;
#783 = CARTESIAN_POINT ( 'NONE',  ( -26.99999999999997868, -58.50000000000000000, 102.0000000000000000 ) ) ;
#784 = FACE_OUTER_BOUND ( 'NONE', #4881, .T. ) ;
#785 = EDGE_LOOP ( 'NONE', ( #3186, #1672, #4086, #692, #1501, #1917 ) ) ;
#786 = ADVANCED_FACE ( 'NONE', ( #3062 ), #2337, .T. ) ;
#787 = DIRECTION ( 'NONE',  ( -1.000000000000000000, 0.000000000000000000, 0.000000000000000000 ) ) ;
#788 = DIRECTION ( 'NONE',  ( -1.000000000000000000, -0.000000000000000000, -3.469446951953615668E-16 ) ) ;
#789 = CARTESIAN_POINT ( 'NONE',  ( 24.99999999999998224, -50.49999999999999289, 96.99999999999997158 ) ) ;
#790 = CARTESIAN_POINT ( 'NONE',  ( -7.999999999999992895, 6.000000000000000888, 10.39999999999998970 ) ) ;
#791 = ORIENTED_EDGE ( 'NONE', *, *, #2196, .T. ) ;
#792 = ORIENTED_EDGE ( 'NONE', *, *, #2478, .F. ) ;
#793 = ORIENTED_EDGE ( 'NONE', *, *, #400, .F. ) ;
#794 = DIRECTION ( 'NONE',  ( 3.469446951953615668E-16, -0.000000000000000000, 1.000000000000000000 ) ) ;
#795 = DIRECTION ( 'NONE',  ( -0.000000000000000000, -0.000000000000000000, 1.000000000000000000 ) ) ;
#796 = PLANE ( 'NONE',  #4733 ) ;
#797 = ORIENTED_EDGE ( 'NONE', *, *, #513, .T. ) ;
#798 = VECTOR ( 'NONE', #300, 1000.000000000000000 ) ;
#799 = ORIENTED_EDGE ( 'NONE', *, *, #1481, .T. ) ;
#800 = CARTESIAN_POINT ( 'NONE',  ( -25.00000000000001421, 10.00000000000000000, -1.836970198721027617E-15 ) ) ;
#801 = EDGE_CURVE ( 'NONE', #1156, #621, #2280, .T. ) ;
#802 = VECTOR ( 'NONE', #1043, 1000.000000000000000 ) ;
#803 = DIRECTION ( 'NONE',  ( 1.000000000000000000, 0.000000000000000000, -0.000000000000000000 ) ) ;
#804 = LINE ( 'NONE', #1590, #1576 ) ;
#805 = EDGE_CURVE ( 'NONE', #3354, #3677, #4243, .T. ) ;
#806 = DIRECTION ( 'NONE',  ( -0.000000000000000000, 1.000000000000000000, -0.000000000000000000 ) ) ;
#807 = CARTESIAN_POINT ( 'NONE',  ( -25.00000000000000000, -48.00000000000000000, 36.99999999999999289 ) ) ;
#808 = EDGE_LOOP ( 'NONE', ( #2335, #1455, #2826, #4448 ) ) ;
#809 = ADVANCED_FACE ( 'NONE', ( #4209 ), #3450, .T. ) ;
#810 = PERSON_AND_ORGANIZATION ( #1722, #2353 ) ;
#811 = DIRECTION ( 'NONE',  ( -1.000000000000000000, 0.000000000000000000, 1.836970198721029688E-16 ) ) ;
#812 = AXIS2_PLACEMENT_3D ( 'NONE', #211, #623, #3628 ) ;
#813 = PLANE ( 'NONE',  #4405 ) ;
#814 = AXIS2_PLACEMENT_3D ( 'NONE', #2683, #2707, #4201 ) ;
#815 = DIRECTION ( 'NONE',  ( 3.154042683594195121E-16, -1.000000000000000000, 0.000000000000000000 ) ) ;
#816 = CIRCLE ( 'NONE', #4456, 1.000000000000000888 ) ;
#817 = AXIS2_PLACEMENT_3D ( 'NONE', #1480, #2601, #4117 ) ;
#818 = EDGE_LOOP ( 'NONE', ( #4720, #4302, #3808, #695 ) ) ;
#819 = ORIENTED_EDGE ( 'NONE', *, *, #581, .T. ) ;
#820 = ORIENTED_EDGE ( 'NONE', *, *, #2363, .F. ) ;
#821 = CARTESIAN_POINT ( 'NONE',  ( -34.99999999999999289, -28.99999999999999645, 31.00000000000000000 ) ) ;
#822 = CARTESIAN_POINT ( 'NONE',  ( 34.58578643762690774, -27.99999999999999289, 41.99999999999999289 ) ) ;
#823 = ORIENTED_EDGE ( 'NONE', *, *, #4101, .F. ) ;
#824 =( BOUNDED_CURVE ( )  B_SPLINE_CURVE ( 3, ( #190, #4664, #1306, #2824 ),
 .UNSPECIFIED., .F., .T. ) 
 B_SPLINE_CURVE_WITH_KNOTS ( ( 4, 4 ),
 ( 0.000000000000000000, 1.570796326794896558 ),
 .UNSPECIFIED. ) 
 CURVE ( )  GEOMETRIC_REPRESENTATION_ITEM ( )  RATIONAL_B_SPLINE_CURVE ( ( 1.000000000000000000, 0.8047378541243649375, 0.8047378541243649375, 1.000000000000000000 ) ) 
 REPRESENTATION_ITEM ( '' )  );
#825 = VERTEX_POINT ( 'NONE', #1239 ) ;
#826 = PLANE ( 'NONE',  #3744 ) ;
#827 = CARTESIAN_POINT ( 'NONE',  ( -33.99999999999997868, 0.000000000000000000, 37.99999999999999289 ) ) ;
#828 = PLANE ( 'NONE',  #1726 ) ;
#829 = AXIS2_PLACEMENT_3D ( 'NONE', #1718, #2484, #3982 ) ;
#830 = DIRECTION ( 'NONE',  ( 1.000000000000000000, -4.585547486636278160E-32, -1.982541115402065603E-16 ) ) ;
#831 = CARTESIAN_POINT ( 'NONE',  ( -33.99999999999997868, -59.50000000000000000, 36.99999999999999289 ) ) ;
#832 = VERTEX_POINT ( 'NONE', #4288 ) ;
#833 = APPROVAL_STATUS ( 'not_yet_approved' ) ;
#834 = CIRCLE ( 'NONE', #3608, 2.000000000000001776 ) ;
#835 = CARTESIAN_POINT ( 'NONE',  ( 35.00000000000000000, -48.00000000000000000, 14.99999999999998579 ) ) ;
#836 = CARTESIAN_POINT ( 'NONE',  ( 44.00000000000000711, 0.000000000000000000, 28.99999999999998224 ) ) ;
#837 = EDGE_CURVE ( 'NONE', #3016, #4842, #2327, .T. ) ;
#838 = CIRCLE ( 'NONE', #1395, 1.000000000000000888 ) ;
#839 = CARTESIAN_POINT ( 'NONE',  ( 24.00000000000000355, -58.50000000000000000, 29.99999999999998579 ) ) ;
#840 = CARTESIAN_POINT ( 'NONE',  ( -25.00000000000001421, -47.00000000000000000, -1.836970198721027617E-15 ) ) ;
#841 = ORIENTED_EDGE ( 'NONE', *, *, #4498, .T. ) ;
#842 = CARTESIAN_POINT ( 'NONE',  ( 24.37864082888211925, -51.12125149291800597, 100.5108569264944123 ) ) ;
#843 = AXIS2_PLACEMENT_3D ( 'NONE', #706, #1410, #275 ) ;
#844 = ORIENTED_EDGE ( 'NONE', *, *, #1822, .T. ) ;
#845 = AXIS2_PLACEMENT_3D ( 'NONE', #2669, #4860, #3454 ) ;
#846 = EDGE_LOOP ( 'NONE', ( #2092, #4055, #2365, #4227, #2688, #2639, #2890, #4297, #3471, #1582, #175, #1065, #3046, #1985, #3493 ) ) ;
#847 = EDGE_CURVE ( 'NONE', #1773, #4014, #3143, .T. ) ;
#848 = DIRECTION ( 'NONE',  ( 0.000000000000000000, -1.000000000000000000, 0.000000000000000000 ) ) ;
#849 = ORIENTED_EDGE ( 'NONE', *, *, #3878, .T. ) ;
#850 = ORIENTED_EDGE ( 'NONE', *, *, #1574, .T. ) ;
#851 = EDGE_LOOP ( 'NONE', ( #4546, #3869, #2835, #2757 ) ) ;
#852 = LINE ( 'NONE', #800, #1290 ) ;
#853 = LINE ( 'NONE', #2656, #1264 ) ;
#854 = VECTOR ( 'NONE', #659, 1000.000000000000000 ) ;
#855 =( BOUNDED_CURVE ( )  B_SPLINE_CURVE ( 3, ( #352, #2531, #2611, #4486 ),
 .UNSPECIFIED., .F., .T. ) 
 B_SPLINE_CURVE_WITH_KNOTS ( ( 4, 4 ),
 ( 3.469446951953611724E-16, 1.570796326794896780 ),
 .UNSPECIFIED. ) 
 CURVE ( )  GEOMETRIC_REPRESENTATION_ITEM ( )  RATIONAL_B_SPLINE_CURVE ( ( 1.000000000000000000, 0.8047378541243650485, 0.8047378541243650485, 1.000000000000000000 ) ) 
 REPRESENTATION_ITEM ( '' )  );
#856 = DIRECTION ( 'NONE',  ( -1.000000000000000000, 4.585547486636279255E-32, 1.982541115402066342E-16 ) ) ;
#857 = DIRECTION ( 'NONE',  ( -0.000000000000000000, 1.000000000000000000, 0.000000000000000000 ) ) ;
#858 = ORIENTED_EDGE ( 'NONE', *, *, #1467, .F. ) ;
#859 = DATE_TIME_ROLE ( 'classification_date' ) ;
#860 = CARTESIAN_POINT ( 'NONE',  ( 44.00000000000000711, 9.000000000000001776, 0.9999999999999854561 ) ) ;
#861 = CARTESIAN_POINT ( 'NONE',  ( -45.00000000000001421, -27.99999999999999289, 41.99999999999999289 ) ) ;
#862 = DIRECTION ( 'NONE',  ( -1.000000000000000000, 0.000000000000000000, 4.625929269271482956E-16 ) ) ;
#863 = CARTESIAN_POINT ( 'NONE',  ( 12.50000000000000355, 7.000000000000004441, 29.99999999999998934 ) ) ;
#864 = ORIENTED_EDGE ( 'NONE', *, *, #1758, .T. ) ;
#865 = AXIS2_PLACEMENT_3D ( 'NONE', #3510, #100, #2346 ) ;
#866 = EDGE_CURVE ( 'NONE', #2928, #1226, #2354, .T. ) ;
#867 = ORIENTED_EDGE ( 'NONE', *, *, #2388, .F. ) ;
#868 = EDGE_CURVE ( 'NONE', #1886, #4564, #407, .T. ) ;
#869 = ORIENTED_EDGE ( 'NONE', *, *, #2281, .T. ) ;
#870 = VERTEX_POINT ( 'NONE', #3084 ) ;
#871 = CARTESIAN_POINT ( 'NONE',  ( -23.99999999999997513, -50.91980390271855583, 98.99999999999998579 ) ) ;
#872 = ORIENTED_EDGE ( 'NONE', *, *, #111, .T. ) ;
#873 = EDGE_LOOP ( 'NONE', ( #1330, #538, #1956, #381 ) ) ;
#874 = CARTESIAN_POINT ( 'NONE',  ( -34.99999999999995737, -50.91980390271855583, 98.99999999999998579 ) ) ;
#875 = CARTESIAN_POINT ( 'NONE',  ( -34.62135917111780969, -51.12125149291802728, 100.5108569264944123 ) ) ;
#876 = CARTESIAN_POINT ( 'NONE',  ( 8.000000000000007105, 10.00000000000000000, 11.99999999999999645 ) ) ;
#877 = DIRECTION ( 'NONE',  ( 0.000000000000000000, 0.000000000000000000, 1.000000000000000000 ) ) ;
#878 = VERTEX_POINT ( 'NONE', #1262 ) ;
#879 = VECTOR ( 'NONE', #1075, 1000.000000000000000 ) ;
#880 = EDGE_CURVE ( 'NONE', #1507, #1129, #4394, .T. ) ;
#881 = CARTESIAN_POINT ( 'NONE',  ( -23.99999999999999645, -44.50000000000000000, 45.99999999999999289 ) ) ;
#882 = LINE ( 'NONE', #2808, #139 ) ;
#883 =( BOUNDED_CURVE ( )  B_SPLINE_CURVE ( 3, ( #3675, #4367, #966, #2443 ),
 .UNSPECIFIED., .F., .T. ) 
 B_SPLINE_CURVE_WITH_KNOTS ( ( 4, 4 ),
 ( 1.570796326794896780, 3.141592653589790007 ),
 .UNSPECIFIED. ) 
 CURVE ( )  GEOMETRIC_REPRESENTATION_ITEM ( )  RATIONAL_B_SPLINE_CURVE ( ( 1.000000000000000000, 0.8047378541243658256, 0.8047378541243658256, 1.000000000000000000 ) ) 
 REPRESENTATION_ITEM ( '' )  );
#884 = AXIS2_PLACEMENT_3D ( 'NONE', #2370, #1935, #3053 ) ;
#885 = LINE ( 'NONE', #154, #1943 ) ;
#886 = DIRECTION ( 'NONE',  ( -0.000000000000000000, -1.000000000000000000, -0.000000000000000000 ) ) ;
#887 = ORIENTED_EDGE ( 'NONE', *, *, #1184, .T. ) ;
#888 = LINE ( 'NONE', #1744, #1393 ) ;
#889 = EDGE_CURVE ( 'NONE', #1732, #3354, #4267, .T. ) ;
#890 = AXIS2_PLACEMENT_3D ( 'NONE', #3965, #2055, #4303 ) ;
#891 = EDGE_CURVE ( 'NONE', #1527, #1068, #2905, .T. ) ;
#892 = ORIENTED_EDGE ( 'NONE', *, *, #805, .T. ) ;
#893 = ORIENTED_EDGE ( 'NONE', *, *, #2264, .F. ) ;
#894 = ORIENTED_EDGE ( 'NONE', *, *, #4742, .F. ) ;
#895 = ORIENTED_EDGE ( 'NONE', *, *, #2034, .F. ) ;
#896 = DIRECTION ( 'NONE',  ( -0.000000000000000000, -1.000000000000000000, -0.000000000000000000 ) ) ;
#897 = CYLINDRICAL_SURFACE ( 'NONE', #1675, 1.000000000000000888 ) ;
#898 = CIRCLE ( 'NONE', #2662, 1.000000000000002220 ) ;
#899 = CARTESIAN_POINT ( 'NONE',  ( 25.00000000000000355, -29.00000000000000000, 30.99999999999998934 ) ) ;
#900 = ORIENTED_EDGE ( 'NONE', *, *, #171, .F. ) ;
#901 = FACE_OUTER_BOUND ( 'NONE', #609, .T. ) ;
#902 = VECTOR ( 'NONE', #857, 1000.000000000000000 ) ;
#903 = CARTESIAN_POINT ( 'NONE',  ( -25.00000000000001421, -1.000000000000000000, -1.836970198721027617E-15 ) ) ;
#904 = DIRECTION ( 'NONE',  ( 0.000000000000000000, -1.000000000000000000, -0.000000000000000000 ) ) ;
#905 = EDGE_CURVE ( 'NONE', #4369, #3681, #2511, .T. ) ;
#906 = DIRECTION ( 'NONE',  ( 3.469446951953615668E-16, 0.000000000000000000, -1.000000000000000000 ) ) ;
#907 = AXIS2_PLACEMENT_3D ( 'NONE', #4184, #3871, #483 ) ;
#908 = LINE ( 'NONE', #462, #3476 ) ;
#909 = ORIENTED_EDGE ( 'NONE', *, *, #3656, .T. ) ;
#910 = FACE_OUTER_BOUND ( 'NONE', #4036, .T. ) ;
#911 = CARTESIAN_POINT ( 'NONE',  ( -33.99999999999998579, -48.00000000000000000, 36.99999999999999289 ) ) ;
#912 = AXIS2_PLACEMENT_3D ( 'NONE', #2132, #2153, #2202 ) ;
#913 = EDGE_LOOP ( 'NONE', ( #4198, #4189, #3706, #3630 ) ) ;
#914 = VECTOR ( 'NONE', #588, 1000.000000000000000 ) ;
#915 = EDGE_CURVE ( 'NONE', #138, #4021, #4399, .T. ) ;
#916 = EDGE_LOOP ( 'NONE', ( #2696, #844, #3327, #2184 ) ) ;
#917 = AXIS2_PLACEMENT_3D ( 'NONE', #2174, #1090, #308 ) ;
#918 = VECTOR ( 'NONE', #2297, 1000.000000000000000 ) ;
#919 = DIRECTION ( 'NONE',  ( 0.000000000000000000, 0.000000000000000000, 1.000000000000000000 ) ) ;
#920 = EDGE_LOOP ( 'NONE', ( #3729, #90, #4761, #1152, #2702, #2005, #4467, #4724, #512, #3184, #726, #724 ) ) ;
#921 = ORIENTED_EDGE ( 'NONE', *, *, #1661, .F. ) ;
#922 = CARTESIAN_POINT ( 'NONE',  ( -11.49999999999999645, 6.000000000000000000, 28.99999999999999289 ) ) ;
#923 = EDGE_CURVE ( 'NONE', #2679, #578, #3145, .T. ) ;
#924 = ORIENTED_EDGE ( 'NONE', *, *, #559, .T. ) ;
#925 = CARTESIAN_POINT ( 'NONE',  ( -23.00000000000001421, -1.000000000000000000, 7.979727989493320523E-15 ) ) ;
#926 = EDGE_CURVE ( 'NONE', #574, #2073, #3107, .T. ) ;
#927 = CARTESIAN_POINT ( 'NONE',  ( -33.99999999999995737, -50.49999999999999289, 101.9999999999999858 ) ) ;
#928 = VERTEX_POINT ( 'NONE', #1944 ) ;
#929 = CARTESIAN_POINT ( 'NONE',  ( -59.00000000000000711, -33.00000000000000000, 30.00000000000000355 ) ) ;
#930 = DIRECTION ( 'NONE',  ( -1.000000000000000000, 0.000000000000000000, 0.000000000000000000 ) ) ;
#931 = CARTESIAN_POINT ( 'NONE',  ( -45.00000000000000711, -48.00000000000000000, 29.99999999999998579 ) ) ;
#932 = FACE_OUTER_BOUND ( 'NONE', #1984, .T. ) ;
#933 = LINE ( 'NONE', #1028, #401 ) ;
#934 = EDGE_LOOP ( 'NONE', ( #3915, #3486 ) ) ;
#935 = DIRECTION ( 'NONE',  ( 3.469446951953615668E-16, -0.000000000000000000, 1.000000000000000000 ) ) ;
#936 = LINE ( 'NONE', #2457, #1646 ) ;
#937 = PRODUCT_RELATED_PRODUCT_CATEGORY ( 'detail', '', ( #4167 ) ) ;
#938 =( BOUNDED_CURVE ( )  B_SPLINE_CURVE ( 3, ( #1167, #4264, #3909, #1614 ),
 .UNSPECIFIED., .F., .T. ) 
 B_SPLINE_CURVE_WITH_KNOTS ( ( 4, 4 ),
 ( 3.141592653589793560, 4.712388980384689674 ),
 .UNSPECIFIED. ) 
 CURVE ( )  GEOMETRIC_REPRESENTATION_ITEM ( )  RATIONAL_B_SPLINE_CURVE ( ( 1.000000000000000000, 0.8047378541243650485, 0.8047378541243650485, 1.000000000000000000 ) ) 
 REPRESENTATION_ITEM ( '' )  );
#939 = ORIENTED_EDGE ( 'NONE', *, *, #2793, .F. ) ;
#940 = ADVANCED_FACE ( 'NONE', ( #4614 ), #1997, .T. ) ;
#941 = EDGE_CURVE ( 'NONE', #4600, #3554, #3134, .T. ) ;
#942 = ORIENTED_EDGE ( 'NONE', *, *, #577, .T. ) ;
#943 = CARTESIAN_POINT ( 'NONE',  ( 34.00000000000000000, -43.50000000000000000, 46.99999999999999289 ) ) ;
#944 = ORIENTED_EDGE ( 'NONE', *, *, #4412, .F. ) ;
#945 = ORIENTED_EDGE ( 'NONE', *, *, #1547, .F. ) ;
#946 = CARTESIAN_POINT ( 'NONE',  ( -35.00000000000000000, 10.00000000000000178, 14.99999999999998579 ) ) ;
#947 = VERTEX_POINT ( 'NONE', #4736 ) ;
#948 = CARTESIAN_POINT ( 'NONE',  ( -31.99999999999995381, -50.33922322702763807, 101.1961161351381833 ) ) ;
#949 = EDGE_CURVE ( 'NONE', #1826, #1723, #4500, .T. ) ;
#950 = CARTESIAN_POINT ( 'NONE',  ( -23.99999999999997868, -50.91980390271855583, 98.99999999999998579 ) ) ;
#951 = ORIENTED_EDGE ( 'NONE', *, *, #387, .F. ) ;
#952 = CARTESIAN_POINT ( 'NONE',  ( 32.52349577873761177, -50.32881229686480395, 101.1440614843240127 ) ) ;
#953 = PLANE ( 'NONE',  #3920 ) ;
#954 = EDGE_CURVE ( 'NONE', #2086, #3574, #104, .T. ) ;
#955 = CARTESIAN_POINT ( 'NONE',  ( -34.99999999999995737, -50.91980390271855583, 98.99999999999998579 ) ) ;
#956 = EDGE_CURVE ( 'NONE', #1274, #3206, #4001, .T. ) ;
#957 = FACE_OUTER_BOUND ( 'NONE', #489, .T. ) ;
#958 = CARTESIAN_POINT ( 'NONE',  ( 0.000000000000000000, 0.000000000000000000, 0.000000000000000000 ) ) ;
#959 = CARTESIAN_POINT ( 'NONE',  ( 44.00000000000000711, 9.000000000000001776, 28.99999999999998224 ) ) ;
#960 = DIRECTION ( 'NONE',  ( 4.625929269271485914E-16, -0.000000000000000000, 1.000000000000000000 ) ) ;
#961 = FACE_OUTER_BOUND ( 'NONE', #970, .T. ) ;
#962 = ORIENTED_EDGE ( 'NONE', *, *, #2657, .T. ) ;
#963 = ORIENTED_EDGE ( 'NONE', *, *, #3918, .T. ) ;
#964 = AXIS2_PLACEMENT_3D ( 'NONE', #4864, #339, #4595 ) ;
#965 = AXIS2_PLACEMENT_3D ( 'NONE', #321, #1072, #3333 ) ;
#966 = CARTESIAN_POINT ( 'NONE',  ( 24.41421356237309581, -43.50000000000000000, 46.99999999999999289 ) ) ;
#967 = ORIENTED_EDGE ( 'NONE', *, *, #1233, .F. ) ;
#968 = ORIENTED_EDGE ( 'NONE', *, *, #956, .T. ) ;
#969 = EDGE_CURVE ( 'NONE', #2333, #762, #1362, .T. ) ;
#970 = EDGE_LOOP ( 'NONE', ( #4766, #515, #2720, #1034 ) ) ;
#971 = DIRECTION ( 'NONE',  ( 0.000000000000000000, 0.000000000000000000, -1.000000000000000000 ) ) ;
#972 = VECTOR ( 'NONE', #4514, 1000.000000000000000 ) ;
#973 = CARTESIAN_POINT ( 'NONE',  ( 35.00000000000000000, -48.00000000000000000, 11.22500000000002629 ) ) ;
#975 = VERTEX_POINT ( 'NONE', #2476 ) ;
#974 = AXIS2_PLACEMENT_3D ( 'NONE', #1353, #1705, #2949 ) ;
#976 = DIRECTION ( 'NONE',  ( -3.469446951953615668E-16, -0.000000000000000000, 1.000000000000000000 ) ) ;
#977 = ADVANCED_FACE ( 'NONE', ( #4781 ), #953, .T. ) ;
#978 = CARTESIAN_POINT ( 'NONE',  ( -26.99999999999997868, -58.50000000000000000, 100.9999999999999858 ) ) ;
#979 = CIRCLE ( 'NONE', #2818, 1.000000000000000888 ) ;
#980 = DIRECTION ( 'NONE',  ( 1.000000000000000000, -0.000000000000000000, 1.156482317317871725E-16 ) ) ;
#981 = DIRECTION ( 'NONE',  ( 0.000000000000000000, 0.000000000000000000, 1.000000000000000000 ) ) ;
#982 = DIRECTION ( 'NONE',  ( 0.000000000000000000, 0.000000000000000000, 1.000000000000000000 ) ) ;
#983 = DIRECTION ( 'NONE',  ( 1.000000000000000000, -0.000000000000000000, -0.000000000000000000 ) ) ;
#984 = ORIENTED_EDGE ( 'NONE', *, *, #3624, .T. ) ;
#985 = AXIS2_PLACEMENT_3D ( 'NONE', #4427, #1789, #3712 ) ;
#986 = VECTOR ( 'NONE', #2488, 1000.000000000000000 ) ;
#987 = ORIENTED_EDGE ( 'NONE', *, *, #4624, .F. ) ;
#988 = LINE ( 'NONE', #2137, #1375 ) ;
#989 = AXIS2_PLACEMENT_3D ( 'NONE', #4570, #2742, #3108 ) ;
#990 = ADVANCED_FACE ( 'NONE', ( #2079 ), #2404, .T. ) ;
#991 = ORIENTED_EDGE ( 'NONE', *, *, #4383, .T. ) ;
#992 = FACE_OUTER_BOUND ( 'NONE', #994, .T. ) ;
#993 = CARTESIAN_POINT ( 'NONE',  ( -44.00000000000000711, -31.00000000000000711, 30.00000000000000000 ) ) ;
#994 = EDGE_LOOP ( 'NONE', ( #184, #4217, #2654, #4863 ) ) ;
#995 = VECTOR ( 'NONE', #4756, 1000.000000000000000 ) ;
#996 = CARTESIAN_POINT ( 'NONE',  ( -34.99999999999997868, -43.91421356237309226, 46.58578643762689353 ) ) ;
#997 = CYLINDRICAL_SURFACE ( 'NONE', #1799, 1.000000000000000888 ) ;
#998 = CARTESIAN_POINT ( 'NONE',  ( -46.00000000000000711, -30.00000000000000000, 29.99999999999998579 ) ) ;
#999 = VERTEX_POINT ( 'NONE', #1666 ) ;
#1000 = VECTOR ( 'NONE', #3127, 1000.000000000000000 ) ;
#1001 = PLANE ( 'NONE',  #112 ) ;
#1002 = APPROVAL_PERSON_ORGANIZATION ( #2376, #3576, #4287 ) ;
#1003 = LINE ( 'NONE', #1490, #4323 ) ;
#1004 = DIRECTION ( 'NONE',  ( 1.000000000000000000, 0.000000000000000000, -4.625929269271485914E-16 ) ) ;
#1005 = PLANE ( 'NONE',  #3980 ) ;
#1006 = DIRECTION ( 'NONE',  ( -1.836970198721029688E-16, 0.000000000000000000, -1.000000000000000000 ) ) ;
#1007 = AXIS2_PLACEMENT_3D ( 'NONE', #4462, #1061, #2594 ) ;
#1008 = CARTESIAN_POINT ( 'NONE',  ( -33.99999999999997868, -58.50000000000000000, 47.00000000000000000 ) ) ;
#1009 = CARTESIAN_POINT ( 'NONE',  ( -34.00000000000000000, -47.00000000000000000, -4.625929269271486900E-16 ) ) ;
#1010 = ORIENTED_EDGE ( 'NONE', *, *, #1176, .T. ) ;
#1011 = EDGE_CURVE ( 'NONE', #2214, #825, #4799, .T. ) ;
#1012 = ORIENTED_EDGE ( 'NONE', *, *, #1846, .F. ) ;
#1013 = EDGE_CURVE ( 'NONE', #4651, #1417, #376, .T. ) ;
#1014 = CARTESIAN_POINT ( 'NONE',  ( 0.000000000000000000, 0.000000000000000000, 102.0000000000000000 ) ) ;
#1015 = AXIS2_PLACEMENT_3D ( 'NONE', #156, #527, #2047 ) ;
#1016 = EDGE_LOOP ( 'NONE', ( #4622, #3421, #3120, #4793 ) ) ;
#1017 = FACE_OUTER_BOUND ( 'NONE', #39, .T. ) ;
#1018 = LINE ( 'NONE', #644, #1620 ) ;
#1019 = ORIENTED_EDGE ( 'NONE', *, *, #1629, .T. ) ;
#1020 = CARTESIAN_POINT ( 'NONE',  ( -25.00000000000000355, -1.000000000000000000, 29.99999999999999645 ) ) ;
#1021 = CARTESIAN_POINT ( 'NONE',  ( -59.00000000000000711, -31.00000000000000000, 29.99999999999998579 ) ) ;
#1022 = ORIENTED_EDGE ( 'NONE', *, *, #1509, .T. ) ;
#1023 = CARTESIAN_POINT ( 'NONE',  ( -44.00000000000000711, 9.000000000000001776, 30.00000000000000355 ) ) ;
#1024 = CARTESIAN_POINT ( 'NONE',  ( 11.50000000000000355, 0.000000000000000000, 28.99999999999998934 ) ) ;
#1025 = DIRECTION ( 'NONE',  ( -1.000000000000000000, 0.000000000000000000, 0.000000000000000000 ) ) ;
#1026 = CARTESIAN_POINT ( 'NONE',  ( 24.00000000000000355, -37.53827298338325846, 32.09234540332332841 ) ) ;
#1027 = EDGE_CURVE ( 'NONE', #3674, #1656, #3545, .T. ) ;
#1028 = CARTESIAN_POINT ( 'NONE',  ( -11.49999999999999645, 6.000000000000000000, 28.99999999999999289 ) ) ;
#1029 = CARTESIAN_POINT ( 'NONE',  ( 25.00000000000001421, -48.00000000000000000, -9.425607053499583673E-16 ) ) ;
#1030 = CARTESIAN_POINT ( 'NONE',  ( 11.50000000000000533, 1.000000000000000000, 0.9999999999999913403 ) ) ;
#1031 = CARTESIAN_POINT ( 'NONE',  ( -33.99999999999997868, 0.000000000000000000, 36.99999999999999289 ) ) ;
#1032 = AXIS2_PLACEMENT_3D ( 'NONE', #4446, #3264, #2631 ) ;
#1033 = EDGE_CURVE ( 'NONE', #2383, #3016, #172, .T. ) ;
#1034 = ORIENTED_EDGE ( 'NONE', *, *, #4621, .T. ) ;
#1035 = AXIS2_PLACEMENT_3D ( 'NONE', #3363, #3794, #4826 ) ;
#1036 = EDGE_LOOP ( 'NONE', ( #452, #4548, #1317, #2682 ) ) ;
#1037 = CARTESIAN_POINT ( 'NONE',  ( -45.00000000000000711, 10.00000000000000000, 1.000000000000000888 ) ) ;
#1038 = AXIS2_PLACEMENT_3D ( 'NONE', #4558, #4261, #3840 ) ;
#1039 = VERTEX_POINT ( 'NONE', #222 ) ;
#1040 = ORIENTED_EDGE ( 'NONE', *, *, #3099, .F. ) ;
#1041 = CYLINDRICAL_SURFACE ( 'NONE', #2487, 1.000000000000000888 ) ;
#1042 = VERTEX_POINT ( 'NONE', #4379 ) ;
#1043 = DIRECTION ( 'NONE',  ( 0.000000000000000000, 0.000000000000000000, -1.000000000000000000 ) ) ;
#1044 = DIRECTION ( 'NONE',  ( -3.402072636420479940E-16, -0.1961161351381834894, 0.9805806756909203337 ) ) ;
#1045 = VECTOR ( 'NONE', #3028, 1000.000000000000000 ) ;
#1046 = ORIENTED_EDGE ( 'NONE', *, *, #4836, .F. ) ;
#1047 = DIRECTION ( 'NONE',  ( 0.000000000000000000, 0.000000000000000000, 1.000000000000000000 ) ) ;
#1048 = CARTESIAN_POINT ( 'NONE',  ( -35.00000000000000000, -48.00000000000000000, 14.99999999999998579 ) ) ;
#1049 = LINE ( 'NONE', #2583, #3926 ) ;
#1050 = CARTESIAN_POINT ( 'NONE',  ( -34.99999999999998579, -28.99999999999999645, 40.99999999999999289 ) ) ;
#1051 = CARTESIAN_POINT ( 'NONE',  ( -7.999999999999992895, 10.00000000000000000, 11.99999999999998934 ) ) ;
#1052 = ADVANCED_FACE ( 'NONE', ( #151 ), #3199, .F. ) ;
#1053 = FACE_OUTER_BOUND ( 'NONE', #3890, .T. ) ;
#1054 = DIRECTION ( 'NONE',  ( 1.000000000000000000, 0.000000000000000000, 0.000000000000000000 ) ) ;
#1055 = CARTESIAN_POINT ( 'NONE',  ( 33.22909344751198546, -50.25908996247465410, 100.7954498123732634 ) ) ;
#1056 = FACE_OUTER_BOUND ( 'NONE', #3257, .T. ) ;
#1057 = CARTESIAN_POINT ( 'NONE',  ( 1.959434878635764984E-16, 10.00000000000000000, 21.59999999999999787 ) ) ;
#1058 = ADVANCED_FACE ( 'NONE', ( #1713 ), #249, .F. ) ;
#1059 = VECTOR ( 'NONE', #856, 1000.000000000000000 ) ;
#1060 = CIRCLE ( 'NONE', #201, 1.000000000000000888 ) ;
#1061 = DIRECTION ( 'NONE',  ( 0.000000000000000000, 1.000000000000000000, 0.000000000000000000 ) ) ;
#1062 = ORIENTED_EDGE ( 'NONE', *, *, #23, .F. ) ;
#1063 = CARTESIAN_POINT ( 'NONE',  ( 25.23891792235959386, -50.39183835926209554, 101.4591917963067971 ) ) ;
#1064 = EDGE_CURVE ( 'NONE', #443, #4463, #1311, .T. ) ;
#1065 = ORIENTED_EDGE ( 'NONE', *, *, #4523, .T. ) ;
#1066 = AXIS2_PLACEMENT_3D ( 'NONE', #3667, #1193, #3516 ) ;
#1067 = DIRECTION ( 'NONE',  ( 0.000000000000000000, 0.000000000000000000, 1.000000000000000000 ) ) ;
#1068 = VERTEX_POINT ( 'NONE', #903 ) ;
#1070 = DIRECTION ( 'NONE',  ( 0.000000000000000000, 0.000000000000000000, 1.000000000000000000 ) ) ;
#1069 = VECTOR ( 'NONE', #2124, 1000.000000000000000 ) ;
#1071 = EDGE_CURVE ( 'NONE', #928, #2786, #4652, .T. ) ;
#1072 = DIRECTION ( 'NONE',  ( -0.000000000000000000, -1.000000000000000000, -0.000000000000000000 ) ) ;
#1073 = CARTESIAN_POINT ( 'NONE',  ( -25.00000000000000355, 0.000000000000000000, 29.99999999999999645 ) ) ;
#1074 = VERTEX_POINT ( 'NONE', #2452 ) ;
#1075 = DIRECTION ( 'NONE',  ( -0.000000000000000000, -0.000000000000000000, 1.000000000000000000 ) ) ;
#1076 = VECTOR ( 'NONE', #3722, 1000.000000000000000 ) ;
#1077 = DIRECTION ( 'NONE',  ( -1.000000000000000000, -2.312964634635737349E-17, -0.000000000000000000 ) ) ;
#1078 = ORIENTED_EDGE ( 'NONE', *, *, #3891, .T. ) ;
#1079 = EDGE_CURVE ( 'NONE', #1095, #4024, #754, .T. ) ;
#1080 = FACE_OUTER_BOUND ( 'NONE', #4743, .T. ) ;
#1081 = CIRCLE ( 'NONE', #2267, 1.000000000000000000 ) ;
#1082 = EDGE_CURVE ( 'NONE', #2463, #4097, #1003, .T. ) ;
#1083 = DIRECTION ( 'NONE',  ( -1.000000000000000000, 0.000000000000000000, 1.836970198721027962E-16 ) ) ;
#1084 = CARTESIAN_POINT ( 'NONE',  ( 8.000000000000007105, 10.00000000000000000, 11.99999999999999645 ) ) ;
#1085 = AXIS2_PLACEMENT_3D ( 'NONE', #1544, #2616, #29 ) ;
#1086 = AXIS2_PLACEMENT_3D ( 'NONE', #1930, #3438, #3074 ) ;
#1087 = DIRECTION ( 'NONE',  ( 3.469446951953615668E-16, 0.000000000000000000, 1.000000000000000000 ) ) ;
#1088 = DIRECTION ( 'NONE',  ( 0.000000000000000000, 0.000000000000000000, -1.000000000000000000 ) ) ;
#1089 = VERTEX_POINT ( 'NONE', #4099 ) ;
#1090 = DIRECTION ( 'NONE',  ( 1.000000000000000000, 0.000000000000000000, 3.469446951953615668E-16 ) ) ;
#1091 = DIRECTION ( 'NONE',  ( -1.000000000000000000, 0.000000000000000000, 1.982541115402065849E-16 ) ) ;
#1092 = DIRECTION ( 'NONE',  ( 1.000000000000000000, 0.000000000000000000, -3.469446951953615668E-16 ) ) ;
#1093 = DIRECTION ( 'NONE',  ( -2.891205793294678326E-16, 1.000000000000000000, -0.000000000000000000 ) ) ;
#1094 = ORIENTED_EDGE ( 'NONE', *, *, #1913, .F. ) ;
#1095 = VERTEX_POINT ( 'NONE', #2530 ) ;
#1096 = FACE_OUTER_BOUND ( 'NONE', #2122, .T. ) ;
#1097 = ADVANCED_FACE ( 'NONE', ( #4 ), #2170, .T. ) ;
#1098 = ORIENTED_EDGE ( 'NONE', *, *, #702, .F. ) ;
#1099 = CARTESIAN_POINT ( 'NONE',  ( -34.99999999999999289, 6.999999999999995559, 30.00000000000000000 ) ) ;
#1100 = ADVANCED_FACE ( 'NONE', ( #2554 ), #2610, .T. ) ;
#1101 = EDGE_CURVE ( 'NONE', #3554, #1074, #274, .T. ) ;
#1102 = LINE ( 'NONE', #4420, #2729 ) ;
#1103 = DIRECTION ( 'NONE',  ( -1.982541115402065603E-16, 0.000000000000000000, -1.000000000000000000 ) ) ;
#1104 = ORIENTED_EDGE ( 'NONE', *, *, #1848, .T. ) ;
#1105 = CARTESIAN_POINT ( 'NONE',  ( 8.000000000000007105, 6.000000000000003553, 13.59999999999999964 ) ) ;
#1106 = AXIS2_PLACEMENT_3D ( 'NONE', #3111, #4315, #4617 ) ;
#1107 = ORIENTED_EDGE ( 'NONE', *, *, #3536, .F. ) ;
#1108 = LINE ( 'NONE', #1812, #2962 ) ;
#1109 = DIRECTION ( 'NONE',  ( -1.000000000000000000, 0.000000000000000000, 0.000000000000000000 ) ) ;
#1110 = DIRECTION ( 'NONE',  ( 0.000000000000000000, -1.000000000000000000, 0.000000000000000000 ) ) ;
#1111 = EDGE_CURVE ( 'NONE', #1068, #4176, #60, .T. ) ;
#1112 = EDGE_CURVE ( 'NONE', #3508, #2518, #1645, .T. ) ;
#1113 = LINE ( 'NONE', #1494, #284 ) ;
#1114 = DIRECTION ( 'NONE',  ( 0.000000000000000000, 1.000000000000000000, 0.000000000000000000 ) ) ;
#1115 = ORIENTED_EDGE ( 'NONE', *, *, #3774, .T. ) ;
#1116 = CARTESIAN_POINT ( 'NONE',  ( 35.00000000000000000, -50.00525931994163642, 97.41421356237307805 ) ) ;
#1117 = AXIS2_PLACEMENT_3D ( 'NONE', #26, #4559, #2684 ) ;
#1118 = DIRECTION ( 'NONE',  ( -1.000000000000000000, -0.000000000000000000, -0.000000000000000000 ) ) ;
#1119 = CARTESIAN_POINT ( 'NONE',  ( 24.99999999999998224, -49.49999999999999289, 96.99999999999997158 ) ) ;
#1120 = EDGE_CURVE ( 'NONE', #3922, #142, #4072, .T. ) ;
#1121 = CARTESIAN_POINT ( 'NONE',  ( -31.99999999999995381, -50.33922322702763807, 101.1961161351381833 ) ) ;
#1122 = VERTEX_POINT ( 'NONE', #1813 ) ;
#1123 = CARTESIAN_POINT ( 'NONE',  ( -24.00000000000000355, -48.00000000000000000, 36.99999999999999289 ) ) ;
#1124 = ORIENTED_EDGE ( 'NONE', *, *, #3989, .F. ) ;
#1125 = ORIENTED_EDGE ( 'NONE', *, *, #3592, .T. ) ;
#1126 = CARTESIAN_POINT ( 'NONE',  ( 24.00000000000000711, -50.49999999999999289, 96.99999999999997158 ) ) ;
#1127 = LINE ( 'NONE', #3731, #4857 ) ;
#1128 = DIRECTION ( 'NONE',  ( -1.000000000000000000, 3.154042683594195121E-16, 0.000000000000000000 ) ) ;
#1129 = VERTEX_POINT ( 'NONE', #3292 ) ;
#1130 = AXIS2_PLACEMENT_3D ( 'NONE', #4051, #2861, #2456 ) ;
#1131 = VERTEX_POINT ( 'NONE', #4046 ) ;
#1132 = EDGE_CURVE ( 'NONE', #2155, #4366, #3461, .T. ) ;
#1133 = AXIS2_PLACEMENT_3D ( 'NONE', #3864, #496, #3173 ) ;
#1134 = CARTESIAN_POINT ( 'NONE',  ( 34.00000000000000000, -28.99999999999999645, 30.99999999999998579 ) ) ;
#1135 = DIRECTION ( 'NONE',  ( -0.000000000000000000, 1.000000000000000000, 0.000000000000000000 ) ) ;
#1136 = CARTESIAN_POINT ( 'NONE',  ( -35.00000000000000000, 10.00000000000000178, 17.77499999999998437 ) ) ;
#1137 = DIRECTION ( 'NONE',  ( 1.000000000000000000, 3.154042683594195121E-16, -1.982541115402065603E-16 ) ) ;
#1138 = DIRECTION ( 'NONE',  ( -1.982541115402065603E-16, 0.000000000000000000, -1.000000000000000000 ) ) ;
#1139 = ORIENTED_EDGE ( 'NONE', *, *, #3741, .F. ) ;
#1140 = LINE ( 'NONE', #1840, #1248 ) ;
#1141 = ADVANCED_FACE ( 'NONE', ( #3317 ), #730, .T. ) ;
#1142 = VECTOR ( 'NONE', #3859, 1000.000000000000000 ) ;
#1143 = CARTESIAN_POINT ( 'NONE',  ( -45.00000000000001421, -43.50000000000000000, 41.99999999999999289 ) ) ;
#1144 = AXIS2_PLACEMENT_3D ( 'NONE', #2172, #2988, #1432 ) ;
#1145 = CARTESIAN_POINT ( 'NONE',  ( 23.00000000000000355, -1.000000000000000888, 28.99999999999998934 ) ) ;
#1146 = EDGE_LOOP ( 'NONE', ( #3031, #3407, #3548, #2389 ) ) ;
#1147 = EDGE_CURVE ( 'NONE', #2053, #4014, #1430, .T. ) ;
#1148 = CARTESIAN_POINT ( 'NONE',  ( 26.99999999999997513, -50.50000000000000000, 101.9999999999999716 ) ) ;
#1149 = EDGE_CURVE ( 'NONE', #2518, #3508, #1962, .T. ) ;
#1150 = CIRCLE ( 'NONE', #663, 1.000000000000000888 ) ;
#1151 = ORIENTED_EDGE ( 'NONE', *, *, #1695, .F. ) ;
#1152 = ORIENTED_EDGE ( 'NONE', *, *, #1064, .T. ) ;
#1153 = DIRECTION ( 'NONE',  ( 0.000000000000000000, 0.000000000000000000, -1.000000000000000000 ) ) ;
#1154 = LINE ( 'NONE', #775, #4767 ) ;
#1155 = CARTESIAN_POINT ( 'NONE',  ( 11.50000000000000355, 6.000000000000004441, -1.387778780781445676E-14 ) ) ;
#1156 = VERTEX_POINT ( 'NONE', #4073 ) ;
#1157 = EDGE_CURVE ( 'NONE', #2291, #4163, #4484, .T. ) ;
#1158 = CARTESIAN_POINT ( 'NONE',  ( -24.07808197605004707, -51.02450305841119160, 99.78524366769592291 ) ) ;
#1159 = AXIS2_PLACEMENT_3D ( 'NONE', #2201, #1867, #4052 ) ;
#1160 = ORIENTED_EDGE ( 'NONE', *, *, #1913, .T. ) ;
#1161 = CARTESIAN_POINT ( 'NONE',  ( -59.00000000000000711, -31.00000000000000000, 29.00000000000000000 ) ) ;
#1162 = VECTOR ( 'NONE', #4406, 1000.000000000000000 ) ;
#1163 = CIRCLE ( 'NONE', #3921, 5.250000000000000000 ) ;
#1164 = CARTESIAN_POINT ( 'NONE',  ( -24.99999999999998579, -49.49999999999999289, 96.99999999999997158 ) ) ;
#1165 = DIRECTION ( 'NONE',  ( 0.000000000000000000, -1.000000000000000000, 0.000000000000000000 ) ) ;
#1166 = DIRECTION ( 'NONE',  ( 1.000000000000000000, -6.878321229954417514E-32, -1.982541115402066342E-16 ) ) ;
#1167 = CARTESIAN_POINT ( 'NONE',  ( -24.99999999999998224, -49.49999999999999289, 96.99999999999995737 ) ) ;
#1168 = ORIENTED_EDGE ( 'NONE', *, *, #1149, .T. ) ;
#1169 = AXIS2_PLACEMENT_3D ( 'NONE', #3662, #4381, #1025 ) ;
#1170 = CARTESIAN_POINT ( 'NONE',  ( 34.00000000000000000, -49.49999999999999289, 96.99999999999997158 ) ) ;
#1171 = CARTESIAN_POINT ( 'NONE',  ( 24.00000000000000355, -47.00000000000000000, 29.99999999999998579 ) ) ;
#1172 = CARTESIAN_POINT ( 'NONE',  ( -11.49999999999999645, 6.000000000000000000, -1.387778780781445676E-14 ) ) ;
#1173 = CARTESIAN_POINT ( 'NONE',  ( -34.99999999999998579, 10.00000000000000000, 37.99999999999999289 ) ) ;
#1174 = EDGE_LOOP ( 'NONE', ( #716, #3098, #3350, #3339 ) ) ;
#1175 = ORIENTED_EDGE ( 'NONE', *, *, #1132, .F. ) ;
#1176 = EDGE_CURVE ( 'NONE', #67, #2212, #596, .T. ) ;
#1177 = EDGE_LOOP ( 'NONE', ( #2285, #48, #1186, #3961 ) ) ;
#1178 = CARTESIAN_POINT ( 'NONE',  ( -46.00000000000000711, -30.00000000000000000, 29.00000000000000000 ) ) ;
#1179 = AXIS2_PLACEMENT_3D ( 'NONE', #614, #3566, #2859 ) ;
#1180 = CARTESIAN_POINT ( 'NONE',  ( -35.00000000000000000, -46.99999999999988631, 12.22499999999998543 ) ) ;
#1181 = EDGE_CURVE ( 'NONE', #3465, #2074, #834, .T. ) ;
#1182 = LINE ( 'NONE', #4869, #2605 ) ;
#1183 = ORIENTED_EDGE ( 'NONE', *, *, #66, .F. ) ;
#1184 = EDGE_CURVE ( 'NONE', #1303, #1847, #4247, .T. ) ;
#1185 = AXIS2_PLACEMENT_3D ( 'NONE', #3477, #2066, #1975 ) ;
#1186 = ORIENTED_EDGE ( 'NONE', *, *, #366, .F. ) ;
#1187 = DIRECTION ( 'NONE',  ( -0.000000000000000000, -1.000000000000000000, -0.000000000000000000 ) ) ;
#1188 = CARTESIAN_POINT ( 'NONE',  ( 24.00000000000000711, -47.49999999999999289, 96.99999999999997158 ) ) ;
#1189 = DIRECTION ( 'NONE',  ( 0.000000000000000000, 0.000000000000000000, -1.000000000000000000 ) ) ;
#1190 = DIRECTION ( 'NONE',  ( 1.000000000000000000, -6.878321229954416420E-32, -1.982541115402065849E-16 ) ) ;
#1191 = ORIENTED_EDGE ( 'NONE', *, *, #729, .T. ) ;
#1192 = COORDINATED_UNIVERSAL_TIME_OFFSET ( 9, 0, .AHEAD. ) ;
#1193 = DIRECTION ( 'NONE',  ( 1.000000000000000000, 0.000000000000000000, -1.982541115402065603E-16 ) ) ;
#1194 = DIRECTION ( 'NONE',  ( 0.000000000000000000, 3.469446951953615175E-16, 1.000000000000000000 ) ) ;
#1195 = DIRECTION ( 'NONE',  ( -0.000000000000000000, -1.000000000000000000, -0.000000000000000000 ) ) ;
#1196 = VERTEX_POINT ( 'NONE', #3396 ) ;
#1197 = ORIENTED_EDGE ( 'NONE', *, *, #4195, .T. ) ;
#1198 = ORIENTED_EDGE ( 'NONE', *, *, #2003, .T. ) ;
#1199 = DIRECTION ( 'NONE',  ( 0.000000000000000000, 0.1961161351381834894, -0.9805806756909202226 ) ) ;
#1200 = CARTESIAN_POINT ( 'NONE',  ( 35.00000000000000000, -59.08578643762690064, 37.41421356237308515 ) ) ;
#1201 = ORIENTED_EDGE ( 'NONE', *, *, #4783, .T. ) ;
#1202 = ORIENTED_EDGE ( 'NONE', *, *, #4479, .F. ) ;
#1203 = DIRECTION ( 'NONE',  ( 0.000000000000000000, 1.000000000000000000, 0.000000000000000000 ) ) ;
#1204 = DIRECTION ( 'NONE',  ( -0.000000000000000000, -0.000000000000000000, 1.000000000000000000 ) ) ;
#1205 = FACE_OUTER_BOUND ( 'NONE', #4846, .T. ) ;
#1206 =( BOUNDED_CURVE ( )  B_SPLINE_CURVE ( 3, ( #1745, #3695, #2965, #1346 ),
 .UNSPECIFIED., .F., .F. ) 
 B_SPLINE_CURVE_WITH_KNOTS ( ( 4, 4 ),
 ( 4.712388980384693227, 6.283185307179586232 ),
 .UNSPECIFIED. ) 
 CURVE ( )  GEOMETRIC_REPRESENTATION_ITEM ( )  RATIONAL_B_SPLINE_CURVE ( ( 1.000000000000000000, 0.8047378541243658256, 0.8047378541243658256, 1.000000000000000000 ) ) 
 REPRESENTATION_ITEM ( '' )  );
#1207 = CARTESIAN_POINT ( 'NONE',  ( -24.00000000000000711, -50.49999999999999289, 96.99999999999997158 ) ) ;
#1208 = CIRCLE ( 'NONE', #3829, 1.000000000000000888 ) ;
#1209 = FACE_BOUND ( 'NONE', #4253, .T. ) ;
#1210 = VECTOR ( 'NONE', #896, 1000.000000000000000 ) ;
#1211 = EDGE_LOOP ( 'NONE', ( #22, #1524, #1486, #1502 ) ) ;
#1212 = DIRECTION ( 'NONE',  ( -1.000000000000000000, 0.000000000000000000, 0.000000000000000000 ) ) ;
#1213 = CARTESIAN_POINT ( 'NONE',  ( -23.99999999999997513, -50.91421356237309226, 97.41421356237306384 ) ) ;
#1214 = EDGE_CURVE ( 'NONE', #1303, #3674, #2755, .T. ) ;
#1215 = CYLINDRICAL_SURFACE ( 'NONE', #2485, 1.000000000000000888 ) ;
#1216 = CYLINDRICAL_SURFACE ( 'NONE', #3939, 1.000000000000000888 ) ;
#1217 = ORIENTED_EDGE ( 'NONE', *, *, #2514, .T. ) ;
#1218 = DIRECTION ( 'NONE',  ( -1.000000000000000000, 6.373270656782302695E-32, 1.836970198721029934E-16 ) ) ;
#1219 = ORIENTED_EDGE ( 'NONE', *, *, #3093, .F. ) ;
#1220 = AXIS2_PLACEMENT_3D ( 'NONE', #2454, #3954, #566 ) ;
#1221 = AXIS2_PLACEMENT_3D ( 'NONE', #4170, #4866, #1479 ) ;
#1222 = VERTEX_POINT ( 'NONE', #497 ) ;
#1223 = ADVANCED_FACE ( 'NONE', ( #3443 ), #4535, .T. ) ;
#1224 = VECTOR ( 'NONE', #3152, 1000.000000000000000 ) ;
#1225 = CARTESIAN_POINT ( 'NONE',  ( -45.00000000000000711, -48.00000000000000000, 29.00000000000000000 ) ) ;
#1226 = VERTEX_POINT ( 'NONE', #2296 ) ;
#1227 = AXIS2_PLACEMENT_3D ( 'NONE', #2173, #1088, #2614 ) ;
#1228 = ORIENTED_EDGE ( 'NONE', *, *, #926, .T. ) ;
#1229 = VERTEX_POINT ( 'NONE', #2760 ) ;
#1230 = CARTESIAN_POINT ( 'NONE',  ( -45.00000000000001421, -43.50000000000000000, 46.99999999999999289 ) ) ;
#1231 = LINE ( 'NONE', #1564, #4223 ) ;
#1232 = CARTESIAN_POINT ( 'NONE',  ( -35.00000000000000000, 0.9999999999999991118, 0.000000000000000000 ) ) ;
#1233 = EDGE_CURVE ( 'NONE', #3241, #3678, #853, .T. ) ;
#1234 = CARTESIAN_POINT ( 'NONE',  ( -23.99999999999997868, -48.00000000000000000, 97.99999999999997158 ) ) ;
#1235 = CARTESIAN_POINT ( 'NONE',  ( -34.99999999999998579, -58.50000000000000000, 37.99999999999999289 ) ) ;
#1236 = ORIENTED_EDGE ( 'NONE', *, *, #4368, .T. ) ;
#1237 = EDGE_CURVE ( 'NONE', #1089, #1680, #1231, .T. ) ;
#1238 = VECTOR ( 'NONE', #976, 1000.000000000000000 ) ;
#1239 = CARTESIAN_POINT ( 'NONE',  ( -33.99999999999998579, -27.99999999999999645, 31.00000000000000000 ) ) ;
#1240 = FACE_OUTER_BOUND ( 'NONE', #259, .T. ) ;
#1241 = AXIS2_PLACEMENT_3D ( 'NONE', #4812, #713, #2223 ) ;
#1242 = CARTESIAN_POINT ( 'NONE',  ( -44.00000000000000711, -30.00000000000000000, 30.00000000000000355 ) ) ;
#1243 = CARTESIAN_POINT ( 'NONE',  ( 23.00000000000001421, 0.000000000000000000, 0.9999999999999893419 ) ) ;
#1244 = ORIENTED_EDGE ( 'NONE', *, *, #4569, .T. ) ;
#1245 = CARTESIAN_POINT ( 'NONE',  ( 25.05205465070004678, -50.04392238272045290, 99.71961191360222188 ) ) ;
#1246 = CIRCLE ( 'NONE', #1169, 1.600000000000001643 ) ;
#1247 = ORIENTED_EDGE ( 'NONE', *, *, #3092, .T. ) ;
#1248 = VECTOR ( 'NONE', #3345, 1000.000000000000000 ) ;
#1249 = AXIS2_PLACEMENT_3D ( 'NONE', #4573, #361, #715 ) ;
#1250 = ORIENTED_EDGE ( 'NONE', *, *, #1443, .T. ) ;
#1251 = ORIENTED_EDGE ( 'NONE', *, *, #1937, .F. ) ;
#1252 = EDGE_CURVE ( 'NONE', #4390, #3567, #3468, .T. ) ;
#1253 = ORIENTED_EDGE ( 'NONE', *, *, #533, .T. ) ;
#1254 = ORIENTED_EDGE ( 'NONE', *, *, #3525, .F. ) ;
#1255 = VECTOR ( 'NONE', #691, 1000.000000000000000 ) ;
#1256 = CARTESIAN_POINT ( 'NONE',  ( 44.00000000000000711, 10.00000000000000000, 0.9999999999999854561 ) ) ;
#1257 = CARTESIAN_POINT ( 'NONE',  ( -33.22909344751193572, -50.25908996247429883, 100.7954498123715013 ) ) ;
#1258 = DIRECTION ( 'NONE',  ( 3.469446951953614189E-15, 0.000000000000000000, -1.000000000000000000 ) ) ;
#1259 = FACE_BOUND ( 'NONE', #265, .T. ) ;
#1260 = ORIENTED_EDGE ( 'NONE', *, *, #969, .F. ) ;
#1261 = MECHANICAL_CONTEXT ( 'NONE', #1702, 'mechanical' ) ;
#1262 = CARTESIAN_POINT ( 'NONE',  ( 34.00000000000000000, -49.93922322702763950, 99.19611613513818327 ) ) ;
#1263 = EDGE_CURVE ( 'NONE', #832, #2304, #50, .T. ) ;
#1264 = VECTOR ( 'NONE', #1964, 1000.000000000000000 ) ;
#1265 = CYLINDRICAL_SURFACE ( 'NONE', #438, 1.000000000000000888 ) ;
#1266 = DIRECTION ( 'NONE',  ( 1.000000000000000000, 3.154042683594195121E-16, -1.982541115402065603E-16 ) ) ;
#1267 = EDGE_LOOP ( 'NONE', ( #1421, #163, #900, #2056 ) ) ;
#1268 = CARTESIAN_POINT ( 'NONE',  ( 25.25242721925476275, -50.14067081722690489, 100.2033540861344960 ) ) ;
#1269 = AXIS2_PLACEMENT_3D ( 'NONE', #3865, #3816, #4202 ) ;
#1270 = EDGE_CURVE ( 'NONE', #37, #4524, #3974, .T. ) ;
#1271 = EDGE_LOOP ( 'NONE', ( #4797, #2314, #2599, #3884 ) ) ;
#1272 = EDGE_LOOP ( 'NONE', ( #2874, #3165, #4744, #2419 ) ) ;
#1273 = EDGE_LOOP ( 'NONE', ( #1202, #4683, #1260, #4726, #1419 ) ) ;
#1274 = VERTEX_POINT ( 'NONE', #3488 ) ;
#1275 = DIRECTION ( 'NONE',  ( -0.000000000000000000, -1.000000000000000000, -0.000000000000000000 ) ) ;
#1276 = CARTESIAN_POINT ( 'NONE',  ( -34.99999999999995737, -50.91980390271855583, 98.99999999999998579 ) ) ;
#1277 = CARTESIAN_POINT ( 'NONE',  ( -7.999999999999992895, 10.00000000000000000, 10.39999999999998970 ) ) ;
#1278 = DIRECTION ( 'NONE',  ( -1.885568995626964287E-16, 1.000000000000000000, 0.000000000000000000 ) ) ;
#1279 = ORIENTED_EDGE ( 'NONE', *, *, #2320, .F. ) ;
#1280 = SHAPE_DEFINITION_REPRESENTATION ( #4532, #4789 ) ;
#1281 = DIRECTION ( 'NONE',  ( -3.469446951953615668E-16, 0.000000000000000000, -1.000000000000000000 ) ) ;
#1282 = DIRECTION ( 'NONE',  ( -1.000000000000000000, 0.000000000000000000, 0.000000000000000000 ) ) ;
#1283 = VECTOR ( 'NONE', #4045, 1000.000000000000000 ) ;
#1284 = CARTESIAN_POINT ( 'NONE',  ( 34.00000000000000000, -49.49999999999999289, 96.99999999999997158 ) ) ;
#1285 = ADVANCED_FACE ( 'NONE', ( #76 ), #4262, .T. ) ;
#1286 = CARTESIAN_POINT ( 'NONE',  ( -25.00000000000000000, -27.99999999999999289, 40.99999999999999289 ) ) ;
#1287 = VERTEX_POINT ( 'NONE', #4153 ) ;
#1288 = LINE ( 'NONE', #2860, #3991 ) ;
#1289 = CONICAL_SURFACE ( 'NONE', #3967, 2.774999999999999467, 0.7853981633974482790 ) ;
#1290 = VECTOR ( 'NONE', #2316, 1000.000000000000000 ) ;
#1291 = AXIS2_PLACEMENT_3D ( 'NONE', #2628, #749, #3310 ) ;
#1292 = EDGE_CURVE ( 'NONE', #4366, #2572, #2857, .T. ) ;
#1293 =( BOUNDED_CURVE ( )  B_SPLINE_CURVE ( 3, ( #2763, #479, #4665, #1940 ),
 .UNSPECIFIED., .F., .T. ) 
 B_SPLINE_CURVE_WITH_KNOTS ( ( 4, 4 ),
 ( 1.051058757860506664E-15, 1.570796326794896780 ),
 .UNSPECIFIED. ) 
 CURVE ( )  GEOMETRIC_REPRESENTATION_ITEM ( )  RATIONAL_B_SPLINE_CURVE ( ( 1.000000000000000000, 0.8047378541243652705, 0.8047378541243652705, 1.000000000000000000 ) ) 
 REPRESENTATION_ITEM ( '' )  );
#1294 = VERTEX_POINT ( 'NONE', #4230 ) ;
#1295 = EDGE_CURVE ( 'NONE', #113, #4539, #402, .T. ) ;
#1296 = ORIENTED_EDGE ( 'NONE', *, *, #1965, .F. ) ;
#1297 = AXIS2_PLACEMENT_3D ( 'NONE', #3704, #2288, #1554 ) ;
#1298 = FACE_OUTER_BOUND ( 'NONE', #1016, .T. ) ;
#1299 = VERTEX_POINT ( 'NONE', #2732 ) ;
#1300 = ORIENTED_EDGE ( 'NONE', *, *, #551, .F. ) ;
#1301 = CARTESIAN_POINT ( 'NONE',  ( 35.00000000000000000, -51.50000000000000000, 45.99999999999999289 ) ) ;
#1302 = CIRCLE ( 'NONE', #4058, 1.000000000000000888 ) ;
#1303 = VERTEX_POINT ( 'NONE', #474 ) ;
#1304 = CARTESIAN_POINT ( 'NONE',  ( -31.99999999999995381, -51.31980390271855441, 102.0000000000000000 ) ) ;
#1305 = VECTOR ( 'NONE', #2586, 1000.000000000000000 ) ;
#1306 = CARTESIAN_POINT ( 'NONE',  ( 35.00000000000000000, -43.91421356237309936, 41.58578643762690064 ) ) ;
#1307 = CARTESIAN_POINT ( 'NONE',  ( -24.00000000000000000, -43.50000000000000000, 40.99999999999999289 ) ) ;
#1308 = ORIENTED_EDGE ( 'NONE', *, *, #3230, .T. ) ;
#1309 = CARTESIAN_POINT ( 'NONE',  ( 32.26184658199107247, -50.33922322702620278, 101.1961161351310210 ) ) ;
#1310 = CIRCLE ( 'NONE', #1315, 1.000000000000000888 ) ;
#1311 = LINE ( 'NONE', #4685, #1478 ) ;
#1312 = LINE ( 'NONE', #4357, #914 ) ;
#1313 = PRODUCT_DEFINITION ( 'UNKNOWN', '', #2274, #2517 ) ;
#1314 = CARTESIAN_POINT ( 'NONE',  ( 36.00000000000000711, -47.00000000000000000, 30.99999999999998579 ) ) ;
#1315 = AXIS2_PLACEMENT_3D ( 'NONE', #959, #615, #981 ) ;
#1316 = CARTESIAN_POINT ( 'NONE',  ( 0.000000000000000000, 10.00000000000000000, 11.99999999999998934 ) ) ;
#1317 = ORIENTED_EDGE ( 'NONE', *, *, #3156, .F. ) ;
#1318 = CARTESIAN_POINT ( 'NONE',  ( -24.99999999999998224, -50.49999999999999289, 102.0000000000000000 ) ) ;
#1319 = LINE ( 'NONE', #1982, #2889 ) ;
#1320 = LINE ( 'NONE', #1955, #3692 ) ;
#1321 = VECTOR ( 'NONE', #4450, 1000.000000000000000 ) ;
#1322 = ORIENTED_EDGE ( 'NONE', *, *, #1214, .F. ) ;
#1323 = AXIS2_PLACEMENT_3D ( 'NONE', #153, #904, #4289 ) ;
#1324 = VERTEX_POINT ( 'NONE', #758 ) ;
#1325 = CIRCLE ( 'NONE', #1085, 2.000000000000001776 ) ;
#1326 = EDGE_CURVE ( 'NONE', #4097, #1755, #2292, .T. ) ;
#1327 = AXIS2_PLACEMENT_3D ( 'NONE', #3410, #1532, #3049 ) ;
#1328 = ADVANCED_FACE ( 'NONE', ( #1987 ), #2272, .T. ) ;
#1329 = LINE ( 'NONE', #4017, #727 ) ;
#1330 = ORIENTED_EDGE ( 'NONE', *, *, #3530, .T. ) ;
#1331 = CARTESIAN_POINT ( 'NONE',  ( 25.00000000000000355, -48.00000000000000000, 28.99999999999998934 ) ) ;
#1332 = ADVANCED_FACE ( 'NONE', ( #2012 ), #1911, .F. ) ;
#1333 = DIRECTION ( 'NONE',  ( 0.000000000000000000, -1.000000000000000000, 0.000000000000000000 ) ) ;
#1334 = ORIENTED_EDGE ( 'NONE', *, *, #3068, .T. ) ;
#1335 = FACE_OUTER_BOUND ( 'NONE', #920, .T. ) ;
#1336 = EDGE_CURVE ( 'NONE', #4820, #1579, #2704, .T. ) ;
#1337 = DIRECTION ( 'NONE',  ( 0.000000000000000000, 0.000000000000000000, 1.000000000000000000 ) ) ;
#1338 = ORIENTED_EDGE ( 'NONE', *, *, #954, .T. ) ;
#1339 = CARTESIAN_POINT ( 'NONE',  ( 34.00000000000000000, -48.00000000000000000, 36.99999999999999289 ) ) ;
#1340 = DIRECTION ( 'NONE',  ( -0.000000000000000000, 2.312964634635743450E-16, 1.000000000000000000 ) ) ;
#1341 = DIRECTION ( 'NONE',  ( -0.000000000000000000, 1.000000000000000000, -0.000000000000000000 ) ) ;
#1342 = DIRECTION ( 'NONE',  ( -1.000000000000000000, -0.000000000000000000, 1.982541115402065603E-16 ) ) ;
#1343 =( BOUNDED_CURVE ( )  B_SPLINE_CURVE ( 3, ( #2800, #3263, #537, #1706 ),
 .UNSPECIFIED., .F., .T. ) 
 B_SPLINE_CURVE_WITH_KNOTS ( ( 4, 4 ),
 ( 4.712388980384693227, 6.283185307179586232 ),
 .UNSPECIFIED. ) 
 CURVE ( )  GEOMETRIC_REPRESENTATION_ITEM ( )  RATIONAL_B_SPLINE_CURVE ( ( 1.000000000000000000, 0.8047378541243658256, 0.8047378541243658256, 1.000000000000000000 ) ) 
 REPRESENTATION_ITEM ( '' )  );
#1344 = CYLINDRICAL_SURFACE ( 'NONE', #1179, 1.000000000000000888 ) ;
#1345 = DIRECTION ( 'NONE',  ( -0.000000000000000000, -1.000000000000000000, 0.000000000000000000 ) ) ;
#1346 = CARTESIAN_POINT ( 'NONE',  ( -33.99999999999995737, -49.49999999999999289, 96.99999999999995737 ) ) ;
#1347 = DIRECTION ( 'NONE',  ( -4.625929269271485914E-16, 0.000000000000000000, -1.000000000000000000 ) ) ;
#1348 = ADVANCED_FACE ( 'NONE', ( #781 ), #1936, .F. ) ;
#1349 = ORIENTED_EDGE ( 'NONE', *, *, #2963, .T. ) ;
#1350 = EDGE_LOOP ( 'NONE', ( #4589, #2145, #4825, #3745 ) ) ;
#1351 = LINE ( 'NONE', #2816, #4620 ) ;
#1352 = ORIENTED_EDGE ( 'NONE', *, *, #4483, .T. ) ;
#1353 = CARTESIAN_POINT ( 'NONE',  ( 25.00000000000001421, -47.00000000000000000, 8.673617379884044938E-15 ) ) ;
#1354 = AXIS2_PLACEMENT_3D ( 'NONE', #1188, #2708, #803 ) ;
#1355 = DIRECTION ( 'NONE',  ( 0.000000000000000000, 0.000000000000000000, 1.000000000000000000 ) ) ;
#1356 = CARTESIAN_POINT ( 'NONE',  ( -32.52349577873778230, -50.32881229686478264, 101.1440614843239274 ) ) ;
#1357 = CARTESIAN_POINT ( 'NONE',  ( 36.00000000000000711, -48.00000000000000000, 28.99999999999998579 ) ) ;
#1358 = EDGE_LOOP ( 'NONE', ( #2948, #4888, #3534, #3839 ) ) ;
#1359 = ADVANCED_FACE ( 'NONE', ( #4662 ), #3907, .F. ) ;
#1360 = CARTESIAN_POINT ( 'NONE',  ( 34.00000000000000000, -43.50000000000000000, 41.99999999999999289 ) ) ;
#1361 = CIRCLE ( 'NONE', #2796, 1.000000000000000888 ) ;
#1362 = LINE ( 'NONE', #543, #3532 ) ;
#1363 = CARTESIAN_POINT ( 'NONE',  ( 25.00000000000000000, -48.00000000000000000, 37.99999999999999289 ) ) ;
#1364 = FACE_BOUND ( 'NONE', #718, .T. ) ;
#1365 = DIRECTION ( 'NONE',  ( -3.469446951953615668E-16, -0.000000000000000000, 1.000000000000000000 ) ) ;
#1366 = DIRECTION ( 'NONE',  ( 0.000000000000000000, 0.000000000000000000, -1.000000000000000000 ) ) ;
#1367 = VECTOR ( 'NONE', #795, 1000.000000000000000 ) ;
#1368 = CARTESIAN_POINT ( 'NONE',  ( -24.00000000000000355, -28.00000000000000000, 30.99999999999999645 ) ) ;
#1369 = CIRCLE ( 'NONE', #884, 1.000000000000000888 ) ;
#1370 = EDGE_CURVE ( 'NONE', #975, #2283, #4525, .T. ) ;
#1371 =( BOUNDED_CURVE ( )  B_SPLINE_CURVE ( 3, ( #370, #1557, #723, #3762 ),
 .UNSPECIFIED., .F., .T. ) 
 B_SPLINE_CURVE_WITH_KNOTS ( ( 4, 4 ),
 ( 4.712388980384689674, 6.283185307179580015 ),
 .UNSPECIFIED. ) 
 CURVE ( )  GEOMETRIC_REPRESENTATION_ITEM ( )  RATIONAL_B_SPLINE_CURVE ( ( 1.000000000000000000, 0.8047378541243649375, 0.8047378541243649375, 1.000000000000000000 ) ) 
 REPRESENTATION_ITEM ( '' )  );
#1372 = ORIENTED_EDGE ( 'NONE', *, *, #2258, .T. ) ;
#1373 = CARTESIAN_POINT ( 'NONE',  ( -25.99276204927744160, -50.28873778319952237, 100.9436889159975834 ) ) ;
#1374 = ORIENTED_EDGE ( 'NONE', *, *, #3892, .F. ) ;
#1375 = VECTOR ( 'NONE', #3649, 1000.000000000000000 ) ;
#1376 = CARTESIAN_POINT ( 'NONE',  ( -25.00000000000001421, -47.00000000000000000, 0.9999999999999983347 ) ) ;
#1377 = VERTEX_POINT ( 'NONE', #2095 ) ;
#1378 = CARTESIAN_POINT ( 'NONE',  ( 44.00000000000000711, -48.00000000000000000, 28.99999999999998224 ) ) ;
#1379 = VECTOR ( 'NONE', #1974, 1000.000000000000000 ) ;
#1380 = FACE_OUTER_BOUND ( 'NONE', #4318, .T. ) ;
#1381 = EDGE_LOOP ( 'NONE', ( #4677, #1673, #2624, #2054 ) ) ;
#1382 = CARTESIAN_POINT ( 'NONE',  ( -24.00000000000001421, -1.000000000000000000, 0.9999999999999970024 ) ) ;
#1383 = FACE_OUTER_BOUND ( 'NONE', #3379, .T. ) ;
#1384 = ORIENTED_EDGE ( 'NONE', *, *, #711, .T. ) ;
#1385 = CYLINDRICAL_SURFACE ( 'NONE', #645, 1.000000000000000888 ) ;
#1386 = CARTESIAN_POINT ( 'NONE',  ( -24.99999999999999289, -43.50000000000000000, 46.99999999999999289 ) ) ;
#1387 = DIRECTION ( 'NONE',  ( 0.000000000000000000, 0.000000000000000000, -1.000000000000000000 ) ) ;
#1388 = EDGE_CURVE ( 'NONE', #975, #3922, #2396, .T. ) ;
#1389 = DIRECTION ( 'NONE',  ( 0.000000000000000000, -1.000000000000000000, 0.000000000000000000 ) ) ;
#1390 = CYLINDRICAL_SURFACE ( 'NONE', #4345, 2.774999999999999467 ) ;
#1391 = EDGE_CURVE ( 'NONE', #3905, #2548, #3557, .T. ) ;
#1392 = FACE_OUTER_BOUND ( 'NONE', #3499, .T. ) ;
#1393 = VECTOR ( 'NONE', #2411, 1000.000000000000000 ) ;
#1394 = EDGE_LOOP ( 'NONE', ( #1602, #2608, #2427, #3968, #2051 ) ) ;
#1395 = AXIS2_PLACEMENT_3D ( 'NONE', #650, #3709, #1784 ) ;
#1396 = ORIENTED_EDGE ( 'NONE', *, *, #1147, .F. ) ;
#1397 =( BOUNDED_CURVE ( )  B_SPLINE_CURVE ( 3, ( #170, #4335, #4378, #2827 ),
 .UNSPECIFIED., .F., .T. ) 
 B_SPLINE_CURVE_WITH_KNOTS ( ( 4, 4 ),
 ( 4.712388980384689674, 6.283185307179586232 ),
 .UNSPECIFIED. ) 
 CURVE ( )  GEOMETRIC_REPRESENTATION_ITEM ( )  RATIONAL_B_SPLINE_CURVE ( ( 1.000000000000000000, 0.8047378541243649375, 0.8047378541243649375, 1.000000000000000000 ) ) 
 REPRESENTATION_ITEM ( '' )  );
#1398 = CARTESIAN_POINT ( 'NONE',  ( -35.00000000000000000, -46.99999999999988631, 14.99999999999998579 ) ) ;
#1399 = VECTOR ( 'NONE', #3517, 1000.000000000000000 ) ;
#1400 = VERTEX_POINT ( 'NONE', #1681 ) ;
#1401 = LINE ( 'NONE', #575, #3359 ) ;
#1402 = CARTESIAN_POINT ( 'NONE',  ( -45.00000000000001421, -43.50000000000000000, 46.99999999999999289 ) ) ;
#1403 = ORIENTED_EDGE ( 'NONE', *, *, #1503, .T. ) ;
#1404 = DIRECTION ( 'NONE',  ( 0.000000000000000000, -1.000000000000000000, 0.000000000000000000 ) ) ;
#1405 = EDGE_CURVE ( 'NONE', #44, #3215, #2637, .T. ) ;
#1406 = LINE ( 'NONE', #3634, #4249 ) ;
#1407 = ORIENTED_EDGE ( 'NONE', *, *, #4172, .T. ) ;
#1408 = CARTESIAN_POINT ( 'NONE',  ( 25.00000000000000355, -28.00000000000000000, 30.99999999999998934 ) ) ;
#1409 = CARTESIAN_POINT ( 'NONE',  ( -59.00000000000000711, 0.000000000000000000, 29.00000000000000000 ) ) ;
#1410 = DIRECTION ( 'NONE',  ( 0.000000000000000000, -1.000000000000000000, 0.000000000000000000 ) ) ;
#1411 = CIRCLE ( 'NONE', #4340, 5.250000000000000000 ) ;
#1412 = ADVANCED_FACE ( 'NONE', ( #3193 ), #3459, .T. ) ;
#1413 = FACE_BOUND ( 'NONE', #3094, .T. ) ;
#1414 = CARTESIAN_POINT ( 'NONE',  ( -46.00000000000000711, -30.00000000000001066, 1.000000000000004441 ) ) ;
#1415 = DIRECTION ( 'NONE',  ( 1.000000000000000000, 0.000000000000000000, 0.000000000000000000 ) ) ;
#1416 = CARTESIAN_POINT ( 'NONE',  ( 35.00000000000000000, -48.00000000000000000, 18.77499999999994529 ) ) ;
#1417 = VERTEX_POINT ( 'NONE', #2801 ) ;
#1418 = CARTESIAN_POINT ( 'NONE',  ( 25.99276204927782175, -50.28873778319951526, 100.9436889159975408 ) ) ;
#1419 = ORIENTED_EDGE ( 'NONE', *, *, #4707, .T. ) ;
#1420 = DIRECTION ( 'NONE',  ( 1.000000000000000000, 0.000000000000000000, 0.000000000000000000 ) ) ;
#1421 = ORIENTED_EDGE ( 'NONE', *, *, #236, .T. ) ;
#1422 = CARTESIAN_POINT ( 'NONE',  ( -31.99999999999995381, -50.33922322702763807, 101.1961161351381833 ) ) ;
#1423 = CARTESIAN_POINT ( 'NONE',  ( 0.000000000000000000, 0.000000000000000000, 46.99999999999999289 ) ) ;
#1424 = EDGE_LOOP ( 'NONE', ( #3735, #1244, #967, #4892 ) ) ;
#1425 = DIRECTION ( 'NONE',  ( -0.000000000000000000, -1.000000000000000000, -0.000000000000000000 ) ) ;
#1426 = CYLINDRICAL_SURFACE ( 'NONE', #2828, 1.000000000000000888 ) ;
#1427 = VERTEX_POINT ( 'NONE', #539 ) ;
#1428 = DIRECTION ( 'NONE',  ( 1.982541115402065603E-16, -0.000000000000000000, 1.000000000000000000 ) ) ;
#1429 = ADVANCED_FACE ( 'NONE', ( #4304 ), #897, .T. ) ;
#1430 = LINE ( 'NONE', #2957, #1321 ) ;
#1431 = CARTESIAN_POINT ( 'NONE',  ( -31.99999999999995381, -58.49999999999999289, 98.99999999999998579 ) ) ;
#1432 = DIRECTION ( 'NONE',  ( 0.000000000000000000, -0.000000000000000000, -1.000000000000000000 ) ) ;
#1433 = DIRECTION ( 'NONE',  ( -0.000000000000000000, 1.000000000000000000, 0.000000000000000000 ) ) ;
#1434 = PLANE ( 'NONE',  #466 ) ;
#1435 = DIRECTION ( 'NONE',  ( -0.000000000000000000, -1.000000000000000000, -0.000000000000000000 ) ) ;
#1436 = DIRECTION ( 'NONE',  ( 0.000000000000000000, 1.000000000000000000, 0.000000000000000000 ) ) ;
#1437 = CARTESIAN_POINT ( 'NONE',  ( 35.00000000000000000, -58.49999999999999289, 98.99999999999998579 ) ) ;
#1438 = AXIS2_PLACEMENT_3D ( 'NONE', #2239, #1428, #2956 ) ;
#1439 = ADVANCED_FACE ( 'NONE', ( #1335 ), #2850, .T. ) ;
#1440 = CARTESIAN_POINT ( 'NONE',  ( 25.00000000000000000, 0.000000000000000000, 36.99999999999999289 ) ) ;
#1441 = ORIENTED_EDGE ( 'NONE', *, *, #2372, .T. ) ;
#1442 = EDGE_LOOP ( 'NONE', ( #2091, #3923, #3289, #4388 ) ) ;
#1443 = EDGE_CURVE ( 'NONE', #4436, #2002, #2500, .T. ) ;
#1444 = VECTOR ( 'NONE', #3268, 999.9999999999998863 ) ;
#1445 = DIRECTION ( 'NONE',  ( 0.000000000000000000, 0.000000000000000000, -1.000000000000000000 ) ) ;
#1446 = EDGE_CURVE ( 'NONE', #2776, #1122, #4096, .T. ) ;
#1447 = ORIENTED_EDGE ( 'NONE', *, *, #565, .F. ) ;
#1448 = CARTESIAN_POINT ( 'NONE',  ( -23.00000000000000355, 1.000000000000000000, 28.99999999999999289 ) ) ;
#1449 = CARTESIAN_POINT ( 'NONE',  ( -12.49999999999999645, 7.000000000000000000, 29.99999999999999645 ) ) ;
#1450 = DIRECTION ( 'NONE',  ( -0.000000000000000000, 1.000000000000000000, -0.000000000000000000 ) ) ;
#1451 = ORIENTED_EDGE ( 'NONE', *, *, #1446, .F. ) ;
#1452 = CYLINDRICAL_SURFACE ( 'NONE', #499, 1.000000000000000888 ) ;
#1453 = FACE_OUTER_BOUND ( 'NONE', #3986, .T. ) ;
#1454 = VECTOR ( 'NONE', #2525, 1000.000000000000000 ) ;
#1455 = ORIENTED_EDGE ( 'NONE', *, *, #4257, .T. ) ;
#1456 = LINE ( 'NONE', #326, #1283 ) ;
#1457 = CARTESIAN_POINT ( 'NONE',  ( -24.41421356237309581, -43.49999999999999289, 41.99999999999998579 ) ) ;
#1458 = CARTESIAN_POINT ( 'NONE',  ( -33.99999999999998579, -48.00000000000000000, 31.00000000000000000 ) ) ;
#1459 = CIRCLE ( 'NONE', #3056, 1.000000000000000888 ) ;
#1460 = CARTESIAN_POINT ( 'NONE',  ( -24.99999999999999645, -44.50000000000000000, 46.99999999999998579 ) ) ;
#1461 = CARTESIAN_POINT ( 'NONE',  ( -11.91421356237308693, 0.4142135623730922034, 29.99999999999998934 ) ) ;
#1462 = CIRCLE ( 'NONE', #2415, 1.000000000000000000 ) ;
#1463 = DIRECTION ( 'NONE',  ( 1.000000000000000000, 0.000000000000000000, 0.000000000000000000 ) ) ;
#1464 = AXIS2_PLACEMENT_3D ( 'NONE', #2660, #4103, #2638 ) ;
#1465 = DIRECTION ( 'NONE',  ( 0.000000000000000000, 0.000000000000000000, 1.000000000000000000 ) ) ;
#1466 = LINE ( 'NONE', #2994, #297 ) ;
#1467 = EDGE_CURVE ( 'NONE', #3779, #216, #1361, .T. ) ;
#1468 = ADVANCED_FACE ( 'NONE', ( #266 ), #1452, .T. ) ;
#1469 = EDGE_CURVE ( 'NONE', #287, #391, #3110, .T. ) ;
#1470 = VECTOR ( 'NONE', #3067, 1000.000000000000000 ) ;
#1471 = DIRECTION ( 'NONE',  ( 0.000000000000000000, 1.000000000000000000, 0.000000000000000000 ) ) ;
#1472 = ORIENTED_EDGE ( 'NONE', *, *, #3656, .F. ) ;
#1473 = CARTESIAN_POINT ( 'NONE',  ( -26.60723012701372880, -51.31980390271764492, 102.0000000000000000 ) ) ;
#1474 = EDGE_LOOP ( 'NONE', ( #639, #471, #1677, #3303 ) ) ;
#1475 = VECTOR ( 'NONE', #3848, 1000.000000000000000 ) ;
#1476 = FACE_OUTER_BOUND ( 'NONE', #2596, .T. ) ;
#1477 = ORIENTED_EDGE ( 'NONE', *, *, #1643, .T. ) ;
#1479 = DIRECTION ( 'NONE',  ( 0.000000000000000000, 0.000000000000000000, -1.000000000000000000 ) ) ;
#1478 = VECTOR ( 'NONE', #4311, 1000.000000000000000 ) ;
#1480 = CARTESIAN_POINT ( 'NONE',  ( -33.99999999999995737, -50.91980390271855583, 98.99999999999998579 ) ) ;
#1481 = EDGE_CURVE ( 'NONE', #1656, #1274, #3654, .T. ) ;
#1482 = CARTESIAN_POINT ( 'NONE',  ( 23.00000000000000355, -1.000000000000000888, 28.99999999999998934 ) ) ;
#1483 = ORIENTED_EDGE ( 'NONE', *, *, #3505, .T. ) ;
#1484 = DIRECTION ( 'NONE',  ( -1.836970198721029688E-16, 0.000000000000000000, -1.000000000000000000 ) ) ;
#1485 = AXIS2_PLACEMENT_3D ( 'NONE', #549, #4387, #2069 ) ;
#1486 = ORIENTED_EDGE ( 'NONE', *, *, #3277, .F. ) ;
#1487 = DIRECTION ( 'NONE',  ( 0.000000000000000000, -0.000000000000000000, 1.000000000000000000 ) ) ;
#1488 = CIRCLE ( 'NONE', #3384, 1.599999999999999867 ) ;
#1489 = EDGE_CURVE ( 'NONE', #1377, #825, #4441, .T. ) ;
#1490 = CARTESIAN_POINT ( 'NONE',  ( -34.00000000000000000, -48.00000000000000000, 1.572815951552305309E-14 ) ) ;
#1491 = CARTESIAN_POINT ( 'NONE',  ( -35.00000000000000000, 0.9999999999999991118, 0.000000000000000000 ) ) ;
#1492 = CIRCLE ( 'NONE', #536, 1.000000000000000888 ) ;
#1493 = AXIS2_PLACEMENT_3D ( 'NONE', #3378, #2620, #768 ) ;
#1494 = CARTESIAN_POINT ( 'NONE',  ( 5.749369234665989114E-15, 10.00000000000000000, 28.99999999999998934 ) ) ;
#1495 = FACE_OUTER_BOUND ( 'NONE', #3514, .T. ) ;
#1496 = EDGE_LOOP ( 'NONE', ( #4678, #3037 ) ) ;
#1497 = CARTESIAN_POINT ( 'NONE',  ( -60.00000000000000711, 0.000000000000000000, 0.000000000000000000 ) ) ;
#1498 = CARTESIAN_POINT ( 'NONE',  ( 11.91421356237310292, 0.4142135623730944793, 29.99999999999999289 ) ) ;
#1499 = CYLINDRICAL_SURFACE ( 'NONE', #912, 1.000000000000002220 ) ;
#1500 = FACE_OUTER_BOUND ( 'NONE', #528, .T. ) ;
#1501 = ORIENTED_EDGE ( 'NONE', *, *, #2107, .T. ) ;
#1502 = ORIENTED_EDGE ( 'NONE', *, *, #4088, .F. ) ;
#1503 = EDGE_CURVE ( 'NONE', #2086, #67, #4422, .T. ) ;
#1504 = ORIENTED_EDGE ( 'NONE', *, *, #4416, .F. ) ;
#1505 = DIRECTION ( 'NONE',  ( 0.000000000000000000, 1.000000000000000000, 0.000000000000000000 ) ) ;
#1506 = CYLINDRICAL_SURFACE ( 'NONE', #3201, 1.000000000000001332 ) ;
#1507 = VERTEX_POINT ( 'NONE', #1105 ) ;
#1508 = DIRECTION ( 'NONE',  ( -1.000000000000000000, -2.891205793294678819E-16, 0.000000000000000000 ) ) ;
#1509 = EDGE_CURVE ( 'NONE', #2114, #160, #1625, .T. ) ;
#1510 = ORIENTED_EDGE ( 'NONE', *, *, #2668, .T. ) ;
#1511 = LINE ( 'NONE', #1887, #4294 ) ;
#1512 = DIRECTION ( 'NONE',  ( 0.000000000000000000, 0.000000000000000000, -1.000000000000000000 ) ) ;
#1513 = DIRECTION ( 'NONE',  ( 0.000000000000000000, 0.000000000000000000, 1.000000000000000000 ) ) ;
#1514 = EDGE_CURVE ( 'NONE', #4539, #4121, #3707, .T. ) ;
#1515 = CARTESIAN_POINT ( 'NONE',  ( -7.999999999999992895, 10.00000000000000000, 10.39999999999998970 ) ) ;
#1516 = DIRECTION ( 'NONE',  ( 1.000000000000000000, 0.000000000000000000, -0.000000000000000000 ) ) ;
#1517 = ORIENTED_EDGE ( 'NONE', *, *, #2397, .F. ) ;
#1518 = EDGE_CURVE ( 'NONE', #1122, #2971, #1782, .T. ) ;
#1519 = LINE ( 'NONE', #4106, #3306 ) ;
#1520 = CARTESIAN_POINT ( 'NONE',  ( 24.99999999999998224, -59.50000000000000000, 98.99999999999998579 ) ) ;
#1521 = DIRECTION ( 'NONE',  ( 8.659560562354874926E-17, -0.7071067811865524577, 0.7071067811865426878 ) ) ;
#1522 = LINE ( 'NONE', #4542, #3072 ) ;
#1523 = CARTESIAN_POINT ( 'NONE',  ( 0.000000000000000000, 6.000000000000001776, 11.99999999999998934 ) ) ;
#1524 = ORIENTED_EDGE ( 'NONE', *, *, #1181, .F. ) ;
#1525 = FACE_OUTER_BOUND ( 'NONE', #709, .T. ) ;
#1526 = EDGE_CURVE ( 'NONE', #1131, #4497, #4847, .T. ) ;
#1527 = VERTEX_POINT ( 'NONE', #1382 ) ;
#1528 = VECTOR ( 'NONE', #681, 1000.000000000000000 ) ;
#1529 = ORIENTED_EDGE ( 'NONE', *, *, #801, .F. ) ;
#1530 = DIRECTION ( 'NONE',  ( -1.836970198721029688E-16, 0.000000000000000000, -1.000000000000000000 ) ) ;
#1531 = DIRECTION ( 'NONE',  ( 0.000000000000000000, -1.000000000000000000, 0.000000000000000000 ) ) ;
#1532 = DIRECTION ( 'NONE',  ( -1.360829054568218008E-15, 0.1961161351381880413, -0.9805806756909194455 ) ) ;
#1533 = ORIENTED_EDGE ( 'NONE', *, *, #2897, .T. ) ;
#1534 = VECTOR ( 'NONE', #960, 1000.000000000000000 ) ;
#1535 = VECTOR ( 'NONE', #2758, 1000.000000000000000 ) ;
#1536 =( BOUNDED_CURVE ( )  B_SPLINE_CURVE ( 3, ( #1742, #3716, #1816, #3664 ),
 .UNSPECIFIED., .F., .T. ) 
 B_SPLINE_CURVE_WITH_KNOTS ( ( 4, 4 ),
 ( 4.712388980384689674, 6.283185307179586232 ),
 .UNSPECIFIED. ) 
 CURVE ( )  GEOMETRIC_REPRESENTATION_ITEM ( )  RATIONAL_B_SPLINE_CURVE ( ( 1.000000000000000000, 0.8047378541243649375, 0.8047378541243649375, 1.000000000000000000 ) ) 
 REPRESENTATION_ITEM ( '' )  );
#1537 = ORIENTED_EDGE ( 'NONE', *, *, #3337, .F. ) ;
#1538 = DIRECTION ( 'NONE',  ( 0.000000000000000000, 1.000000000000000000, 0.000000000000000000 ) ) ;
#1539 = DIRECTION ( 'NONE',  ( -0.000000000000000000, 1.000000000000000000, -0.000000000000000000 ) ) ;
#1540 = CARTESIAN_POINT ( 'NONE',  ( -26.99999999999997868, -50.33922322702763807, 101.1961161351381833 ) ) ;
#1541 = DIRECTION ( 'NONE',  ( -0.000000000000000000, -1.000000000000000000, -0.000000000000000000 ) ) ;
#1542 = CARTESIAN_POINT ( 'NONE',  ( -25.00000000000000355, -1.000000000000000000, 28.99999999999999289 ) ) ;
#1543 = ORIENTED_EDGE ( 'NONE', *, *, #3835, .F. ) ;
#1544 = CARTESIAN_POINT ( 'NONE',  ( -26.99999999999997868, -59.50000000000000000, 98.99999999999998579 ) ) ;
#1545 = DIRECTION ( 'NONE',  ( 0.000000000000000000, 0.000000000000000000, -1.000000000000000000 ) ) ;
#1546 = LINE ( 'NONE', #3803, #4324 ) ;
#1547 = EDGE_CURVE ( 'NONE', #3574, #3267, #2899, .T. ) ;
#1548 = ADVANCED_FACE ( 'NONE', ( #629 ), #4823, .T. ) ;
#1549 = CARTESIAN_POINT ( 'NONE',  ( -24.00000000000000000, -47.00000000000000000, 37.99999999999999289 ) ) ;
#1550 = ORIENTED_EDGE ( 'NONE', *, *, #4435, .F. ) ;
#1551 = VECTOR ( 'NONE', #3769, 1000.000000000000000 ) ;
#1552 = ORIENTED_EDGE ( 'NONE', *, *, #4034, .T. ) ;
#1553 = EDGE_LOOP ( 'NONE', ( #4770, #232, #1642, #2564 ) ) ;
#1554 = DIRECTION ( 'NONE',  ( 0.000000000000000000, 0.000000000000000000, -1.000000000000000000 ) ) ;
#1555 = CARTESIAN_POINT ( 'NONE',  ( -34.99999999999999289, -32.00000000000000000, 30.00000000000000000 ) ) ;
#1556 = AXIS2_PLACEMENT_3D ( 'NONE', #998, #583, #2902 ) ;
#1557 = CARTESIAN_POINT ( 'NONE',  ( 24.00000000000000000, -28.41421356237309581, 41.58578643762690064 ) ) ;
#1558 = EDGE_LOOP ( 'NONE', ( #4041, #3069, #374, #4316 ) ) ;
#1559 = AXIS2_PLACEMENT_3D ( 'NONE', #2177, #1118, #311 ) ;
#1560 = CC_DESIGN_PERSON_AND_ORGANIZATION_ASSIGNMENT ( #2766, #3824, ( #1313 ) ) ;
#1561 = ORIENTED_EDGE ( 'NONE', *, *, #464, .F. ) ;
#1562 = FACE_OUTER_BOUND ( 'NONE', #2294, .T. ) ;
#1563 = AXIS2_PLACEMENT_3D ( 'NONE', #4520, #360, #3668 ) ;
#1564 = CARTESIAN_POINT ( 'NONE',  ( 35.00000000000000000, -44.50000000000000000, 46.99999999999999289 ) ) ;
#1565 = EDGE_CURVE ( 'NONE', #439, #348, #2929, .T. ) ;
#1566 = DIRECTION ( 'NONE',  ( 0.000000000000000000, 0.000000000000000000, -1.000000000000000000 ) ) ;
#1567 =( BOUNDED_CURVE ( )  B_SPLINE_CURVE ( 3, ( #3036, #4610, #1863, #2246 ),
 .UNSPECIFIED., .F., .T. ) 
 B_SPLINE_CURVE_WITH_KNOTS ( ( 4, 4 ),
 ( 4.712388980384689674, 6.283185307179586232 ),
 .UNSPECIFIED. ) 
 CURVE ( )  GEOMETRIC_REPRESENTATION_ITEM ( )  RATIONAL_B_SPLINE_CURVE ( ( 1.000000000000000000, 0.8047378541243649375, 0.8047378541243649375, 1.000000000000000000 ) ) 
 REPRESENTATION_ITEM ( '' )  );
#1568 = CYLINDRICAL_SURFACE ( 'NONE', #4148, 5.250000000000000888 ) ;
#1569 = DIRECTION ( 'NONE',  ( -0.000000000000000000, 1.000000000000000000, -0.000000000000000000 ) ) ;
#1570 = ORIENTED_EDGE ( 'NONE', *, *, #4872, .F. ) ;
#1571 = AXIS2_PLACEMENT_3D ( 'NONE', #612, #3318, #4828 ) ;
#1572 = PERSON_AND_ORGANIZATION ( #1722, #2353 ) ;
#1573 = DIRECTION ( 'NONE',  ( 0.000000000000000000, 1.000000000000000000, 0.000000000000000000 ) ) ;
#1574 = EDGE_CURVE ( 'NONE', #443, #4436, #1780, .T. ) ;
#1575 = CARTESIAN_POINT ( 'NONE',  ( -44.00000000000000711, 10.00000000000000000, 29.00000000000000000 ) ) ;
#1576 = VECTOR ( 'NONE', #1988, 1000.000000000000000 ) ;
#1577 = DIRECTION ( 'NONE',  ( -0.000000000000000000, -1.000000000000000000, -0.000000000000000000 ) ) ;
#1578 = CARTESIAN_POINT ( 'NONE',  ( -34.99999999999998579, -51.50000000000000000, 46.99999999999999289 ) ) ;
#1579 = VERTEX_POINT ( 'NONE', #1020 ) ;
#1580 = CARTESIAN_POINT ( 'NONE',  ( 23.99999999999997513, -50.91980390271855583, 98.99999999999998579 ) ) ;
#1581 = ORIENTED_EDGE ( 'NONE', *, *, #2459, .T. ) ;
#1582 = ORIENTED_EDGE ( 'NONE', *, *, #3093, .T. ) ;
#1583 = DIRECTION ( 'NONE',  ( 0.000000000000000000, 0.000000000000000000, -1.000000000000000000 ) ) ;
#1584 = CARTESIAN_POINT ( 'NONE',  ( -34.58578643762689353, -47.99999999999997868, 37.00000000000000000 ) ) ;
#1585 = ORIENTED_EDGE ( 'NONE', *, *, #3672, .F. ) ;
#1586 = ORIENTED_EDGE ( 'NONE', *, *, #1757, .T. ) ;
#1587 = FACE_OUTER_BOUND ( 'NONE', #1558, .T. ) ;
#1588 = DIRECTION ( 'NONE',  ( 0.000000000000000000, 0.000000000000000000, 1.000000000000000000 ) ) ;
#1589 = EDGE_CURVE ( 'NONE', #4279, #870, #2189, .T. ) ;
#1590 = CARTESIAN_POINT ( 'NONE',  ( 35.00000000000000000, -51.50000000000000000, 96.99999999999997158 ) ) ;
#1591 = LINE ( 'NONE', #4562, #1788 ) ;
#1592 = FACE_OUTER_BOUND ( 'NONE', #3167, .T. ) ;
#1593 = VERTEX_POINT ( 'NONE', #3734 ) ;
#1594 = EDGE_CURVE ( 'NONE', #2225, #1226, #1684, .T. ) ;
#1595 = CARTESIAN_POINT ( 'NONE',  ( -33.99999999999995737, -50.49999999999999289, 96.99999999999997158 ) ) ;
#1596 = FACE_OUTER_BOUND ( 'NONE', #1271, .T. ) ;
#1597 = ADVANCED_FACE ( 'NONE', ( #1883 ), #3764, .F. ) ;
#1598 = LINE ( 'NONE', #3352, #4135 ) ;
#1599 = CARTESIAN_POINT ( 'NONE',  ( -44.00000000000000711, 10.00000000000000000, 1.653273178848926867E-15 ) ) ;
#1600 = VERTEX_POINT ( 'NONE', #4123 ) ;
#1601 = DIRECTION ( 'NONE',  ( 1.982541115402065603E-16, -0.000000000000000000, 1.000000000000000000 ) ) ;
#1602 = ORIENTED_EDGE ( 'NONE', *, *, #4438, .F. ) ;
#1603 = ORIENTED_EDGE ( 'NONE', *, *, #1132, .T. ) ;
#1604 = CARTESIAN_POINT ( 'NONE',  ( -35.00000000000000000, -46.99999999999988631, 14.99999999999998579 ) ) ;
#1605 = ORIENTED_EDGE ( 'NONE', *, *, #1252, .T. ) ;
#1606 = EDGE_CURVE ( 'NONE', #2114, #1095, #3032, .T. ) ;
#1607 = EDGE_CURVE ( 'NONE', #2505, #3524, #1511, .T. ) ;
#1608 = VERTEX_POINT ( 'NONE', #704 ) ;
#1609 = DIRECTION ( 'NONE',  ( -1.000000000000000000, 0.000000000000000000, -0.000000000000000000 ) ) ;
#1610 = DIRECTION ( 'NONE',  ( -3.469446951953615668E-16, 0.000000000000000000, -1.000000000000000000 ) ) ;
#1611 = CARTESIAN_POINT ( 'NONE',  ( 26.99999999999997868, -50.33922322702763807, 101.1961161351381833 ) ) ;
#1612 = DIRECTION ( 'NONE',  ( -1.000000000000000000, 0.000000000000000000, 0.000000000000000000 ) ) ;
#1613 = VECTOR ( 'NONE', #1801, 1000.000000000000000 ) ;
#1614 = CARTESIAN_POINT ( 'NONE',  ( -23.99999999999997868, -50.71980390271855299, 97.99999999999997158 ) ) ;
#1615 = ORIENTED_EDGE ( 'NONE', *, *, #1814, .F. ) ;
#1616 = COORDINATED_UNIVERSAL_TIME_OFFSET ( 9, 0, .AHEAD. ) ;
#1617 = FACE_OUTER_BOUND ( 'NONE', #3390, .T. ) ;
#1618 = DIRECTION ( 'NONE',  ( -1.000000000000000000, 0.000000000000000000, 0.000000000000000000 ) ) ;
#1619 = DIRECTION ( 'NONE',  ( 1.000000000000000000, 0.000000000000000000, -1.836970198721029688E-16 ) ) ;
#1620 = VECTOR ( 'NONE', #2068, 1000.000000000000000 ) ;
#1621 = DIRECTION ( 'NONE',  ( -1.000000000000000000, 0.000000000000000000, 0.000000000000000000 ) ) ;
#1622 = DIRECTION ( 'NONE',  ( -0.000000000000000000, -1.000000000000000000, -0.000000000000000000 ) ) ;
#1623 = ORIENTED_EDGE ( 'NONE', *, *, #1489, .T. ) ;
#1624 = CARTESIAN_POINT ( 'NONE',  ( 24.60099948414958249, -51.16562259222095577, 100.8436401712688735 ) ) ;
#1625 =( BOUNDED_CURVE ( )  B_SPLINE_CURVE ( 3, ( #4120, #996, #725, #2235 ),
 .UNSPECIFIED., .F., .T. ) 
 B_SPLINE_CURVE_WITH_KNOTS ( ( 4, 4 ),
 ( 1.570796326794896336, 3.141592653589792672 ),
 .UNSPECIFIED. ) 
 CURVE ( )  GEOMETRIC_REPRESENTATION_ITEM ( )  RATIONAL_B_SPLINE_CURVE ( ( 1.000000000000000000, 0.8047378541243650485, 0.8047378541243650485, 1.000000000000000000 ) ) 
 REPRESENTATION_ITEM ( '' )  );
#1626 = EDGE_CURVE ( 'NONE', #2155, #1400, #755, .T. ) ;
#1627 = ORIENTED_EDGE ( 'NONE', *, *, #3243, .T. ) ;
#1628 = EDGE_CURVE ( 'NONE', #3699, #2898, #4208, .T. ) ;
#1629 = EDGE_CURVE ( 'NONE', #2773, #1732, #2150, .T. ) ;
#1630 = AXIS2_PLACEMENT_3D ( 'NONE', #4795, #4019, #4443 ) ;
#1631 = ORIENTED_EDGE ( 'NONE', *, *, #3211, .T. ) ;
#1632 = ORIENTED_EDGE ( 'NONE', *, *, #1875, .T. ) ;
#1633 = ORIENTED_EDGE ( 'NONE', *, *, #2110, .F. ) ;
#1635 = VERTEX_POINT ( 'NONE', #4070 ) ;
#1634 = VECTOR ( 'NONE', #355, 1000.000000000000000 ) ;
#1636 = EDGE_CURVE ( 'NONE', #21, #2679, #1108, .T. ) ;
#1637 = CARTESIAN_POINT ( 'NONE',  ( 45.00000000000000711, -47.00000000000000000, -1.036816775884952469E-14 ) ) ;
#1638 = CARTESIAN_POINT ( 'NONE',  ( -32.74383522532006907, -50.48602097295557201, 101.9301048647859886 ) ) ;
#1639 = VECTOR ( 'NONE', #3495, 1000.000000000000000 ) ;
#1640 = DIRECTION ( 'NONE',  ( -0.000000000000000000, 0.000000000000000000, 1.000000000000000000 ) ) ;
#1641 = LINE ( 'NONE', #125, #902 ) ;
#1642 = ORIENTED_EDGE ( 'NONE', *, *, #533, .F. ) ;
#1643 = EDGE_CURVE ( 'NONE', #492, #1131, #3571, .T. ) ;
#1644 = PERSON_AND_ORGANIZATION ( #1722, #2353 ) ;
#1645 = CIRCLE ( 'NONE', #2260, 3.775000000000111378 ) ;
#1646 = VECTOR ( 'NONE', #3958, 1000.000000000000000 ) ;
#1647 = DIRECTION ( 'NONE',  ( 0.000000000000000000, 0.000000000000000000, 1.000000000000000000 ) ) ;
#1648 = CARTESIAN_POINT ( 'NONE',  ( 34.00000000000000000, -48.00000000000000000, 30.99999999999998579 ) ) ;
#1649 = AXIS2_PLACEMENT_3D ( 'NONE', #3040, #1194, #4615 ) ;
#1650 = DIRECTION ( 'NONE',  ( 4.625929269271485914E-16, -1.459037836656997164E-31, 1.000000000000000000 ) ) ;
#1651 = FACE_OUTER_BOUND ( 'NONE', #2166, .T. ) ;
#1652 = EDGE_LOOP ( 'NONE', ( #777, #2749, #867, #1374 ) ) ;
#1653 = ORIENTED_EDGE ( 'NONE', *, *, #889, .F. ) ;
#1654 =( GEOMETRIC_REPRESENTATION_CONTEXT ( 3 ) GLOBAL_UNCERTAINTY_ASSIGNED_CONTEXT ( ( #2864 ) ) GLOBAL_UNIT_ASSIGNED_CONTEXT ( ( #3401, #2663, #4644 ) ) REPRESENTATION_CONTEXT ( 'NONE', 'WORKASPACE' ) );
#1655 = VECTOR ( 'NONE', #3389, 1000.000000000000000 ) ;
#1656 = VERTEX_POINT ( 'NONE', #3340 ) ;
#1657 = EDGE_LOOP ( 'NONE', ( #2983, #584 ) ) ;
#1658 = VERTEX_POINT ( 'NONE', #1833 ) ;
#1659 = ORIENTED_EDGE ( 'NONE', *, *, #4295, .F. ) ;
#1660 = DIRECTION ( 'NONE',  ( 1.000000000000000000, 0.000000000000000000, -3.469446951953614189E-16 ) ) ;
#1661 = EDGE_CURVE ( 'NONE', #1377, #3123, #2471, .T. ) ;
#1662 = LINE ( 'NONE', #927, #3282 ) ;
#1663 = DIRECTION ( 'NONE',  ( 0.000000000000000000, 0.000000000000000000, 1.000000000000000000 ) ) ;
#1664 = ORIENTED_EDGE ( 'NONE', *, *, #4764, .T. ) ;
#1665 = COORDINATED_UNIVERSAL_TIME_OFFSET ( 9, 0, .AHEAD. ) ;
#1666 = CARTESIAN_POINT ( 'NONE',  ( -45.00000000000000711, -48.00000000000000000, 1.000000000000007772 ) ) ;
#1667 = PLANE ( 'NONE',  #1969 ) ;
#1668 = EDGE_CURVE ( 'NONE', #1527, #2551, #2, .T. ) ;
#1669 = ADVANCED_FACE ( 'NONE', ( #350 ), #653, .T. ) ;
#1670 = DIRECTION ( 'NONE',  ( -1.000000000000000000, -2.312964634635737349E-17, -0.000000000000000000 ) ) ;
#1671 = LINE ( 'NONE', #2513, #2293 ) ;
#1672 = ORIENTED_EDGE ( 'NONE', *, *, #3269, .T. ) ;
#1673 = ORIENTED_EDGE ( 'NONE', *, *, #1027, .F. ) ;
#1674 = EDGE_CURVE ( 'NONE', #4583, #4277, #4534, .T. ) ;
#1675 = AXIS2_PLACEMENT_3D ( 'NONE', #3579, #188, #4374 ) ;
#1676 = ORIENTED_EDGE ( 'NONE', *, *, #2612, .T. ) ;
#1677 = ORIENTED_EDGE ( 'NONE', *, *, #1270, .F. ) ;
#1678 = ORIENTED_EDGE ( 'NONE', *, *, #2644, .F. ) ;
#1679 = CARTESIAN_POINT ( 'NONE',  ( 24.99999999999997868, -50.17353780207840686, 100.3676890103919703 ) ) ;
#1680 = VERTEX_POINT ( 'NONE', #3766 ) ;
#1681 = CARTESIAN_POINT ( 'NONE',  ( -26.99999999999997868, -51.31980390271855441, 102.0000000000000000 ) ) ;
#1682 = CYLINDRICAL_SURFACE ( 'NONE', #2330, 1.000000000000000888 ) ;
#1683 = VERTEX_POINT ( 'NONE', #1023 ) ;
#1684 = CIRCLE ( 'NONE', #3187, 1.000000000000000888 ) ;
#1685 = LINE ( 'NONE', #3612, #3578 ) ;
#1686 = CARTESIAN_POINT ( 'NONE',  ( -33.99999999999998579, -28.99999999999999645, 31.00000000000000000 ) ) ;
#1687 = LINE ( 'NONE', #2406, #2598 ) ;
#1688 = VECTOR ( 'NONE', #2881, 1000.000000000000000 ) ;
#1689 = VECTOR ( 'NONE', #1187, 1000.000000000000000 ) ;
#1690 = DIRECTION ( 'NONE',  ( -0.000000000000000000, 1.000000000000000000, -0.000000000000000000 ) ) ;
#1691 = CARTESIAN_POINT ( 'NONE',  ( 1.836970198721017855E-16, 0.000000000000000000, 0.9999999999999935607 ) ) ;
#1692 = ORIENTED_EDGE ( 'NONE', *, *, #171, .T. ) ;
#1693 = CARTESIAN_POINT ( 'NONE',  ( 24.99999999999999645, -50.49999999999999289, 46.99999999999999289 ) ) ;
#1694 = DIRECTION ( 'NONE',  ( 1.000000000000000000, -0.000000000000000000, -0.000000000000000000 ) ) ;
#1695 = EDGE_CURVE ( 'NONE', #63, #437, #4848, .T. ) ;
#1696 = LINE ( 'NONE', #4252, #459 ) ;
#1697 = ADVANCED_FACE ( 'NONE', ( #4852 ), #2552, .T. ) ;
#1698 = ORIENTED_EDGE ( 'NONE', *, *, #2099, .F. ) ;
#1699 = EDGE_CURVE ( 'NONE', #2551, #4163, #1456, .T. ) ;
#1700 = EDGE_LOOP ( 'NONE', ( #2118, #552, #3754, #1797 ) ) ;
#1701 = DIRECTION ( 'NONE',  ( 0.000000000000000000, 0.000000000000000000, -1.000000000000000000 ) ) ;
#1702 = APPLICATION_CONTEXT ( 'configuration controlled 3d designs of mechanical parts and assemblies' ) ;
#1703 = VECTOR ( 'NONE', #1541, 1000.000000000000000 ) ;
#1704 = ORIENTED_EDGE ( 'NONE', *, *, #3376, .F. ) ;
#1705 = DIRECTION ( 'NONE',  ( 3.469446951953615668E-16, 0.000000000000000000, -1.000000000000000000 ) ) ;
#1706 = CARTESIAN_POINT ( 'NONE',  ( 24.99999999999998224, -49.49999999999999289, 96.99999999999997158 ) ) ;
#1707 = ORIENTED_EDGE ( 'NONE', *, *, #2196, .F. ) ;
#1708 = DIRECTION ( 'NONE',  ( 0.000000000000000000, -1.000000000000000000, 0.000000000000000000 ) ) ;
#1709 = CARTESIAN_POINT ( 'NONE',  ( 34.00000000000000000, 10.00000000000000000, 37.99999999999999289 ) ) ;
#1710 = ORIENTED_EDGE ( 'NONE', *, *, #1033, .T. ) ;
#1711 = FACE_OUTER_BOUND ( 'NONE', #1832, .T. ) ;
#1712 = CIRCLE ( 'NONE', #1559, 1.000000000000000000 ) ;
#1713 = FACE_OUTER_BOUND ( 'NONE', #4146, .T. ) ;
#1714 = DIRECTION ( 'NONE',  ( 1.000000000000000000, 0.000000000000000000, -3.469446951953615668E-16 ) ) ;
#1715 = DIRECTION ( 'NONE',  ( 0.000000000000000000, 1.000000000000000000, 0.000000000000000000 ) ) ;
#1716 = AXIS2_PLACEMENT_3D ( 'NONE', #1048, #2582, #1889 ) ;
#1717 = DIRECTION ( 'NONE',  ( -0.000000000000000000, -1.000000000000000000, -0.000000000000000000 ) ) ;
#1718 = CARTESIAN_POINT ( 'NONE',  ( -23.00000000000000355, -1.000000000000000000, 28.99999999999999289 ) ) ;
#1719 = DIRECTION ( 'NONE',  ( -1.000000000000000000, 0.000000000000000000, -0.000000000000000000 ) ) ;
#1720 = DIRECTION ( 'NONE',  ( -0.000000000000000000, -1.000000000000000000, -0.000000000000000000 ) ) ;
#1721 = AXIS2_PLACEMENT_3D ( 'NONE', #267, #3314, #1831 ) ;
#1722 = PERSON ( 'UNSPECIFIED', 'UNSPECIFIED', 'UNSPECIFIED', ('UNSPECIFIED'), ('UNSPECIFIED'), ('UNSPECIFIED') ) ;
#1723 = VERTEX_POINT ( 'NONE', #4482 ) ;
#1724 = CIRCLE ( 'NONE', #606, 3.000000000000002665 ) ;
#1725 = ORIENTED_EDGE ( 'NONE', *, *, #1699, .F. ) ;
#1726 = AXIS2_PLACEMENT_3D ( 'NONE', #3080, #1513, #3397 ) ;
#1727 = ADVANCED_FACE ( 'NONE', ( #1080, #2609 ), #3685, .F. ) ;
#1728 = DIRECTION ( 'NONE',  ( 0.000000000000000000, -1.000000000000000000, 0.000000000000000000 ) ) ;
#1729 = ORIENTED_EDGE ( 'NONE', *, *, #4872, .T. ) ;
#1730 = EDGE_LOOP ( 'NONE', ( #234, #747, #4089, #3799 ) ) ;
#1731 = CYLINDRICAL_SURFACE ( 'NONE', #2157, 1.000000000000000888 ) ;
#1732 = VERTEX_POINT ( 'NONE', #3010 ) ;
#1733 = CARTESIAN_POINT ( 'NONE',  ( -33.59933367723415643, -50.18504191653020996, 100.4252095826510356 ) ) ;
#1734 = CIRCLE ( 'NONE', #4015, 1.000000000000000888 ) ;
#1735 = CARTESIAN_POINT ( 'NONE',  ( -25.24264068711926257, -51.31980390271854020, 102.0000000000000000 ) ) ;
#1736 = CARTESIAN_POINT ( 'NONE',  ( -34.99999999999998579, -47.00000000000000000, 37.99999999999999289 ) ) ;
#1737 = ORIENTED_EDGE ( 'NONE', *, *, #2386, .T. ) ;
#1738 = LINE ( 'NONE', #1360, #1688 ) ;
#1739 = ADVANCED_FACE ( 'NONE', ( #728 ), #4510, .F. ) ;
#1740 = CARTESIAN_POINT ( 'NONE',  ( -24.41421356237309226, -43.49999999999999289, 46.99999999999999289 ) ) ;
#1741 = CARTESIAN_POINT ( 'NONE',  ( -23.00000000000001421, 1.000000000000000000, 0.9999999999999978906 ) ) ;
#1742 = CARTESIAN_POINT ( 'NONE',  ( 23.99999999999999645, -51.50000000000000000, 45.99999999999999289 ) ) ;
#1743 = DIRECTION ( 'NONE',  ( 0.000000000000000000, 1.000000000000000000, -8.673617379884027583E-16 ) ) ;
#1744 = CARTESIAN_POINT ( 'NONE',  ( -23.99999999999997868, -59.50000000000000000, 98.99999999999998579 ) ) ;
#1745 = CARTESIAN_POINT ( 'NONE',  ( -34.99999999999995737, -50.71980390271855299, 97.99999999999997158 ) ) ;
#1746 = CARTESIAN_POINT ( 'NONE',  ( -60.00000000000000711, -34.00000000000000711, -1.036816775884952469E-14 ) ) ;
#1747 = AXIS2_PLACEMENT_3D ( 'NONE', #1414, #1006, #2533 ) ;
#1748 = EDGE_CURVE ( 'NONE', #2804, #492, #1932, .T. ) ;
#1749 = ORIENTED_EDGE ( 'NONE', *, *, #923, .F. ) ;
#1750 = ORIENTED_EDGE ( 'NONE', *, *, #3418, .F. ) ;
#1751 = DIRECTION ( 'NONE',  ( 1.000000000000000000, 0.000000000000000000, 0.000000000000000000 ) ) ;
#1752 = ORIENTED_EDGE ( 'NONE', *, *, #66, .T. ) ;
#1753 = VERTEX_POINT ( 'NONE', #122 ) ;
#1754 = LINE ( 'NONE', #993, #1454 ) ;
#1755 = VERTEX_POINT ( 'NONE', #4282 ) ;
#1756 = CARTESIAN_POINT ( 'NONE',  ( -24.99999999999998224, -47.49999999999999289, 96.99999999999997158 ) ) ;
#1757 = EDGE_CURVE ( 'NONE', #4524, #947, #422, .T. ) ;
#1758 = EDGE_CURVE ( 'NONE', #2817, #514, #2730, .T. ) ;
#1759 = CARTESIAN_POINT ( 'NONE',  ( 34.00000000000000000, -28.99999999999999645, 36.99999999999999289 ) ) ;
#1760 = CARTESIAN_POINT ( 'NONE',  ( -11.49999999999999645, 6.000000000000000000, -1.387778780781445676E-14 ) ) ;
#1761 = ORIENTED_EDGE ( 'NONE', *, *, #309, .T. ) ;
#1762 = LINE ( 'NONE', #272, #1444 ) ;
#1763 = CARTESIAN_POINT ( 'NONE',  ( 36.00000000000000711, 10.00000000000000000, 30.99999999999998579 ) ) ;
#1764 = DIRECTION ( 'NONE',  ( -1.000000000000000000, 0.000000000000000000, 0.000000000000000000 ) ) ;
#1765 = CARTESIAN_POINT ( 'NONE',  ( -34.99999999999998579, -28.99999999999999645, 40.99999999999999289 ) ) ;
#1766 = PLANE ( 'NONE',  #4816 ) ;
#1767 = CARTESIAN_POINT ( 'NONE',  ( -33.99999999999995737, -50.49999999999999289, 96.99999999999997158 ) ) ;
#1768 = CARTESIAN_POINT ( 'NONE',  ( 33.94794534929997809, -50.04392238272042448, 99.71961191360210819 ) ) ;
#1769 = AXIS2_PLACEMENT_3D ( 'NONE', #2289, #2336, #4171 ) ;
#1770 = CARTESIAN_POINT ( 'NONE',  ( 24.00000000000000711, 0.9999999999999991118, 29.99999999999998934 ) ) ;
#1771 = ORIENTED_EDGE ( 'NONE', *, *, #2044, .T. ) ;
#1772 = EDGE_CURVE ( 'NONE', #2323, #2332, #473, .T. ) ;
#1773 = VERTEX_POINT ( 'NONE', #1256 ) ;
#1774 = DIRECTION ( 'NONE',  ( -0.000000000000000000, 1.000000000000000000, -0.000000000000000000 ) ) ;
#1775 = ORIENTED_EDGE ( 'NONE', *, *, #1957, .F. ) ;
#1776 = EDGE_LOOP ( 'NONE', ( #1198, #4505, #2821, #72, #1510, #9, #1771, #4658, #1980, #1581, #1236, #4666 ) ) ;
#1777 = AXIS2_PLACEMENT_3D ( 'NONE', #198, #1690, #525 ) ;
#1778 = DIRECTION ( 'NONE',  ( 0.000000000000000000, 1.000000000000000000, 0.000000000000000000 ) ) ;
#1779 = EDGE_CURVE ( 'NONE', #2615, #3863, #2117, .T. ) ;
#1780 =( BOUNDED_CURVE ( )  B_SPLINE_CURVE ( 3, ( #1830, #2213, #3336, #2980 ),
 .UNSPECIFIED., .F., .T. ) 
 B_SPLINE_CURVE_WITH_KNOTS ( ( 4, 4 ),
 ( 4.712388980384689674, 6.283185307179586232 ),
 .UNSPECIFIED. ) 
 CURVE ( )  GEOMETRIC_REPRESENTATION_ITEM ( )  RATIONAL_B_SPLINE_CURVE ( ( 1.000000000000000000, 0.8047378541243649375, 0.8047378541243649375, 1.000000000000000000 ) ) 
 REPRESENTATION_ITEM ( '' )  );
#1781 = ORIENTED_EDGE ( 'NONE', *, *, #91, .F. ) ;
#1782 = LINE ( 'NONE', #3287, #802 ) ;
#1783 = AXIS2_PLACEMENT_3D ( 'NONE', #3689, #4487, #4784 ) ;
#1784 = DIRECTION ( 'NONE',  ( 0.000000000000000000, 0.000000000000000000, -1.000000000000000000 ) ) ;
#1785 = ADVANCED_FACE ( 'NONE', ( #2033 ), #826, .F. ) ;
#1786 = ORIENTED_EDGE ( 'NONE', *, *, #619, .F. ) ;
#1787 = CARTESIAN_POINT ( 'NONE',  ( 33.51085692608361200, -51.26931845889007633, 101.6213591712880202 ) ) ;
#1788 = VECTOR ( 'NONE', #4537, 1000.000000000000000 ) ;
#1789 = DIRECTION ( 'NONE',  ( 3.469446951953615668E-16, 0.000000000000000000, -1.000000000000000000 ) ) ;
#1790 = DIRECTION ( 'NONE',  ( 0.000000000000000000, 0.000000000000000000, -1.000000000000000000 ) ) ;
#1791 = CARTESIAN_POINT ( 'NONE',  ( -59.58578643762690774, -33.58578643762690774, 30.00000000000000355 ) ) ;
#1792 = CARTESIAN_POINT ( 'NONE',  ( -33.99999999999995737, -49.93922322702763950, 99.19611613513818327 ) ) ;
#1793 = CARTESIAN_POINT ( 'NONE',  ( 1.959434878635765477E-16, 10.00000000000000000, 21.59999999999999787 ) ) ;
#1794 = CARTESIAN_POINT ( 'NONE',  ( 11.50000000000000711, -9.390998865707755315E-16, 29.58578643762689353 ) ) ;
#1795 = CARTESIAN_POINT ( 'NONE',  ( 35.00000000000000000, 10.00000000000000000, 30.99999999999998579 ) ) ;
#1796 = TOROIDAL_SURFACE ( 'NONE', #4067, 2.000000000000000000, 1.000000000000000000 ) ;
#1797 = ORIENTED_EDGE ( 'NONE', *, *, #2806, .T. ) ;
#1798 = CARTESIAN_POINT ( 'NONE',  ( 26.25616477467950816, -50.48602097295648150, 101.9301048647860455 ) ) ;
#1799 = AXIS2_PLACEMENT_3D ( 'NONE', #1759, #2550, #4824 ) ;
#1800 = EDGE_LOOP ( 'NONE', ( #192, #4346, #1805, #792 ) ) ;
#1801 = DIRECTION ( 'NONE',  ( -0.000000000000000000, -1.000000000000000000, -0.000000000000000000 ) ) ;
#1802 = VECTOR ( 'NONE', #4027, 1000.000000000000000 ) ;
#1803 = EDGE_CURVE ( 'NONE', #1773, #4698, #1369, .T. ) ;
#1804 = ORIENTED_EDGE ( 'NONE', *, *, #2168, .F. ) ;
#1805 = ORIENTED_EDGE ( 'NONE', *, *, #3194, .F. ) ;
#1806 = CARTESIAN_POINT ( 'NONE',  ( -34.99999999999999289, -47.00000000000000000, 28.99999999999999645 ) ) ;
#1807 = ORIENTED_EDGE ( 'NONE', *, *, #915, .T. ) ;
#1808 = VECTOR ( 'NONE', #3444, 1000.000000000000000 ) ;
#1809 = DIRECTION ( 'NONE',  ( 0.000000000000000000, -1.000000000000000000, 0.000000000000000000 ) ) ;
#1810 = DIRECTION ( 'NONE',  ( 0.000000000000000000, 0.000000000000000000, 1.000000000000000000 ) ) ;
#1811 = ORIENTED_EDGE ( 'NONE', *, *, #1996, .F. ) ;
#1812 = CARTESIAN_POINT ( 'NONE',  ( -34.99999999999995737, -50.49999999999999289, 97.99999999999997158 ) ) ;
#1813 = CARTESIAN_POINT ( 'NONE',  ( 34.00000000000000000, -50.49999999999999289, 96.99999999999997158 ) ) ;
#1814 = EDGE_CURVE ( 'NONE', #89, #1287, #3442, .T. ) ;
#1815 = DIRECTION ( 'NONE',  ( 0.000000000000000000, 0.000000000000000000, 1.000000000000000000 ) ) ;
#1816 = CARTESIAN_POINT ( 'NONE',  ( 24.41421356237308871, -50.50000000000000000, 46.99999999999998579 ) ) ;
#1817 = CARTESIAN_POINT ( 'NONE',  ( -60.00000000000000711, -32.00000000000000711, -1.036816775884952469E-14 ) ) ;
#1818 = DIRECTION ( 'NONE',  ( 0.000000000000000000, -1.000000000000000000, 0.000000000000000000 ) ) ;
#1819 = CYLINDRICAL_SURFACE ( 'NONE', #4133, 1.000000000000000888 ) ;
#1820 = CARTESIAN_POINT ( 'NONE',  ( -33.99999999999998579, -28.99999999999999645, 31.00000000000000000 ) ) ;
#1821 = CARTESIAN_POINT ( 'NONE',  ( -35.00000000000000000, 10.00000000000000178, 12.22499999999998543 ) ) ;
#1822 = EDGE_CURVE ( 'NONE', #4842, #89, #3906, .T. ) ;
#1823 = ORIENTED_EDGE ( 'NONE', *, *, #2340, .F. ) ;
#1824 = ORIENTED_EDGE ( 'NONE', *, *, #1111, .F. ) ;
#1825 = FACE_OUTER_BOUND ( 'NONE', #3460, .T. ) ;
#1826 = VERTEX_POINT ( 'NONE', #99 ) ;
#1827 = DIRECTION ( 'NONE',  ( 0.000000000000000000, 0.000000000000000000, -1.000000000000000000 ) ) ;
#1828 = DIRECTION ( 'NONE',  ( -1.000000000000000000, 0.000000000000000000, 0.000000000000000000 ) ) ;
#1829 = ORIENTED_EDGE ( 'NONE', *, *, #3530, .F. ) ;
#1830 = CARTESIAN_POINT ( 'NONE',  ( 35.00000000000000000, -47.00000000000000000, 37.99999999999999289 ) ) ;
#1831 = DIRECTION ( 'NONE',  ( 0.000000000000000000, 0.000000000000000000, 1.000000000000000000 ) ) ;
#1832 = EDGE_LOOP ( 'NONE', ( #2648, #2524, #4835, #299 ) ) ;
#1833 = CARTESIAN_POINT ( 'NONE',  ( -25.00000000000000000, -48.00000000000000000, 36.99999999999999289 ) ) ;
#1834 = DIRECTION ( 'NONE',  ( -0.000000000000000000, 1.000000000000000000, -0.000000000000000000 ) ) ;
#1835 = CARTESIAN_POINT ( 'NONE',  ( -33.99999999999997868, -43.50000000000000000, 41.99999999999999289 ) ) ;
#1836 = VECTOR ( 'NONE', #3360, 1000.000000000000000 ) ;
#1837 = ADVANCED_FACE ( 'NONE', ( #1562 ), #517, .T. ) ;
#1838 = CARTESIAN_POINT ( 'NONE',  ( -46.00000000000000711, -31.00000000000000000, 28.99999999999999645 ) ) ;
#1839 = CYLINDRICAL_SURFACE ( 'NONE', #2503, 1.000000000000000888 ) ;
#1840 = CARTESIAN_POINT ( 'NONE',  ( -24.00000000000000355, -29.00000000000000000, 29.99999999999998579 ) ) ;
#1841 = CARTESIAN_POINT ( 'NONE',  ( 12.50000000000000355, 6.000000000000004441, 28.99999999999998934 ) ) ;
#1842 = DIRECTION ( 'NONE',  ( 1.885568995626964287E-16, -1.000000000000000000, -0.000000000000000000 ) ) ;
#1843 = EDGE_CURVE ( 'NONE', #3554, #421, #2562, .T. ) ;
#1844 = DIRECTION ( 'NONE',  ( -0.000000000000000000, -1.000000000000000000, -0.000000000000000000 ) ) ;
#1845 = ORIENTED_EDGE ( 'NONE', *, *, #1514, .F. ) ;
#1846 = EDGE_CURVE ( 'NONE', #2711, #2225, #4635, .T. ) ;
#1847 = VERTEX_POINT ( 'NONE', #1161 ) ;
#1848 = EDGE_CURVE ( 'NONE', #4248, #514, #2315, .T. ) ;
#1849 = AXIS2_PLACEMENT_3D ( 'NONE', #2158, #2522, #919 ) ;
#1850 = FACE_OUTER_BOUND ( 'NONE', #3900, .T. ) ;
#1851 = EDGE_CURVE ( 'NONE', #1068, #4583, #852, .T. ) ;
#1852 = ORIENTED_EDGE ( 'NONE', *, *, #956, .F. ) ;
#1853 = CARTESIAN_POINT ( 'NONE',  ( 24.00000000000000355, -27.00000000000000000, 28.99999999999998934 ) ) ;
#1854 =( BOUNDED_CURVE ( )  B_SPLINE_CURVE ( 3, ( #228, #4359, #2151, #567 ),
 .UNSPECIFIED., .F., .T. ) 
 B_SPLINE_CURVE_WITH_KNOTS ( ( 4, 4 ),
 ( 3.141592653589793116, 4.712388980384689674 ),
 .UNSPECIFIED. ) 
 CURVE ( )  GEOMETRIC_REPRESENTATION_ITEM ( )  RATIONAL_B_SPLINE_CURVE ( ( 1.000000000000000000, 0.8047378541243649375, 0.8047378541243649375, 1.000000000000000000 ) ) 
 REPRESENTATION_ITEM ( '' )  );
#1855 = DIRECTION ( 'NONE',  ( 0.000000000000000000, 0.9805806756909203337, 0.1961161351381830176 ) ) ;
#1856 = DIRECTION ( 'NONE',  ( -1.000000000000000000, -0.000000000000000000, 1.982541115402065603E-16 ) ) ;
#1857 = VERTEX_POINT ( 'NONE', #3466 ) ;
#1858 = CARTESIAN_POINT ( 'NONE',  ( -60.00000000000000711, -34.00000000000000711, -1.036816775884952469E-14 ) ) ;
#1859 = VERTEX_POINT ( 'NONE', #75 ) ;
#1860 = DIRECTION ( 'NONE',  ( 0.000000000000000000, 1.000000000000000000, 0.000000000000000000 ) ) ;
#1861 = DIRECTION ( 'NONE',  ( -1.000000000000000000, 0.000000000000000000, 0.000000000000000000 ) ) ;
#1862 = FACE_OUTER_BOUND ( 'NONE', #1211, .T. ) ;
#1863 = CARTESIAN_POINT ( 'NONE',  ( -24.41421356237309581, -59.49999999999999289, 36.99999999999998579 ) ) ;
#1864 = EDGE_LOOP ( 'NONE', ( #2840, #2674, #4259, #4111 ) ) ;
#1865 = VECTOR ( 'NONE', #2762, 1000.000000000000000 ) ;
#1866 = FACE_OUTER_BOUND ( 'NONE', #4630, .T. ) ;
#1867 = DIRECTION ( 'NONE',  ( 1.000000000000000000, 0.000000000000000000, 0.000000000000000000 ) ) ;
#1868 = ADVANCED_FACE ( 'NONE', ( #1587 ), #3101, .T. ) ;
#1869 = DIRECTION ( 'NONE',  ( -0.000000000000000000, -1.000000000000000000, -0.000000000000000000 ) ) ;
#1870 = AXIS2_PLACEMENT_3D ( 'NONE', #3177, #4285, #2400 ) ;
#1871 = FACE_BOUND ( 'NONE', #219, .T. ) ;
#1872 = EDGE_LOOP ( 'NONE', ( #534, #909, #665, #3959 ) ) ;
#1873 = ORIENTED_EDGE ( 'NONE', *, *, #46, .T. ) ;
#1874 = VECTOR ( 'NONE', #4341, 1000.000000000000000 ) ;
#1875 = EDGE_CURVE ( 'NONE', #928, #2928, #2016, .T. ) ;
#1876 = DIRECTION ( 'NONE',  ( -0.000000000000000000, 0.000000000000000000, 1.000000000000000000 ) ) ;
#1877 = ORIENTED_EDGE ( 'NONE', *, *, #1120, .F. ) ;
#1879 = CARTESIAN_POINT ( 'NONE',  ( -45.00000000000000711, 10.00000000000000355, 29.58578643762690419 ) ) ;
#1878 = AXIS2_PLACEMENT_3D ( 'NONE', #1763, #2906, #3180 ) ;
#1880 = DIRECTION ( 'NONE',  ( -1.000000000000000000, -1.885568995626964287E-16, 1.982541115402065603E-16 ) ) ;
#1881 = CARTESIAN_POINT ( 'NONE',  ( -24.99999999999998224, -51.50000000000000000, 102.0000000000000000 ) ) ;
#1882 = VERTEX_POINT ( 'NONE', #4349 ) ;
#1883 = FACE_OUTER_BOUND ( 'NONE', #1273, .T. ) ;
#1884 = VECTOR ( 'NONE', #2838, 1000.000000000000000 ) ;
#1885 =( BOUNDED_CURVE ( )  B_SPLINE_CURVE ( 3, ( #3162, #3182, #3935, #3565 ),
 .UNSPECIFIED., .F., .T. ) 
 B_SPLINE_CURVE_WITH_KNOTS ( ( 4, 4 ),
 ( 4.712388980384689674, 6.283185307179580015 ),
 .UNSPECIFIED. ) 
 CURVE ( )  GEOMETRIC_REPRESENTATION_ITEM ( )  RATIONAL_B_SPLINE_CURVE ( ( 1.000000000000000000, 0.8047378541243649375, 0.8047378541243649375, 1.000000000000000000 ) ) 
 REPRESENTATION_ITEM ( '' )  );
#1886 = VERTEX_POINT ( 'NONE', #4020 ) ;
#1887 = CARTESIAN_POINT ( 'NONE',  ( -23.99999999999997868, -50.88058067569092202, 98.80388386486180252 ) ) ;
#1888 = AXIS2_PLACEMENT_3D ( 'NONE', #978, #2509, #2194 ) ;
#1889 = DIRECTION ( 'NONE',  ( 0.000000000000000000, 0.000000000000000000, 1.000000000000000000 ) ) ;
#1890 = DIRECTION ( 'NONE',  ( 1.885568995626964287E-16, -1.000000000000000000, -0.000000000000000000 ) ) ;
#1891 = VECTOR ( 'NONE', #3665, 1000.000000000000000 ) ;
#1892 = LINE ( 'NONE', #3419, #2581 ) ;
#1893 = CARTESIAN_POINT ( 'NONE',  ( -35.00000000000000000, -46.99999999999988631, 12.22499999999998543 ) ) ;
#1894 = VERTEX_POINT ( 'NONE', #3577 ) ;
#1895 = EDGE_CURVE ( 'NONE', #1926, #1, #4680, .T. ) ;
#1896 = LINE ( 'NONE', #1416, #4319 ) ;
#1897 = CARTESIAN_POINT ( 'NONE',  ( -24.00000000000000000, -28.41421356237309581, 41.58578643762690064 ) ) ;
#1898 = LINE ( 'NONE', #3405, #4093 ) ;
#1899 = ORIENTED_EDGE ( 'NONE', *, *, #1629, .F. ) ;
#1900 = ORIENTED_EDGE ( 'NONE', *, *, #3136, .T. ) ;
#1901 = VERTEX_POINT ( 'NONE', #2075 ) ;
#1902 = DIRECTION ( 'NONE',  ( 0.000000000000000000, 0.000000000000000000, 1.000000000000000000 ) ) ;
#1903 = CARTESIAN_POINT ( 'NONE',  ( -24.00000000000000000, -44.50000000000000000, 40.99999999999999289 ) ) ;
#1904 = DIRECTION ( 'NONE',  ( -1.000000000000000000, 0.000000000000000000, 0.000000000000000000 ) ) ;
#1905 = ORIENTED_EDGE ( 'NONE', *, *, #3739, .T. ) ;
#1906 = AXIS2_PLACEMENT_3D ( 'NONE', #4292, #886, #2409 ) ;
#1907 = ORIENTED_EDGE ( 'NONE', *, *, #1270, .T. ) ;
#1908 = VECTOR ( 'NONE', #3795, 999.9999999999998863 ) ;
#1909 = DIRECTION ( 'NONE',  ( 0.000000000000000000, -1.000000000000000000, 0.000000000000000000 ) ) ;
#1910 = EDGE_CURVE ( 'NONE', #4463, #3941, #2401, .T. ) ;
#1911 = PLANE ( 'NONE',  #2536 ) ;
#1912 = FACE_OUTER_BOUND ( 'NONE', #597, .T. ) ;
#1913 = EDGE_CURVE ( 'NONE', #578, #2970, #3244, .T. ) ;
#1914 =( BOUNDED_CURVE ( )  B_SPLINE_CURVE ( 3, ( #2318, #3843, #3013, #449 ),
 .UNSPECIFIED., .F., .T. ) 
 B_SPLINE_CURVE_WITH_KNOTS ( ( 4, 4 ),
 ( 3.469446951953611724E-16, 1.570796326794896780 ),
 .UNSPECIFIED. ) 
 CURVE ( )  GEOMETRIC_REPRESENTATION_ITEM ( )  RATIONAL_B_SPLINE_CURVE ( ( 1.000000000000000000, 0.8047378541243650485, 0.8047378541243650485, 1.000000000000000000 ) ) 
 REPRESENTATION_ITEM ( '' )  );
#1915 = CARTESIAN_POINT ( 'NONE',  ( 24.99999999999999289, -27.99999999999999289, 41.99999999999999289 ) ) ;
#1916 = CARTESIAN_POINT ( 'NONE',  ( -59.58578643762690774, -31.00000000000000711, 0.4142135623730993643 ) ) ;
#1917 = ORIENTED_EDGE ( 'NONE', *, *, #2062, .T. ) ;
#1918 = FACE_OUTER_BOUND ( 'NONE', #3455, .T. ) ;
#1919 = FACE_OUTER_BOUND ( 'NONE', #1036, .T. ) ;
#1920 = AXIS2_PLACEMENT_3D ( 'NONE', #925, #4728, #1660 ) ;
#1921 = DIRECTION ( 'NONE',  ( 0.000000000000000000, -1.000000000000000000, 0.000000000000000000 ) ) ;
#1922 = DIRECTION ( 'NONE',  ( 0.000000000000000000, 1.000000000000000000, -0.000000000000000000 ) ) ;
#1923 = DIRECTION ( 'NONE',  ( -1.000000000000000000, -0.000000000000000000, 3.469446951953615668E-16 ) ) ;
#1924 = EDGE_LOOP ( 'NONE', ( #69, #819, #3009, #3611 ) ) ;
#1925 = ORIENTED_EDGE ( 'NONE', *, *, #2363, .T. ) ;
#1926 = VERTEX_POINT ( 'NONE', #627 ) ;
#1927 = DIRECTION ( 'NONE',  ( -1.000000000000000000, 0.000000000000000000, 2.168404344971006896E-16 ) ) ;
#1928 = EDGE_CURVE ( 'NONE', #1894, #4024, #186, .T. ) ;
#1929 = CARTESIAN_POINT ( 'NONE',  ( -35.00000000000000000, -47.00000000000000000, 1.000000000000000000 ) ) ;
#1930 = CARTESIAN_POINT ( 'NONE',  ( -45.00000000000002842, -51.31980390271855441, 100.9999999999999858 ) ) ;
#1931 = ORIENTED_EDGE ( 'NONE', *, *, #1626, .T. ) ;
#1932 = CIRCLE ( 'NONE', #4769, 2.000000000000001776 ) ;
#1933 = ORIENTED_EDGE ( 'NONE', *, *, #4257, .F. ) ;
#1934 = ADVANCED_FACE ( 'NONE', ( #215 ), #2423, .F. ) ;
#1935 = DIRECTION ( 'NONE',  ( 0.000000000000000000, 0.000000000000000000, -1.000000000000000000 ) ) ;
#1936 = PLANE ( 'NONE',  #1354 ) ;
#1937 = EDGE_CURVE ( 'NONE', #1042, #3600, #1343, .T. ) ;
#1938 = CYLINDRICAL_SURFACE ( 'NONE', #3155, 1.600000000000000755 ) ;
#1939 = DIRECTION ( 'NONE',  ( 1.000000000000000000, 0.000000000000000000, 0.000000000000000000 ) ) ;
#1940 = CARTESIAN_POINT ( 'NONE',  ( -44.00000000000000711, 9.000000000000001776, 1.653273178848926867E-15 ) ) ;
#1941 = ORIENTED_EDGE ( 'NONE', *, *, #3984, .F. ) ;
#1942 = CALENDAR_DATE ( 2026, 26, 6 ) ;
#1943 = VECTOR ( 'NONE', #1715, 1000.000000000000000 ) ;
#1944 = CARTESIAN_POINT ( 'NONE',  ( -46.00000000000000711, -32.00000000000000000, 30.00000000000000355 ) ) ;
#1945 = FACE_OUTER_BOUND ( 'NONE', #2361, .T. ) ;
#1946 = AXIS2_PLACEMENT_3D ( 'NONE', #130, #1650, #3202 ) ;
#1947 = DIRECTION ( 'NONE',  ( -1.000000000000000000, -1.885568995626964287E-16, 1.982541115402065603E-16 ) ) ;
#1948 = ORIENTED_EDGE ( 'NONE', *, *, #4172, .F. ) ;
#1949 = CARTESIAN_POINT ( 'NONE',  ( 23.99999999999997513, -50.97217321915943700, 99.39276987329455437 ) ) ;
#1950 = AXIS2_PLACEMENT_3D ( 'NONE', #3844, #4879, #450 ) ;
#1951 = ORIENTED_EDGE ( 'NONE', *, *, #905, .F. ) ;
#1952 = VERTEX_POINT ( 'NONE', #3555 ) ;
#1953 = DIRECTION ( 'NONE',  ( 1.000000000000000000, 2.312964634635737040E-17, 7.606585201232674883E-34 ) ) ;
#1954 = CIRCLE ( 'NONE', #4478, 2.000000000000001776 ) ;
#1955 = CARTESIAN_POINT ( 'NONE',  ( -45.00000000000001421, -27.99999999999999289, 41.99999999999999289 ) ) ;
#1956 = ORIENTED_EDGE ( 'NONE', *, *, #1326, .F. ) ;
#1957 = EDGE_CURVE ( 'NONE', #1299, #4245, #2713, .T. ) ;
#1958 = CARTESIAN_POINT ( 'NONE',  ( -25.25242721925522460, -50.14067081722690489, 100.2033540861344960 ) ) ;
#1959 = AXIS2_PLACEMENT_3D ( 'NONE', #1972, #1921, #1545 ) ;
#1960 = ORIENTED_EDGE ( 'NONE', *, *, #1120, .T. ) ;
#1961 = CARTESIAN_POINT ( 'NONE',  ( 0.000000000000000000, 0.000000000000000000, 17.24999999999998934 ) ) ;
#1962 = CIRCLE ( 'NONE', #1716, 3.775000000000111378 ) ;
#1963 = VECTOR ( 'NONE', #3860, 1000.000000000000000 ) ;
#1964 = DIRECTION ( 'NONE',  ( -0.000000000000000000, -1.000000000000000000, 0.000000000000000000 ) ) ;
#1965 = EDGE_CURVE ( 'NONE', #2971, #1427, #2381, .T. ) ;
#1966 = CARTESIAN_POINT ( 'NONE',  ( -24.99999999999998224, -49.93922322702763950, 99.19611613513818327 ) ) ;
#1967 = CARTESIAN_POINT ( 'NONE',  ( -11.49999999999999467, 0.000000000000000000, 28.99999999999998934 ) ) ;
#1968 = VERTEX_POINT ( 'NONE', #922 ) ;
#1969 = AXIS2_PLACEMENT_3D ( 'NONE', #861, #2432, #1282 ) ;
#1970 = APPLICATION_PROTOCOL_DEFINITION ( 'international standard', 'config_control_design', 1994, #2458 ) ;
#1971 = EDGE_CURVE ( 'NONE', #3677, #3354, #3663, .T. ) ;
#1972 = CARTESIAN_POINT ( 'NONE',  ( 0.000000000000000000, 10.00000000000000000, 19.99999999999999645 ) ) ;
#1973 = CARTESIAN_POINT ( 'NONE',  ( -25.00000000000000000, -28.00000000000000000, 41.99999999999999289 ) ) ;
#1974 = DIRECTION ( 'NONE',  ( -0.000000000000000000, -1.000000000000000000, -0.000000000000000000 ) ) ;
#1975 = DIRECTION ( 'NONE',  ( 1.000000000000000000, 0.000000000000000000, 0.000000000000000000 ) ) ;
#1976 = EDGE_LOOP ( 'NONE', ( #3212, #4191, #3382, #2543 ) ) ;
#1977 = ADVANCED_FACE ( 'NONE', ( #2873 ), #3220, .T. ) ;
#1978 =( BOUNDED_SURFACE ( )  B_SPLINE_SURFACE ( 3, 2, ( 
 ( #3531, #3506, #871 ),
 ( #4199, #3051, #119 ),
 ( #4556, #2391, #1158 ),
 ( #1958, #3903, #2681 ),
 ( #4175, #2237, #2269 ),
 ( #4718, #2841, #2920 ),
 ( #1373, #2462, #3599 ),
 ( #4365, #258, #4389 ),
 ( #2520, #2134, #1473 ),
 ( #2255, #3022, #315 ) ),
 .UNSPECIFIED., .F., .F., .T. ) 
 B_SPLINE_SURFACE_WITH_KNOTS ( ( 4, 2, 2, 2, 4 ),
 ( 3, 3 ),
 ( 1.570796326794896558, 1.963495408493620697, 2.356194490192344837, 2.748893571891068976, 3.141592653589793116 ),
 ( 0.000000000000000000, 1.000000000000000000 ),
 .UNSPECIFIED. ) 
 GEOMETRIC_REPRESENTATION_ITEM ( )  RATIONAL_B_SPLINE_SURFACE ( (
 ( 1.000000000000000000, 0.7071067811865475727, 1.000000000000000000),
 ( 1.000000000000000000, 0.7161872690914109496, 1.000000000000000000),
 ( 1.000000000000000000, 0.7250737189230291868, 1.000000000000000000),
 ( 1.000000000000000000, 0.7412484801429528591, 1.000000000000000000),
 ( 1.000000000000000000, 0.7485301844650664727, 1.000000000000000000),
 ( 1.000000000000000000, 0.7605589772853622588, 1.000000000000000000),
 ( 1.000000000000000000, 0.7653051798860455168, 1.000000000000000000),
 ( 1.000000000000000000, 0.7716968911921873175, 1.000000000000000000),
 ( 1.000000000000000000, 0.7733480583529311891, 1.000000000000000000),
 ( 1.000000000000000000, 0.7733421413379035769, 1.000000000000000000) ) ) 
 REPRESENTATION_ITEM ( '' )  SURFACE ( )  );
#1979 = ADVANCED_FACE ( 'NONE', ( #1380 ), #2093, .T. ) ;
#1980 = ORIENTED_EDGE ( 'NONE', *, *, #4742, .T. ) ;
#1981 = ORIENTED_EDGE ( 'NONE', *, *, #4034, .F. ) ;
#1982 = CARTESIAN_POINT ( 'NONE',  ( -24.00000000000000355, -51.50000000000000000, 29.99999999999998579 ) ) ;
#1983 = CARTESIAN_POINT ( 'NONE',  ( -23.99999999999997868, -50.91980390271855583, 98.99999999999998579 ) ) ;
#1984 = EDGE_LOOP ( 'NONE', ( #3972, #3861, #1960, #1139 ) ) ;
#1985 = ORIENTED_EDGE ( 'NONE', *, *, #420, .T. ) ;
#1986 = CARTESIAN_POINT ( 'NONE',  ( -31.99999999999995381, -51.31980390271855441, 102.0000000000000000 ) ) ;
#1987 = FACE_OUTER_BOUND ( 'NONE', #1652, .T. ) ;
#1988 = DIRECTION ( 'NONE',  ( -0.000000000000000000, 0.000000000000000000, 1.000000000000000000 ) ) ;
#1989 = CC_DESIGN_DATE_AND_TIME_ASSIGNMENT ( #3847, #453, ( #1313 ) ) ;
#1990 = DIRECTION ( 'NONE',  ( 1.885568995626964287E-16, -1.000000000000000000, -0.000000000000000000 ) ) ;
#1991 = CARTESIAN_POINT ( 'NONE',  ( 35.00000000000000000, -51.15411847776933030, 100.7573593128806948 ) ) ;
#1992 = ADVANCED_FACE ( 'NONE', ( #3605 ), #1731, .T. ) ;
#1993 = EDGE_LOOP ( 'NONE', ( #4574, #1517, #3070, #3221 ) ) ;
#1994 = COORDINATED_UNIVERSAL_TIME_OFFSET ( 9, 0, .AHEAD. ) ;
#1995 = EDGE_CURVE ( 'NONE', #4820, #574, #3993, .T. ) ;
#1996 = EDGE_CURVE ( 'NONE', #1683, #2786, #1754, .T. ) ;
#1997 = CYLINDRICAL_SURFACE ( 'NONE', #756, 1.000000000000000888 ) ;
#1998 = FACE_OUTER_BOUND ( 'NONE', #4085, .T. ) ;
#1999 = LINE ( 'NONE', #2081, #737 ) ;
#2000 = FACE_OUTER_BOUND ( 'NONE', #3910, .T. ) ;
#2001 = ORIENTED_EDGE ( 'NONE', *, *, #3211, .F. ) ;
#2002 = VERTEX_POINT ( 'NONE', #2571 ) ;
#2003 = EDGE_CURVE ( 'NONE', #3853, #3863, #3679, .T. ) ;
#2004 = EDGE_CURVE ( 'NONE', #4193, #4333, #3437, .T. ) ;
#2005 = ORIENTED_EDGE ( 'NONE', *, *, #4211, .T. ) ;
#2006 = EDGE_LOOP ( 'NONE', ( #3164, #773, #1707, #1900, #2693, #2879 ) ) ;
#2007 = ADVANCED_FACE ( 'NONE', ( #342 ), #1506, .T. ) ;
#2008 = VECTOR ( 'NONE', #4775, 1000.000000000000000 ) ;
#2009 = ORIENTED_EDGE ( 'NONE', *, *, #2226, .T. ) ;
#2010 = ORIENTED_EDGE ( 'NONE', *, *, #3422, .T. ) ;
#2011 = DIRECTION ( 'NONE',  ( 0.000000000000000000, -3.469446951953615175E-16, -1.000000000000000000 ) ) ;
#2012 = FACE_OUTER_BOUND ( 'NONE', #846, .T. ) ;
#2013 = DIRECTION ( 'NONE',  ( 3.469446951953615668E-16, -0.000000000000000000, 1.000000000000000000 ) ) ;
#2014 = VECTOR ( 'NONE', #610, 1000.000000000000000 ) ;
#2015 = CARTESIAN_POINT ( 'NONE',  ( -34.99999999999999289, -59.08578643762690064, 37.41421356237308515 ) ) ;
#2016 = CIRCLE ( 'NONE', #1133, 1.000000000000000888 ) ;
#2017 = ORIENTED_EDGE ( 'NONE', *, *, #2034, .T. ) ;
#2018 = DIRECTION ( 'NONE',  ( 0.000000000000000000, 1.000000000000000000, 0.000000000000000000 ) ) ;
#2019 = AXIS2_PLACEMENT_3D ( 'NONE', #3874, #3383, #87 ) ;
#2020 = CARTESIAN_POINT ( 'NONE',  ( 44.00000000000000711, 10.00000000000000000, -1.285879139104720949E-14 ) ) ;
#2021 = CARTESIAN_POINT ( 'NONE',  ( 25.00000000000001421, -48.00000000000000000, 8.673617379884044938E-15 ) ) ;
#2022 = CARTESIAN_POINT ( 'NONE',  ( 45.00000000000000711, -47.00000000000000000, 28.99999999999998224 ) ) ;
#2023 = ORIENTED_EDGE ( 'NONE', *, *, #3246, .F. ) ;
#2024 = ADVANCED_FACE ( 'NONE', ( #2547 ), #3356, .T. ) ;
#2025 = ORIENTED_EDGE ( 'NONE', *, *, #1779, .F. ) ;
#2026 = ORIENTED_EDGE ( 'NONE', *, *, #3702, .F. ) ;
#2027 = AXIS2_PLACEMENT_3D ( 'NONE', #3797, #3742, #1939 ) ;
#2028 = EDGE_CURVE ( 'NONE', #3863, #4631, #2972, .T. ) ;
#2029 = ORIENTED_EDGE ( 'NONE', *, *, #622, .T. ) ;
#2030 = ORIENTED_EDGE ( 'NONE', *, *, #3819, .F. ) ;
#2032 = ORIENTED_EDGE ( 'NONE', *, *, #430, .T. ) ;
#2031 = VECTOR ( 'NONE', #4731, 1000.000000000000000 ) ;
#2033 = FACE_OUTER_BOUND ( 'NONE', #3393, .T. ) ;
#2034 = EDGE_CURVE ( 'NONE', #1377, #2291, #4471, .T. ) ;
#2035 = CARTESIAN_POINT ( 'NONE',  ( -34.97464305079098068, -50.01580597545917328, 99.57902987728208188 ) ) ;
#2036 = EDGE_CURVE ( 'NONE', #28, #133, #1102, .T. ) ;
#2037 = AXIS2_PLACEMENT_3D ( 'NONE', #2939, #359, #3721 ) ;
#2038 = CARTESIAN_POINT ( 'NONE',  ( 34.00000000000000000, -58.50000000000000000, 98.99999999999998579 ) ) ;
#2039 = DIRECTION ( 'NONE',  ( 0.000000000000000000, -1.000000000000000000, 0.000000000000000000 ) ) ;
#2040 = EDGE_LOOP ( 'NONE', ( #4779, #1537, #4675, #3286 ) ) ;
#2041 = CALENDAR_DATE ( 2026, 26, 6 ) ;
#2042 = CARTESIAN_POINT ( 'NONE',  ( 34.00000000000000000, -50.49999999999999289, 96.99999999999997158 ) ) ;
#2043 = VECTOR ( 'NONE', #1922, 1000.000000000000000 ) ;
#2044 = EDGE_CURVE ( 'NONE', #1095, #2891, #3285, .T. ) ;
#2045 = LINE ( 'NONE', #3497, #3584 ) ;
#2046 =( BOUNDED_CURVE ( )  B_SPLINE_CURVE ( 3, ( #1050, #2585, #4075, #2197 ),
 .UNSPECIFIED., .F., .T. ) 
 B_SPLINE_CURVE_WITH_KNOTS ( ( 4, 4 ),
 ( 4.712388980384689674, 6.283185307179585344 ),
 .UNSPECIFIED. ) 
 CURVE ( )  GEOMETRIC_REPRESENTATION_ITEM ( )  RATIONAL_B_SPLINE_CURVE ( ( 1.000000000000000000, 0.8047378541243649375, 0.8047378541243649375, 1.000000000000000000 ) ) 
 REPRESENTATION_ITEM ( '' )  );
#2047 = DIRECTION ( 'NONE',  ( 0.000000000000000000, 0.000000000000000000, -1.000000000000000000 ) ) ;
#2048 = ORIENTED_EDGE ( 'NONE', *, *, #2734, .T. ) ;
#2049 = LINE ( 'NONE', #1318, #1874 ) ;
#2050 = AXIS2_PLACEMENT_3D ( 'NONE', #3323, #4183, #687 ) ;
#2051 = ORIENTED_EDGE ( 'NONE', *, *, #1589, .F. ) ;
#2052 = ORIENTED_EDGE ( 'NONE', *, *, #1971, .T. ) ;
#2053 = VERTEX_POINT ( 'NONE', #4867 ) ;
#2054 = ORIENTED_EDGE ( 'NONE', *, *, #3298, .F. ) ;
#2055 = DIRECTION ( 'NONE',  ( 0.000000000000000000, 0.000000000000000000, -1.000000000000000000 ) ) ;
#2056 = ORIENTED_EDGE ( 'NONE', *, *, #2806, .F. ) ;
#2057 = CARTESIAN_POINT ( 'NONE',  ( -33.74757278074512357, -50.14067081722692620, 100.2033540861346097 ) ) ;
#2058 = DIRECTION ( 'NONE',  ( 4.536096848560637948E-16, -0.1961161351381834894, 0.9805806756909203337 ) ) ;
#2059 = ORIENTED_EDGE ( 'NONE', *, *, #273, .T. ) ;
#2060 = ADVANCED_FACE ( 'NONE', ( #2651 ), #3004, .T. ) ;
#2061 = CARTESIAN_POINT ( 'NONE',  ( 31.99999999999999289, -50.33922322702763807, 101.1961161351381833 ) ) ;
#2062 = EDGE_CURVE ( 'NONE', #878, #2776, #4503, .T. ) ;
#2063 = DIRECTION ( 'NONE',  ( -1.000000000000000000, 0.000000000000000000, 1.982541115402065603E-16 ) ) ;
#2064 = ADVANCED_FACE ( 'NONE', ( #3705 ), #114, .F. ) ;
#2065 = FACE_OUTER_BOUND ( 'NONE', #1872, .T. ) ;
#2066 = DIRECTION ( 'NONE',  ( 0.000000000000000000, -0.000000000000000000, 1.000000000000000000 ) ) ;
#2067 = ORIENTED_EDGE ( 'NONE', *, *, #2963, .F. ) ;
#2068 = DIRECTION ( 'NONE',  ( -0.000000000000000000, -1.000000000000000000, -0.000000000000000000 ) ) ;
#2069 = DIRECTION ( 'NONE',  ( 0.000000000000000000, 0.000000000000000000, 1.000000000000000000 ) ) ;
#2070 = ORIENTED_EDGE ( 'NONE', *, *, #313, .F. ) ;
#2071 = ORIENTED_EDGE ( 'NONE', *, *, #6, .T. ) ;
#2072 = PLANE ( 'NONE',  #4372 ) ;
#2073 = VERTEX_POINT ( 'NONE', #1449 ) ;
#2074 = VERTEX_POINT ( 'NONE', #4092 ) ;
#2075 = CARTESIAN_POINT ( 'NONE',  ( -24.00000000000000355, -29.00000000000000000, 30.99999999999999645 ) ) ;
#2076 = CARTESIAN_POINT ( 'NONE',  ( -33.43774798438062135, -50.43213637183822584, 101.6606818591828443 ) ) ;
#2077 = DIRECTION ( 'NONE',  ( 0.000000000000000000, 0.9805806756909194455, 0.1961161351381880413 ) ) ;
#2078 = ORIENTED_EDGE ( 'NONE', *, *, #94, .F. ) ;
#2079 = FACE_OUTER_BOUND ( 'NONE', #4717, .T. ) ;
#2080 = CARTESIAN_POINT ( 'NONE',  ( 34.00000000000000000, -27.99999999999999289, 41.99999999999999289 ) ) ;
#2081 = CARTESIAN_POINT ( 'NONE',  ( -24.00000000000000355, 0.000000000000000000, 28.99999999999999289 ) ) ;
#2082 = DIRECTION ( 'NONE',  ( 1.000000000000000000, 0.000000000000000000, 0.000000000000000000 ) ) ;
#2083 = FACE_OUTER_BOUND ( 'NONE', #4174, .T. ) ;
#2084 = FACE_OUTER_BOUND ( 'NONE', #873, .T. ) ;
#2085 = VECTOR ( 'NONE', #2977, 1000.000000000000000 ) ;
#2086 = VERTEX_POINT ( 'NONE', #4444 ) ;
#2087 = EDGE_LOOP ( 'NONE', ( #3278, #2025, #2979, #429 ) ) ;
#2088 = AXIS2_PLACEMENT_3D ( 'NONE', #3434, #4142, #1827 ) ;
#2089 = CARTESIAN_POINT ( 'NONE',  ( 35.00000000000000000, -44.50000000000000000, 45.99999999999999289 ) ) ;
#2090 = ADVANCED_FACE ( 'NONE', ( #2231 ), #1041, .T. ) ;
#2091 = ORIENTED_EDGE ( 'NONE', *, *, #208, .F. ) ;
#2092 = ORIENTED_EDGE ( 'NONE', *, *, #3819, .T. ) ;
#2093 = CYLINDRICAL_SURFACE ( 'NONE', #3275, 3.000000000000002665 ) ;
#2094 = ORIENTED_EDGE ( 'NONE', *, *, #2738, .F. ) ;
#2095 = CARTESIAN_POINT ( 'NONE',  ( -33.99999999999998579, -26.99999999999999645, 30.00000000000000000 ) ) ;
#2096 = CARTESIAN_POINT ( 'NONE',  ( -26.99999999999997868, -51.31980390271855441, 102.0000000000000000 ) ) ;
#2097 = EDGE_LOOP ( 'NONE', ( #1823, #1951, #511, #4531 ) ) ;
#2098 = DIRECTION ( 'NONE',  ( 0.000000000000000000, 1.000000000000000000, -0.000000000000000000 ) ) ;
#2099 = EDGE_CURVE ( 'NONE', #160, #2086, #4844, .T. ) ;
#2100 = AXIS2_PLACEMENT_3D ( 'NONE', #835, #1573, #1647 ) ;
#2101 = DIRECTION ( 'NONE',  ( 1.000000000000000000, 2.312964634635737349E-17, 0.000000000000000000 ) ) ;
#2102 = CARTESIAN_POINT ( 'NONE',  ( 34.58578643762690774, -50.50000000000000000, 96.99999999999994316 ) ) ;
#2103 = DIRECTION ( 'NONE',  ( -0.000000000000000000, -1.000000000000000000, -0.000000000000000000 ) ) ;
#2104 = CARTESIAN_POINT ( 'NONE',  ( 45.00000000000000711, 9.000000000000001776, 0.9999999999999854561 ) ) ;
#2105 = CYLINDRICAL_SURFACE ( 'NONE', #2312, 1.000000000000000888 ) ;
#2106 = CARTESIAN_POINT ( 'NONE',  ( 35.00000000000000000, -58.49999999999999289, 37.99999999999999289 ) ) ;
#2107 = EDGE_CURVE ( 'NONE', #1635, #878, #3426, .T. ) ;
#2108 = ORIENTED_EDGE ( 'NONE', *, *, #580, .F. ) ;
#2109 = AXIS2_PLACEMENT_3D ( 'NONE', #1363, #4002, #3740 ) ;
#2110 = EDGE_CURVE ( 'NONE', #37, #3349, #1127, .T. ) ;
#2111 = ORIENTED_EDGE ( 'NONE', *, *, #2036, .F. ) ;
#2112 = VECTOR ( 'NONE', #3827, 1000.000000000000000 ) ;
#2113 = PLANE ( 'NONE',  #812 ) ;
#2114 = VERTEX_POINT ( 'NONE', #264 ) ;
#2115 = ORIENTED_EDGE ( 'NONE', *, *, #3099, .T. ) ;
#2116 = DIRECTION ( 'NONE',  ( -1.000000000000000000, 0.000000000000000000, 1.982541115402065603E-16 ) ) ;
#2117 =( BOUNDED_CURVE ( )  B_SPLINE_CURVE ( 3, ( #1986, #3487, #2781, #874 ),
 .UNSPECIFIED., .F., .T. ) 
 B_SPLINE_CURVE_WITH_KNOTS ( ( 4, 4 ),
 ( 3.141592653589793116, 4.712388980384689674 ),
 .UNSPECIFIED. ) 
 CURVE ( )  GEOMETRIC_REPRESENTATION_ITEM ( )  RATIONAL_B_SPLINE_CURVE ( ( 1.000000000000000000, 0.8047378541243649375, 0.8047378541243649375, 1.000000000000000000 ) ) 
 REPRESENTATION_ITEM ( '' )  );
#2118 = ORIENTED_EDGE ( 'NONE', *, *, #4836, .T. ) ;
#2119 = DIRECTION ( 'NONE',  ( -0.000000000000000000, -1.000000000000000000, -0.000000000000000000 ) ) ;
#2120 = CARTESIAN_POINT ( 'NONE',  ( -33.99999999999995737, -58.50000000000000000, 98.99999999999998579 ) ) ;
#2121 = FACE_OUTER_BOUND ( 'NONE', #4850, .T. ) ;
#2122 = EDGE_LOOP ( 'NONE', ( #1586, #2287, #4437, #1664 ) ) ;
#2123 = LINE ( 'NONE', #1339, #2967 ) ;
#2124 = DIRECTION ( 'NONE',  ( 0.000000000000000000, -3.469446951953615175E-16, -1.000000000000000000 ) ) ;
#2125 = FACE_OUTER_BOUND ( 'NONE', #1776, .T. ) ;
#2126 = EDGE_CURVE ( 'NONE', #1680, #1427, #1018, .T. ) ;
#2127 = CYLINDRICAL_SURFACE ( 'NONE', #1783, 1.000000000000000888 ) ;
#2128 = VECTOR ( 'NONE', #980, 1000.000000000000000 ) ;
#2129 = ADVANCED_FACE ( 'NONE', ( #2309 ), #3971, .F. ) ;
#2130 = DIRECTION ( 'NONE',  ( 0.000000000000000000, -1.000000000000000000, 0.000000000000000000 ) ) ;
#2131 = CARTESIAN_POINT ( 'NONE',  ( 24.00000000000000711, -59.50000000000000000, 100.9999999999999858 ) ) ;
#2132 = CARTESIAN_POINT ( 'NONE',  ( -24.99999999999998224, -51.48058067569091634, 101.8038838648617883 ) ) ;
#2133 = ORIENTED_EDGE ( 'NONE', *, *, #2761, .F. ) ;
#2134 = CARTESIAN_POINT ( 'NONE',  ( -26.62873182972374764, -50.49999999999818812, 101.9999999999945288 ) ) ;
#2135 = VERTEX_POINT ( 'NONE', #548 ) ;
#2136 = ADVANCED_FACE ( 'NONE', ( #3048 ), #4552, .T. ) ;
#2137 = CARTESIAN_POINT ( 'NONE',  ( -24.99999999999999645, 0.000000000000000000, 46.99999999999999289 ) ) ;
#2138 = EDGE_LOOP ( 'NONE', ( #2819, #2133 ) ) ;
#2139 = EDGE_LOOP ( 'NONE', ( #207, #628 ) ) ;
#2140 = DIRECTION ( 'NONE',  ( 0.000000000000000000, 0.000000000000000000, -1.000000000000000000 ) ) ;
#2141 = ORIENTED_EDGE ( 'NONE', *, *, #430, .F. ) ;
#2142 = DIRECTION ( 'NONE',  ( -1.000000000000000000, 0.000000000000000000, 1.836970198721029688E-16 ) ) ;
#2143 = ADVANCED_FACE ( 'NONE', ( #3786 ), #3810, .F. ) ;
#2144 = LINE ( 'NONE', #2852, #4722 ) ;
#2145 = ORIENTED_EDGE ( 'NONE', *, *, #4523, .F. ) ;
#2146 = CARTESIAN_POINT ( 'NONE',  ( 31.99999999999998934, -50.50000000000000000, 101.9999999999999716 ) ) ;
#2147 = DIRECTION ( 'NONE',  ( 0.000000000000000000, 1.000000000000000000, 0.000000000000000000 ) ) ;
#2148 = CARTESIAN_POINT ( 'NONE',  ( 34.00000000000000000, -27.99999999999999289, 41.99999999999999289 ) ) ;
#2149 = CARTESIAN_POINT ( 'NONE',  ( -59.00000000000000711, -33.00000000000000000, 30.00000000000000355 ) ) ;
#2150 = CIRCLE ( 'NONE', #1035, 2.774999999999999467 ) ;
#2151 = CARTESIAN_POINT ( 'NONE',  ( 45.00000000000000711, -47.58578643762690064, 0.4142135623730803795 ) ) ;
#2152 = LINE ( 'NONE', #2913, #1534 ) ;
#2153 = DIRECTION ( 'NONE',  ( 3.402072636420480433E-16, -0.1961161351381834894, 0.9805806756909203337 ) ) ;
#2154 = AXIS2_PLACEMENT_3D ( 'NONE', #585, #2098, #221 ) ;
#2155 = VERTEX_POINT ( 'NONE', #177 ) ;
#2156 = VERTEX_POINT ( 'NONE', #2724 ) ;
#2157 = AXIS2_PLACEMENT_3D ( 'NONE', #4748, #2116, #1355 ) ;
#2158 = CARTESIAN_POINT ( 'NONE',  ( -45.00000000000000711, -47.00000000000000000, 1.000000000000001776 ) ) ;
#2159 = ORIENTED_EDGE ( 'NONE', *, *, #1875, .F. ) ;
#2160 = CARTESIAN_POINT ( 'NONE',  ( -33.17157287525375864, -50.33922322702763097, 101.1961161351381833 ) ) ;
#2161 = EDGE_CURVE ( 'NONE', #2002, #2804, #2837, .T. ) ;
#2162 = CARTESIAN_POINT ( 'NONE',  ( 32.00000000000000000, -50.33922322702763807, 101.1961161351381833 ) ) ;
#2163 = ORIENTED_EDGE ( 'NONE', *, *, #4764, .F. ) ;
#2164 = CARTESIAN_POINT ( 'NONE',  ( 34.00000000000000000, -59.49999999999999289, 36.99999999999999289 ) ) ;
#2165 = FACE_OUTER_BOUND ( 'NONE', #3331, .T. ) ;
#2166 = EDGE_LOOP ( 'NONE', ( #1010, #1561, #4517, #944 ) ) ;
#2167 = DIRECTION ( 'NONE',  ( -1.982541115402065603E-16, 0.000000000000000000, -1.000000000000000000 ) ) ;
#2168 = EDGE_CURVE ( 'NONE', #3267, #4278, #1319, .T. ) ;
#2169 = VECTOR ( 'NONE', #1166, 1000.000000000000000 ) ;
#2170 = CYLINDRICAL_SURFACE ( 'NONE', #985, 1.000000000000000888 ) ;
#2171 = VECTOR ( 'NONE', #794, 1000.000000000000000 ) ;
#2172 = CARTESIAN_POINT ( 'NONE',  ( 0.000000000000000000, 10.00000000000000000, 0.000000000000000000 ) ) ;
#2173 = CARTESIAN_POINT ( 'NONE',  ( -24.00000000000000711, -47.49999999999999289, 96.99999999999997158 ) ) ;
#2174 = CARTESIAN_POINT ( 'NONE',  ( 25.00000000000000355, -27.00000000000000000, 30.99999999999998934 ) ) ;
#2175 = CIRCLE ( 'NONE', #1870, 1.000000000000000888 ) ;
#2176 = LINE ( 'NONE', #1793, #276 ) ;
#2177 = CARTESIAN_POINT ( 'NONE',  ( -46.00000000000000711, -32.00000000000000711, 1.000000000000001998 ) ) ;
#2178 = LINE ( 'NONE', #1795, #2759 ) ;
#2179 = CIRCLE ( 'NONE', #2588, 1.000000000000000000 ) ;
#2180 = EDGE_LOOP ( 'NONE', ( #4246, #2367, #1981, #3504, #110 ) ) ;
#2181 = CARTESIAN_POINT ( 'NONE',  ( 25.77090655248799678, -50.25908996247429883, 100.7954498123715013 ) ) ;
#2182 = ORIENTED_EDGE ( 'NONE', *, *, #4327, .T. ) ;
#2183 = DIRECTION ( 'NONE',  ( 0.000000000000000000, 1.000000000000000000, 0.000000000000000000 ) ) ;
#2184 = ORIENTED_EDGE ( 'NONE', *, *, #2478, .T. ) ;
#2185 = DIRECTION ( 'NONE',  ( -1.000000000000000000, -0.000000000000000000, -0.000000000000000000 ) ) ;
#2186 = DIRECTION ( 'NONE',  ( 1.000000000000000000, 0.000000000000000000, -1.982541115402065603E-16 ) ) ;
#2187 = CIRCLE ( 'NONE', #917, 1.000000000000000888 ) ;
#2188 = ORIENTED_EDGE ( 'NONE', *, *, #189, .T. ) ;
#2189 = LINE ( 'NONE', #4476, #879 ) ;
#2190 = DIRECTION ( 'NONE',  ( 4.625929269271485914E-16, -1.459037836656997164E-31, 1.000000000000000000 ) ) ;
#2191 = ORIENTED_EDGE ( 'NONE', *, *, #3243, .F. ) ;
#2192 = DIRECTION ( 'NONE',  ( -1.000000000000000000, 0.000000000000000000, 1.836970198721029688E-16 ) ) ;
#2193 = DIRECTION ( 'NONE',  ( 3.469446951953615668E-16, 0.000000000000000000, -1.000000000000000000 ) ) ;
#2194 = DIRECTION ( 'NONE',  ( 0.000000000000000000, 0.000000000000000000, -1.000000000000000000 ) ) ;
#2195 = EDGE_CURVE ( 'NONE', #287, #3508, #394, .T. ) ;
#2196 = EDGE_CURVE ( 'NONE', #2970, #4539, #1154, .T. ) ;
#2197 = CARTESIAN_POINT ( 'NONE',  ( -33.99999999999997868, -27.99999999999999645, 41.99999999999999289 ) ) ;
#2198 = DIRECTION ( 'NONE',  ( -0.000000000000000000, 0.000000000000000000, 1.000000000000000000 ) ) ;
#2199 = EDGE_CURVE ( 'NONE', #4842, #4286, #3836, .T. ) ;
#2200 = CARTESIAN_POINT ( 'NONE',  ( 34.39900051585177465, -51.16562259222095577, 100.8436401712674950 ) ) ;
#2201 = CARTESIAN_POINT ( 'NONE',  ( -26.99999999999997868, -51.31980390271855441, 100.9999999999999858 ) ) ;
#2202 = DIRECTION ( 'NONE',  ( 0.000000000000000000, -0.9805806756909194455, -0.1961161351381880413 ) ) ;
#2203 = EDGE_CURVE ( 'NONE', #928, #1303, #3208, .T. ) ;
#2204 = CARTESIAN_POINT ( 'NONE',  ( 0.000000000000000000, 10.00000000000000000, 18.39999999999999503 ) ) ;
#2205 = ORIENTED_EDGE ( 'NONE', *, *, #3175, .T. ) ;
#2206 = CARTESIAN_POINT ( 'NONE',  ( 26.73815341800936096, -50.33922322702620278, 101.1961161351310210 ) ) ;
#2207 = ORIENTED_EDGE ( 'NONE', *, *, #1184, .F. ) ;
#2208 = CARTESIAN_POINT ( 'NONE',  ( -35.00000000000000000, 10.00000000000000178, 17.77499999999998437 ) ) ;
#2209 = ORIENTED_EDGE ( 'NONE', *, *, #1157, .F. ) ;
#2210 = CARTESIAN_POINT ( 'NONE',  ( 34.00000000000000000, -49.93922322702763950, 99.19611613513818327 ) ) ;
#2211 = DIRECTION ( 'NONE',  ( 0.000000000000000000, -1.000000000000000000, 0.000000000000000000 ) ) ;
#2212 = VERTEX_POINT ( 'NONE', #1903 ) ;
#2213 = CARTESIAN_POINT ( 'NONE',  ( 35.00000000000000000, -47.58578643762690064, 37.41421356237308515 ) ) ;
#2214 = VERTEX_POINT ( 'NONE', #821 ) ;
#2215 = ADVANCED_FACE ( 'NONE', ( #469 ), #2700, .T. ) ;
#2216 = CARTESIAN_POINT ( 'NONE',  ( -46.00000000000000711, -30.00000000000001066, 1.951563910473907981E-15 ) ) ;
#2217 = DIRECTION ( 'NONE',  ( 0.000000000000000000, -1.000000000000000000, 0.000000000000000000 ) ) ;
#2218 = DIRECTION ( 'NONE',  ( 0.000000000000000000, 1.000000000000000000, 0.000000000000000000 ) ) ;
#2219 = CARTESIAN_POINT ( 'NONE',  ( -23.00000000000001421, 0.000000000000000000, 0.9999999999999978906 ) ) ;
#2220 = ORIENTED_EDGE ( 'NONE', *, *, #2502, .F. ) ;
#2221 = CARTESIAN_POINT ( 'NONE',  ( 34.00000000000000000, -47.00000000000000000, 0.000000000000000000 ) ) ;
#2222 = DIRECTION ( 'NONE',  ( 0.000000000000000000, 1.000000000000000000, -0.000000000000000000 ) ) ;
#2223 = DIRECTION ( 'NONE',  ( 0.000000000000000000, 2.312964634635743450E-16, 1.000000000000000000 ) ) ;
#2224 = PLANE ( 'NONE',  #1007 ) ;
#2225 = VERTEX_POINT ( 'NONE', #3409 ) ;
#2226 = EDGE_CURVE ( 'NONE', #2786, #3408, #2647, .T. ) ;
#2227 = EDGE_LOOP ( 'NONE', ( #3131, #4501, #4065, #2094 ) ) ;
#2228 = FACE_OUTER_BOUND ( 'NONE', #3940, .T. ) ;
#2229 = ORIENTED_EDGE ( 'NONE', *, *, #3156, .T. ) ;
#2230 = DIRECTION ( 'NONE',  ( 0.000000000000000000, -1.000000000000000000, 0.000000000000000000 ) ) ;
#2231 = FACE_OUTER_BOUND ( 'NONE', #2350, .T. ) ;
#2232 = AXIS2_PLACEMENT_3D ( 'NONE', #3118, #4580, #4250 ) ;
#2233 = FACE_OUTER_BOUND ( 'NONE', #1394, .T. ) ;
#2234 = ORIENTED_EDGE ( 'NONE', *, *, #2942, .T. ) ;
#2235 = CARTESIAN_POINT ( 'NONE',  ( -33.99999999999997868, -43.50000000000000000, 46.99999999999999289 ) ) ;
#2236 = EDGE_CURVE ( 'NONE', #1658, #28, #19, .T. ) ;
#2237 = CARTESIAN_POINT ( 'NONE',  ( -24.68626814848721551, -50.29032701617113332, 100.9516350808593614 ) ) ;
#2238 = ORIENTED_EDGE ( 'NONE', *, *, #949, .F. ) ;
#2239 = CARTESIAN_POINT ( 'NONE',  ( -33.99999999999998579, -28.99999999999999645, 30.00000000000000000 ) ) ;
#2240 = CIRCLE ( 'NONE', #1630, 2.774999999999999467 ) ;
#2241 = CARTESIAN_POINT ( 'NONE',  ( -23.99999999999999645, -43.91421356237309226, 41.58578643762690774 ) ) ;
#2242 = TOROIDAL_SURFACE ( 'NONE', #1220, 2.000000000000000000, 1.000000000000000000 ) ;
#2243 = CARTESIAN_POINT ( 'NONE',  ( -24.99999999999997868, -50.17353780207840686, 100.3676890103919703 ) ) ;
#2244 =( BOUNDED_CURVE ( )  B_SPLINE_CURVE ( 3, ( #368, #17, #1879, #4116 ),
 .UNSPECIFIED., .F., .T. ) 
 B_SPLINE_CURVE_WITH_KNOTS ( ( 4, 4 ),
 ( 1.570796326794896780, 3.141592653589793116 ),
 .UNSPECIFIED. ) 
 CURVE ( )  GEOMETRIC_REPRESENTATION_ITEM ( )  RATIONAL_B_SPLINE_CURVE ( ( 1.000000000000000000, 0.8047378541243650485, 0.8047378541243650485, 1.000000000000000000 ) ) 
 REPRESENTATION_ITEM ( '' )  );
#2245 = VECTOR ( 'NONE', #2544, 1000.000000000000000 ) ;
#2246 = CARTESIAN_POINT ( 'NONE',  ( -25.00000000000000000, -59.50000000000000000, 36.99999999999999289 ) ) ;
#2247 = CYLINDRICAL_SURFACE ( 'NONE', #2497, 1.600000000000000755 ) ;
#2248 = ORIENTED_EDGE ( 'NONE', *, *, #1405, .F. ) ;
#2249 = AXIS2_PLACEMENT_3D ( 'NONE', #79, #2298, #734 ) ;
#2250 = CARTESIAN_POINT ( 'NONE',  ( -59.00000000000000711, -32.00000000000000000, 29.00000000000000000 ) ) ;
#2251 = DIRECTION ( 'NONE',  ( 1.000000000000000000, -0.000000000000000000, -0.000000000000000000 ) ) ;
#2252 = DIRECTION ( 'NONE',  ( 0.000000000000000000, 0.000000000000000000, 1.000000000000000000 ) ) ;
#2253 = LINE ( 'NONE', #4494, #3391 ) ;
#2254 = ORIENTED_EDGE ( 'NONE', *, *, #580, .T. ) ;
#2255 = CARTESIAN_POINT ( 'NONE',  ( -26.99999999999998224, -50.33922322702763807, 101.1961161351381833 ) ) ;
#2256 = ORIENTED_EDGE ( 'NONE', *, *, #554, .T. ) ;
#2257 = AXIS2_PLACEMENT_3D ( 'NONE', #4185, #3424, #1212 ) ;
#2258 = EDGE_CURVE ( 'NONE', #2332, #37, #70, .T. ) ;
#2259 = EDGE_LOOP ( 'NONE', ( #292, #797, #4130, #841 ) ) ;
#2261 = CARTESIAN_POINT ( 'NONE',  ( 1.518562030942718677E-14, 6.000000000000002665, 2.400000000000003464 ) ) ;
#2260 = AXIS2_PLACEMENT_3D ( 'NONE', #634, #2147, #302 ) ;
#2262 = CIRCLE ( 'NONE', #2911, 1.000000000000000888 ) ;
#2263 = DIRECTION ( 'NONE',  ( -1.000000000000000000, 0.000000000000000000, 1.982541115402065603E-16 ) ) ;
#2264 = EDGE_CURVE ( 'NONE', #4469, #1294, #3568, .T. ) ;
#2265 = PLANE ( 'NONE',  #467 ) ;
#2266 = ORIENTED_EDGE ( 'NONE', *, *, #4569, .F. ) ;
#2267 = AXIS2_PLACEMENT_3D ( 'NONE', #1741, #3912, #3976 ) ;
#2268 = CARTESIAN_POINT ( 'NONE',  ( 12.50000000000000533, 0.9999999999999991118, 29.99999999999998934 ) ) ;
#2269 = CARTESIAN_POINT ( 'NONE',  ( -24.60099948414958604, -51.16562259222095577, 100.8436401712688735 ) ) ;
#2270 = EDGE_LOOP ( 'NONE', ( #3838, #2469 ) ) ;
#2271 = CARTESIAN_POINT ( 'NONE',  ( -26.99999999999997868, -50.49999999999999289, 102.0000000000000000 ) ) ;
#2272 = CYLINDRICAL_SURFACE ( 'NONE', #4190, 1.000000000000000888 ) ;
#2273 = DIRECTION ( 'NONE',  ( 0.000000000000000000, -1.000000000000000000, 0.000000000000000000 ) ) ;
#2274 = PRODUCT_DEFINITION_FORMATION_WITH_SPECIFIED_SOURCE ( 'ANY', '', #4167, .NOT_KNOWN. ) ;
#2275 = LINE ( 'NONE', #403, #2169 ) ;
#2276 = DIRECTION ( 'NONE',  ( 0.000000000000000000, 0.000000000000000000, 1.000000000000000000 ) ) ;
#2277 = EDGE_LOOP ( 'NONE', ( #1254, #4339, #4018, #2621 ) ) ;
#2278 = CARTESIAN_POINT ( 'NONE',  ( -25.00000000000000000, -28.00000000000000000, 36.99999999999999289 ) ) ;
#2279 = CC_DESIGN_APPROVAL ( #3576, ( #3932 ) ) ;
#2280 = LINE ( 'NONE', #127, #1475 ) ;
#2281 = EDGE_CURVE ( 'NONE', #1952, #3905, #2545, .T. ) ;
#2282 = DIRECTION ( 'NONE',  ( -1.982541115402065603E-16, 0.000000000000000000, -1.000000000000000000 ) ) ;
#2283 = VERTEX_POINT ( 'NONE', #3095 ) ;
#2284 = DIRECTION ( 'NONE',  ( 0.000000000000000000, 0.000000000000000000, 1.000000000000000000 ) ) ;
#2285 = ORIENTED_EDGE ( 'NONE', *, *, #357, .T. ) ;
#2286 = EDGE_CURVE ( 'NONE', #391, #287, #4382, .T. ) ;
#2287 = ORIENTED_EDGE ( 'NONE', *, *, #412, .T. ) ;
#2288 = DIRECTION ( 'NONE',  ( -0.000000000000000000, -1.000000000000000000, -0.000000000000000000 ) ) ;
#2289 = CARTESIAN_POINT ( 'NONE',  ( 32.00000000000000000, 0.000000000000000000, 98.99999999999998579 ) ) ;
#2290 = CARTESIAN_POINT ( 'NONE',  ( 34.00000000000000000, -43.50000000000000000, 41.99999999999999289 ) ) ;
#2291 = VERTEX_POINT ( 'NONE', #4740 ) ;
#2292 = CIRCLE ( 'NONE', #242, 1.000000000000000888 ) ;
#2293 = VECTOR ( 'NONE', #3253, 1000.000000000000000 ) ;
#2294 = EDGE_LOOP ( 'NONE', ( #162, #2723, #4373, #2375 ) ) ;
#2295 = DIRECTION ( 'NONE',  ( 0.000000000000000000, 0.000000000000000000, -1.000000000000000000 ) ) ;
#2296 = CARTESIAN_POINT ( 'NONE',  ( -46.00000000000000711, -31.00000000000001066, 1.000000000000001554 ) ) ;
#2297 = DIRECTION ( 'NONE',  ( 1.000000000000000000, -0.000000000000000000, -1.836970198721029688E-16 ) ) ;
#2298 = DIRECTION ( 'NONE',  ( 0.000000000000000000, 1.000000000000000000, 0.000000000000000000 ) ) ;
#2299 = CARTESIAN_POINT ( 'NONE',  ( 23.00000000000000355, 0.9999999999999991118, 29.99999999999998934 ) ) ;
#2300 = ORIENTED_EDGE ( 'NONE', *, *, #771, .F. ) ;
#2301 = DATE_AND_TIME ( #2041, #4886 ) ;
#2302 = CARTESIAN_POINT ( 'NONE',  ( -11.49999999999999645, 6.000000000000000000, 28.99999999999999289 ) ) ;
#2303 = LINE ( 'NONE', #1440, #2112 ) ;
#2304 = VERTEX_POINT ( 'NONE', #4458 ) ;
#2305 = EDGE_CURVE ( 'NONE', #3077, #3853, #2152, .T. ) ;
#2306 = ORIENTED_EDGE ( 'NONE', *, *, #1388, .F. ) ;
#2307 = ORIENTED_EDGE ( 'NONE', *, *, #1628, .F. ) ;
#2308 = FACE_OUTER_BOUND ( 'NONE', #851, .T. ) ;
#2309 = FACE_OUTER_BOUND ( 'NONE', #1864, .T. ) ;
#2310 = FACE_OUTER_BOUND ( 'NONE', #2944, .T. ) ;
#2311 = ORIENTED_EDGE ( 'NONE', *, *, #1772, .T. ) ;
#2312 = AXIS2_PLACEMENT_3D ( 'NONE', #4832, #3621, #1415 ) ;
#2313 = EDGE_CURVE ( 'NONE', #4014, #2332, #203, .T. ) ;
#2314 = ORIENTED_EDGE ( 'NONE', *, *, #4669, .T. ) ;
#2315 = CIRCLE ( 'NONE', #814, 5.250000000000000000 ) ;
#2316 = DIRECTION ( 'NONE',  ( -0.000000000000000000, -1.000000000000000000, -0.000000000000000000 ) ) ;
#2317 = DIRECTION ( 'NONE',  ( -0.000000000000000000, -1.000000000000000000, 0.000000000000000000 ) ) ;
#2318 = CARTESIAN_POINT ( 'NONE',  ( 25.00000000000000000, -59.50000000000000000, 36.99999999999999289 ) ) ;
#2319 = CIRCLE ( 'NONE', #1777, 2.774999999999999467 ) ;
#2320 = EDGE_CURVE ( 'NONE', #492, #4193, #4787, .T. ) ;
#2321 = CARTESIAN_POINT ( 'NONE',  ( 34.00000000000000000, -50.49999999999999289, 46.99999999999999289 ) ) ;
#2322 = CARTESIAN_POINT ( 'NONE',  ( -60.00000000000000711, -32.00000000000000000, 29.00000000000000000 ) ) ;
#2323 = VERTEX_POINT ( 'NONE', #1029 ) ;
#2324 = EDGE_CURVE ( 'NONE', #21, #2970, #1206, .T. ) ;
#2325 = CARTESIAN_POINT ( 'NONE',  ( 0.000000000000000000, 0.000000000000000000, 0.000000000000000000 ) ) ;
#2326 = CYLINDRICAL_SURFACE ( 'NONE', #2751, 1.000000000000000888 ) ;
#2327 = LINE ( 'NONE', #3158, #4873 ) ;
#2328 = CARTESIAN_POINT ( 'NONE',  ( 1.518562030942718677E-14, 10.00000000000000000, 2.400000000000003908 ) ) ;
#2329 = LINE ( 'NONE', #3850, #1379 ) ;
#2330 = AXIS2_PLACEMENT_3D ( 'NONE', #1709, #3196, #2373 ) ;
#2331 = DIRECTION ( 'NONE',  ( -0.000000000000000000, -1.000000000000000000, 0.000000000000000000 ) ) ;
#2332 = VERTEX_POINT ( 'NONE', #3666 ) ;
#2333 = VERTEX_POINT ( 'NONE', #2486 ) ;
#2334 = AXIS2_PLACEMENT_3D ( 'NONE', #1760, #1278, #269 ) ;
#2335 = ORIENTED_EDGE ( 'NONE', *, *, #3702, .T. ) ;
#2336 = DIRECTION ( 'NONE',  ( 0.000000000000000000, -1.000000000000000000, 0.000000000000000000 ) ) ;
#2337 = TOROIDAL_SURFACE ( 'NONE', #2992, 2.000000000000000000, 1.000000000000000000 ) ;
#2338 = CARTESIAN_POINT ( 'NONE',  ( -44.00000000000000711, -33.00000000000000000, 30.00000000000000355 ) ) ;
#2339 = ORIENTED_EDGE ( 'NONE', *, *, #1112, .T. ) ;
#2340 = EDGE_CURVE ( 'NONE', #3681, #180, #2176, .T. ) ;
#2341 = ADVANCED_FACE ( 'NONE', ( #3235 ), #310, .F. ) ;
#2342 = ADVANCED_FACE ( 'NONE', ( #3299 ), #1819, .T. ) ;
#2343 = ORIENTED_EDGE ( 'NONE', *, *, #3262, .T. ) ;
#2344 = DIRECTION ( 'NONE',  ( 0.000000000000000000, 0.000000000000000000, 1.000000000000000000 ) ) ;
#2345 = CIRCLE ( 'NONE', #4078, 0.9999999999999997780 ) ;
#2346 = DIRECTION ( 'NONE',  ( 0.000000000000000000, 0.000000000000000000, 1.000000000000000000 ) ) ;
#2347 = DIRECTION ( 'NONE',  ( -1.000000000000000000, 0.000000000000000000, 0.000000000000000000 ) ) ;
#2348 = DIRECTION ( 'NONE',  ( 0.000000000000000000, 0.000000000000000000, -1.000000000000000000 ) ) ;
#2349 = DIRECTION ( 'NONE',  ( 0.000000000000000000, 0.000000000000000000, 1.000000000000000000 ) ) ;
#2350 = EDGE_LOOP ( 'NONE', ( #3447, #1183, #495, #1504 ) ) ;
#2351 = AXIS2_PLACEMENT_3D ( 'NONE', #303, #684, #1387 ) ;
#2352 = CALENDAR_DATE ( 2026, 26, 6 ) ;
#2353 = ORGANIZATION ( 'UNSPECIFIED', 'UNSPECIFIED', '' ) ;
#2354 = LINE ( 'NONE', #484, #2507 ) ;
#2355 = ADVANCED_FACE ( 'NONE', ( #2083 ), #4360, .T. ) ;
#2356 = DIRECTION ( 'NONE',  ( 3.469446951953615668E-16, 0.000000000000000000, -1.000000000000000000 ) ) ;
#2357 = CIRCLE ( 'NONE', #1327, 1.000000000000002220 ) ;
#2358 = FACE_OUTER_BOUND ( 'NONE', #247, .T. ) ;
#2359 = ADVANCED_FACE ( 'NONE', ( #3983 ), #2105, .T. ) ;
#2360 = CARTESIAN_POINT ( 'NONE',  ( -24.99999999999998224, -49.49999999999999289, 96.99999999999995737 ) ) ;
#2361 = EDGE_LOOP ( 'NONE', ( #4347, #2578, #1948, #2163 ) ) ;
#2362 = CARTESIAN_POINT ( 'NONE',  ( 23.99999999999997513, -49.93922322702763950, 99.19611613513818327 ) ) ;
#2363 = EDGE_CURVE ( 'NONE', #3123, #2214, #1208, .T. ) ;
#2364 = ORIENTED_EDGE ( 'NONE', *, *, #3041, .T. ) ;
#2365 = ORIENTED_EDGE ( 'NONE', *, *, #3892, .T. ) ;
#2366 = DIRECTION ( 'NONE',  ( 0.000000000000000000, 0.000000000000000000, -1.000000000000000000 ) ) ;
#2367 = ORIENTED_EDGE ( 'NONE', *, *, #1391, .T. ) ;
#2368 = ORIENTED_EDGE ( 'NONE', *, *, #3741, .T. ) ;
#2369 = ORIENTED_EDGE ( 'NONE', *, *, #1822, .F. ) ;
#2370 = CARTESIAN_POINT ( 'NONE',  ( 44.00000000000000711, 9.000000000000001776, 0.9999999999999854561 ) ) ;
#2371 = CARTESIAN_POINT ( 'NONE',  ( 24.99999999999998224, -48.00000000000000000, 97.99999999999997158 ) ) ;
#2372 = EDGE_CURVE ( 'NONE', #3433, #1755, #179, .T. ) ;
#2373 = DIRECTION ( 'NONE',  ( 0.000000000000000000, 0.000000000000000000, -1.000000000000000000 ) ) ;
#2374 = CARTESIAN_POINT ( 'NONE',  ( 24.00000000000000000, -48.00000000000000000, 37.99999999999999289 ) ) ;
#2375 = ORIENTED_EDGE ( 'NONE', *, *, #4713, .F. ) ;
#2376 = PERSON_AND_ORGANIZATION ( #1722, #2353 ) ;
#2377 = DIRECTION ( 'NONE',  ( 0.000000000000000000, -0.7071067811865524577, -0.7071067811865426878 ) ) ;
#2378 = CARTESIAN_POINT ( 'NONE',  ( -34.99999999999999289, -47.00000000000000000, 30.00000000000000000 ) ) ;
#2379 = CARTESIAN_POINT ( 'NONE',  ( 35.00000000000000000, -50.88058067569092202, 98.80388386486180252 ) ) ;
#2380 = ADVANCED_FACE ( 'NONE', ( #4032 ), #167, .T. ) ;
#2381 =( BOUNDED_CURVE ( )  B_SPLINE_CURVE ( 3, ( #3190, #4328, #4700, #1301 ),
 .UNSPECIFIED., .F., .T. ) 
 B_SPLINE_CURVE_WITH_KNOTS ( ( 4, 4 ),
 ( 0.000000000000000000, 1.570796326794896558 ),
 .UNSPECIFIED. ) 
 CURVE ( )  GEOMETRIC_REPRESENTATION_ITEM ( )  RATIONAL_B_SPLINE_CURVE ( ( 1.000000000000000000, 0.8047378541243649375, 0.8047378541243649375, 1.000000000000000000 ) ) 
 REPRESENTATION_ITEM ( '' )  );
#2382 = FACE_OUTER_BOUND ( 'NONE', #4258, .T. ) ;
#2383 = VERTEX_POINT ( 'NONE', #1408 ) ;
#2384 = CARTESIAN_POINT ( 'NONE',  ( 0.000000000000000000, 10.00000000000000000, 17.24999999999998934 ) ) ;
#2385 = ORIENTED_EDGE ( 'NONE', *, *, #3878, .F. ) ;
#2386 = EDGE_CURVE ( 'NONE', #3941, #4436, #2123, .T. ) ;
#2387 = ORIENTED_EDGE ( 'NONE', *, *, #3353, .F. ) ;
#2388 = EDGE_CURVE ( 'NONE', #1859, #3733, #1397, .T. ) ;
#2389 = ORIENTED_EDGE ( 'NONE', *, *, #2044, .F. ) ;
#2390 = VECTOR ( 'NONE', #3312, 1000.000000000000000 ) ;
#2391 = CARTESIAN_POINT ( 'NONE',  ( -24.12526795097927845, -50.09149072709865891, 99.95745363548866180 ) ) ;
#2392 = ORIENTED_EDGE ( 'NONE', *, *, #1846, .T. ) ;
#2393 = ORIENTED_EDGE ( 'NONE', *, *, #4211, .F. ) ;
#2394 = CARTESIAN_POINT ( 'NONE',  ( -60.00000000000000711, -31.00000000000000000, 29.99999999999998579 ) ) ;
#2395 = AXIS2_PLACEMENT_3D ( 'NONE', #2579, #3711, #4875 ) ;
#2396 = LINE ( 'NONE', #3539, #2549 ) ;
#2397 = EDGE_CURVE ( 'NONE', #1656, #437, #542, .T. ) ;
#2398 = CARTESIAN_POINT ( 'NONE',  ( 34.00000000000000000, -26.99999999999999645, 29.99999999999998579 ) ) ;
#2399 = AXIS2_PLACEMENT_3D ( 'NONE', #1008, #3254, #3324 ) ;
#2400 = DIRECTION ( 'NONE',  ( 0.000000000000000000, 0.000000000000000000, -1.000000000000000000 ) ) ;
#2401 = CIRCLE ( 'NONE', #890, 1.000000000000000888 ) ;
#2402 = ORIENTED_EDGE ( 'NONE', *, *, #3774, .F. ) ;
#2403 = CALENDAR_DATE ( 2026, 26, 6 ) ;
#2404 = CYLINDRICAL_SURFACE ( 'NONE', #3855, 1.000000000000000888 ) ;
#2405 = AXIS2_PLACEMENT_3D ( 'NONE', #4840, #3307, #2946 ) ;
#2406 = CARTESIAN_POINT ( 'NONE',  ( 23.99999999999997868, -48.00000000000000000, 97.99999999999997158 ) ) ;
#2407 = CARTESIAN_POINT ( 'NONE',  ( 1.187008914834291220E-15, -51.31980390271855441, 102.0000000000000000 ) ) ;
#2408 = VECTOR ( 'NONE', #1719, 1000.000000000000000 ) ;
#2409 = DIRECTION ( 'NONE',  ( 0.000000000000000000, 0.000000000000000000, 1.000000000000000000 ) ) ;
#2410 = ORIENTED_EDGE ( 'NONE', *, *, #3536, .T. ) ;
#2411 = DIRECTION ( 'NONE',  ( 0.000000000000000000, -1.000000000000000000, 0.000000000000000000 ) ) ;
#2412 =( BOUNDED_CURVE ( )  B_SPLINE_CURVE ( 3, ( #1540, #3055, #2243, #1966 ),
 .UNSPECIFIED., .F., .T. ) 
 B_SPLINE_CURVE_WITH_KNOTS ( ( 4, 4 ),
 ( 3.141592653589793116, 4.712388980384689674 ),
 .UNSPECIFIED. ) 
 CURVE ( )  GEOMETRIC_REPRESENTATION_ITEM ( )  RATIONAL_B_SPLINE_CURVE ( ( 1.000000000000000000, 0.8047378541243649375, 0.8047378541243649375, 1.000000000000000000 ) ) 
 REPRESENTATION_ITEM ( '' )  );
#2413 = VECTOR ( 'NONE', #262, 1000.000000000000000 ) ;
#2414 = ORIENTED_EDGE ( 'NONE', *, *, #4810, .T. ) ;
#2415 = AXIS2_PLACEMENT_3D ( 'NONE', #4332, #478, #1258 ) ;
#2416 = ORIENTED_EDGE ( 'NONE', *, *, #2657, .F. ) ;
#2417 = AXIS2_PLACEMENT_3D ( 'NONE', #4062, #672, #4843 ) ;
#2418 = ADVANCED_FACE ( 'NONE', ( #2428 ), #1385, .T. ) ;
#2419 = ORIENTED_EDGE ( 'NONE', *, *, #3672, .T. ) ;
#2421 = VERTEX_POINT ( 'NONE', #929 ) ;
#2420 = TOROIDAL_SURFACE ( 'NONE', #4712, 2.000000000000000000, 1.000000000000000000 ) ;
#2422 = ADVANCED_FACE ( 'NONE', ( #3249 ), #1001, .T. ) ;
#2423 = CYLINDRICAL_SURFACE ( 'NONE', #2480, 2.774999999999999467 ) ;
#2424 = DIRECTION ( 'NONE',  ( -0.000000000000000000, 1.000000000000000000, -0.000000000000000000 ) ) ;
#2425 = AXIS2_PLACEMENT_3D ( 'NONE', #1841, #10, #4491 ) ;
#2426 = CARTESIAN_POINT ( 'NONE',  ( -34.99999999999999289, -33.00000000000000000, 30.00000000000000000 ) ) ;
#2427 = ORIENTED_EDGE ( 'NONE', *, *, #3293, .T. ) ;
#2428 = FACE_OUTER_BOUND ( 'NONE', #243, .T. ) ;
#2429 = AXIS2_PLACEMENT_3D ( 'NONE', #4708, #3250, #562 ) ;
#2430 = CIRCLE ( 'NONE', #1563, 1.600000000000000311 ) ;
#2431 = CARTESIAN_POINT ( 'NONE',  ( -46.00000000000000711, -30.00000000000000000, 30.00000000000000355 ) ) ;
#2432 = DIRECTION ( 'NONE',  ( -0.000000000000000000, 0.000000000000000000, -1.000000000000000000 ) ) ;
#2433 = VECTOR ( 'NONE', #408, 1000.000000000000000 ) ;
#2434 = CARTESIAN_POINT ( 'NONE',  ( 24.99999999999998224, -47.49999999999999289, 96.99999999999997158 ) ) ;
#2435 = DIRECTION ( 'NONE',  ( 0.000000000000000000, 0.000000000000000000, 1.000000000000000000 ) ) ;
#2436 = ORIENTED_EDGE ( 'NONE', *, *, #4508, .T. ) ;
#2437 = CARTESIAN_POINT ( 'NONE',  ( -45.00000000000000711, -34.00000000000000000, 28.99999999999999645 ) ) ;
#2438 = ADVANCED_FACE ( 'NONE', ( #3198 ), #3999, .F. ) ;
#2439 = ORIENTED_EDGE ( 'NONE', *, *, #1803, .F. ) ;
#2440 = LOCAL_TIME ( 23, 26, 43.00000000000000000, #1665 ) ;
#2441 = ORIENTED_EDGE ( 'NONE', *, *, #111, .F. ) ;
#2442 = ADVANCED_FACE ( 'NONE', ( #901 ), #4851, .T. ) ;
#2443 = CARTESIAN_POINT ( 'NONE',  ( 24.99999999999999289, -43.50000000000000000, 46.99999999999999289 ) ) ;
#2444 = EDGE_LOOP ( 'NONE', ( #3755, #3188, #631, #531 ) ) ;
#2445 = ORIENTED_EDGE ( 'NONE', *, *, #3639, .F. ) ;
#2446 = CARTESIAN_POINT ( 'NONE',  ( -24.00000000000000711, -50.49999999999999289, 46.99999999999999289 ) ) ;
#2447 = EDGE_LOOP ( 'NONE', ( #141, #3171, #2029, #3647 ) ) ;
#2448 = CARTESIAN_POINT ( 'NONE',  ( -34.39900051585035357, -51.16562259222095577, 100.8436401712688735 ) ) ;
#2449 = LINE ( 'NONE', #520, #1224 ) ;
#2450 = ORIENTED_EDGE ( 'NONE', *, *, #129, .T. ) ;
#2451 = CARTESIAN_POINT ( 'NONE',  ( 23.00000000000000355, -1.000000000000000888, 29.99999999999998579 ) ) ;
#2452 = CARTESIAN_POINT ( 'NONE',  ( 11.50000000000000533, 4.225031457058368133E-15, 28.99999999999998934 ) ) ;
#2453 = DIRECTION ( 'NONE',  ( -1.982541115402065603E-16, 0.000000000000000000, -1.000000000000000000 ) ) ;
#2454 = CARTESIAN_POINT ( 'NONE',  ( 25.00000000000000355, -27.00000000000000000, 30.99999999999998934 ) ) ;
#2455 = DIRECTION ( 'NONE',  ( 1.000000000000000000, 0.000000000000000000, -1.836970198721029688E-16 ) ) ;
#2456 = DIRECTION ( 'NONE',  ( 0.000000000000000000, 0.000000000000000000, -1.000000000000000000 ) ) ;
#2457 = CARTESIAN_POINT ( 'NONE',  ( 26.99999999999997868, 0.000000000000000000, 102.0000000000000000 ) ) ;
#2458 = APPLICATION_CONTEXT ( 'configuration controlled 3d designs of mechanical parts and assemblies' ) ;
#2459 = EDGE_CURVE ( 'NONE', #1755, #472, #1685, .T. ) ;
#2460 = EDGE_LOOP ( 'NONE', ( #1786, #468, #3901, #397 ) ) ;
#2461 = EDGE_CURVE ( 'NONE', #3863, #21, #1762, .T. ) ;
#2462 = CARTESIAN_POINT ( 'NONE',  ( -25.56225201561884575, -50.43213637183822584, 101.6606818591828727 ) ) ;
#2463 = VERTEX_POINT ( 'NONE', #3561 ) ;
#2464 = CARTESIAN_POINT ( 'NONE',  ( -23.99999999999997868, -50.71980390271855299, 97.99999999999997158 ) ) ;
#2465 = ADVANCED_FACE ( 'NONE', ( #1711 ), #3226, .T. ) ;
#2466 = ORIENTED_EDGE ( 'NONE', *, *, #2203, .T. ) ;
#2467 = DIRECTION ( 'NONE',  ( 0.000000000000000000, 1.000000000000000000, 0.000000000000000000 ) ) ;
#2468 = CARTESIAN_POINT ( 'NONE',  ( 0.000000000000000000, 0.000000000000000000, 0.000000000000000000 ) ) ;
#2469 = ORIENTED_EDGE ( 'NONE', *, *, #1370, .T. ) ;
#2470 = DIRECTION ( 'NONE',  ( 0.000000000000000000, 0.000000000000000000, -1.000000000000000000 ) ) ;
#2471 = CIRCLE ( 'NONE', #1438, 2.000000000000001776 ) ;
#2472 = DIRECTION ( 'NONE',  ( -0.000000000000000000, 3.469446951953615175E-16, 1.000000000000000000 ) ) ;
#2473 = ORIENTED_EDGE ( 'NONE', *, *, #3136, .F. ) ;
#2474 = AXIS2_PLACEMENT_3D ( 'NONE', #2634, #447, #1609 ) ;
#2475 = CARTESIAN_POINT ( 'NONE',  ( -25.00000000000000355, -47.00000000000000000, 29.99999999999998579 ) ) ;
#2476 = CARTESIAN_POINT ( 'NONE',  ( 1.538156379729076048E-14, 10.00000000000000000, 5.600000000000004086 ) ) ;
#2477 = CARTESIAN_POINT ( 'NONE',  ( 1.538156379729076048E-14, 6.000000000000002665, 5.600000000000004086 ) ) ;
#2478 = EDGE_CURVE ( 'NONE', #1287, #4286, #1738, .T. ) ;
#2479 = TOROIDAL_SURFACE ( 'NONE', #349, 2.000000000000000000, 1.000000000000000000 ) ;
#2480 = AXIS2_PLACEMENT_3D ( 'NONE', #946, #1275, #2140 ) ;
#2481 = EDGE_CURVE ( 'NONE', #1, #3267, #4431, .T. ) ;
#2482 = DIRECTION ( 'NONE',  ( -3.469446951953615668E-16, 0.000000000000000000, -1.000000000000000000 ) ) ;
#2483 = LINE ( 'NONE', #3643, #3166 ) ;
#2484 = DIRECTION ( 'NONE',  ( 1.982541115402065603E-16, -0.000000000000000000, 1.000000000000000000 ) ) ;
#2485 = AXIS2_PLACEMENT_3D ( 'NONE', #486, #2183, #3109 ) ;
#2486 = CARTESIAN_POINT ( 'NONE',  ( -11.49999999999999645, 6.000000000000000000, -1.387778780781445676E-14 ) ) ;
#2487 = AXIS2_PLACEMENT_3D ( 'NONE', #3761, #1880, #4144 ) ;
#2488 = DIRECTION ( 'NONE',  ( -1.000000000000000000, 3.154042683594195121E-16, 1.982541115402065603E-16 ) ) ;
#2489 = ORIENTED_EDGE ( 'NONE', *, *, #4013, .F. ) ;
#2490 = CIRCLE ( 'NONE', #3133, 2.774999999999999467 ) ;
#2491 = ORIENTED_EDGE ( 'NONE', *, *, #2731, .F. ) ;
#2492 = CARTESIAN_POINT ( 'NONE',  ( 8.000000000000007105, 10.00000000000000000, 13.59999999999999964 ) ) ;
#2493 = EDGE_LOOP ( 'NONE', ( #1632, #1040, #2207, #3311 ) ) ;
#2494 = CYLINDRICAL_SURFACE ( 'NONE', #118, 1.000000000000000888 ) ;
#2495 = CC_DESIGN_PERSON_AND_ORGANIZATION_ASSIGNMENT ( #482, #3515, ( #2274 ) ) ;
#2496 = CARTESIAN_POINT ( 'NONE',  ( 25.82842712474617031, -50.33922322702762386, 101.1961161351381975 ) ) ;
#2497 = AXIS2_PLACEMENT_3D ( 'NONE', #1051, #330, #658 ) ;
#2498 = ADVANCED_FACE ( 'NONE', ( #1298 ), #1289, .F. ) ;
#2499 = ORIENTED_EDGE ( 'NONE', *, *, #2168, .T. ) ;
#2500 = LINE ( 'NONE', #2164, #1836 ) ;
#2501 = EDGE_CURVE ( 'NONE', #4277, #999, #3191, .T. ) ;
#2502 = EDGE_CURVE ( 'NONE', #2891, #2214, #1351, .T. ) ;
#2503 = AXIS2_PLACEMENT_3D ( 'NONE', #3690, #3770, #3743 ) ;
#2504 = CARTESIAN_POINT ( 'NONE',  ( 0.000000000000000000, 6.000000000000001776, 18.39999999999999503 ) ) ;
#2505 = VERTEX_POINT ( 'NONE', #2464 ) ;
#2506 = CARTESIAN_POINT ( 'NONE',  ( -24.00000000000000711, -59.50000000000000000, 46.99999999999999289 ) ) ;
#2507 = VECTOR ( 'NONE', #2690, 1000.000000000000000 ) ;
#2508 = CARTESIAN_POINT ( 'NONE',  ( 23.99999999999997158, -51.15411847776933030, 100.7573593128806948 ) ) ;
#2509 = DIRECTION ( 'NONE',  ( 1.000000000000000000, 0.000000000000000000, -0.000000000000000000 ) ) ;
#2510 = FACE_OUTER_BOUND ( 'NONE', #4276, .T. ) ;
#2511 = CIRCLE ( 'NONE', #1959, 1.600000000000000755 ) ;
#2512 = CIRCLE ( 'NONE', #4400, 1.999999999999998224 ) ;
#2513 = CARTESIAN_POINT ( 'NONE',  ( -24.00000000000000000, -48.00000000000000000, 37.99999999999999289 ) ) ;
#2514 = EDGE_CURVE ( 'NONE', #4012, #89, #883, .T. ) ;
#2515 = DIRECTION ( 'NONE',  ( 0.000000000000000000, 0.000000000000000000, -1.000000000000000000 ) ) ;
#2516 = VECTOR ( 'NONE', #3301, 1000.000000000000000 ) ;
#2517 = DESIGN_CONTEXT ( 'detailed design', #2458, 'design' ) ;
#2518 = VERTEX_POINT ( 'NONE', #3942 ) ;
#2519 = ADVANCED_FACE ( 'NONE', ( #3240 ), #2479, .T. ) ;
#2520 = CARTESIAN_POINT ( 'NONE',  ( -26.73815341800909096, -50.33922322702620278, 101.1961161351310210 ) ) ;
#2521 = ORIENTED_EDGE ( 'NONE', *, *, #1252, .F. ) ;
#2522 = DIRECTION ( 'NONE',  ( -1.000000000000000000, 0.000000000000000000, 0.000000000000000000 ) ) ;
#2523 = VERTEX_POINT ( 'NONE', #3216 ) ;
#2524 = ORIENTED_EDGE ( 'NONE', *, *, #2126, .F. ) ;
#2525 = DIRECTION ( 'NONE',  ( 0.000000000000000000, -1.000000000000000000, 0.000000000000000000 ) ) ;
#2526 = CARTESIAN_POINT ( 'NONE',  ( 32.00000000000000000, -50.49999999999999289, 102.0000000000000000 ) ) ;
#2527 = DIRECTION ( 'NONE',  ( 0.000000000000000000, 0.000000000000000000, 1.000000000000000000 ) ) ;
#2528 = VERTEX_POINT ( 'NONE', #4418 ) ;
#2529 = CARTESIAN_POINT ( 'NONE',  ( -24.41421356237309581, -50.49999999999999289, 46.99999999999999289 ) ) ;
#2530 = CARTESIAN_POINT ( 'NONE',  ( -34.99999999999998579, -44.50000000000000000, 40.99999999999999289 ) ) ;
#2531 = CARTESIAN_POINT ( 'NONE',  ( 24.41421356237309581, -47.99999999999999289, 36.99999999999999289 ) ) ;
#2532 = CYLINDRICAL_SURFACE ( 'NONE', #3760, 2.774999999999999467 ) ;
#2533 = DIRECTION ( 'NONE',  ( -1.000000000000000000, 0.000000000000000000, 1.836970198721029688E-16 ) ) ;
#2534 = CARTESIAN_POINT ( 'NONE',  ( 33.99999999998981082, -49.99159254346695747, 99.45796271733478022 ) ) ;
#2535 = CARTESIAN_POINT ( 'NONE',  ( -34.99999999999997868, -50.91421356237309936, 46.58578643762689353 ) ) ;
#2536 = AXIS2_PLACEMENT_3D ( 'NONE', #3842, #3033, #3054 ) ;
#2537 = EDGE_CURVE ( 'NONE', #4651, #1507, #553, .T. ) ;
#2538 = VERTEX_POINT ( 'NONE', #4721 ) ;
#2539 = EDGE_LOOP ( 'NONE', ( #1253, #318, #2209, #2436 ) ) ;
#2540 = ADVANCED_FACE ( 'NONE', ( #3259 ), #2072, .F. ) ;
#2541 = FACE_OUTER_BOUND ( 'NONE', #3189, .T. ) ;
#2542 = EDGE_CURVE ( 'NONE', #4732, #4012, #1329, .T. ) ;
#2543 = ORIENTED_EDGE ( 'NONE', *, *, #206, .F. ) ;
#2544 = DIRECTION ( 'NONE',  ( 1.000000000000000000, -0.000000000000000000, 0.000000000000000000 ) ) ;
#2545 =( BOUNDED_CURVE ( )  B_SPLINE_CURVE ( 3, ( #93, #4601, #4714, #1225 ),
 .UNSPECIFIED., .F., .T. ) 
 B_SPLINE_CURVE_WITH_KNOTS ( ( 4, 4 ),
 ( 1.570796326794896780, 3.141592653589793116 ),
 .UNSPECIFIED. ) 
 CURVE ( )  GEOMETRIC_REPRESENTATION_ITEM ( )  RATIONAL_B_SPLINE_CURVE ( ( 1.000000000000000000, 0.8047378541243650485, 0.8047378541243650485, 1.000000000000000000 ) ) 
 REPRESENTATION_ITEM ( '' )  );
#2546 = AXIS2_PLACEMENT_3D ( 'NONE', #3607, #145, #2470 ) ;
#2547 = FACE_OUTER_BOUND ( 'NONE', #4158, .T. ) ;
#2548 = VERTEX_POINT ( 'NONE', #4696 ) ;
#2549 = VECTOR ( 'NONE', #2119, 1000.000000000000000 ) ;
#2550 = DIRECTION ( 'NONE',  ( -0.000000000000000000, 0.000000000000000000, 1.000000000000000000 ) ) ;
#2551 = VERTEX_POINT ( 'NONE', #2844 ) ;
#2552 = CYLINDRICAL_SURFACE ( 'NONE', #2395, 1.000000000000000888 ) ;
#2553 = EDGE_CURVE ( 'NONE', #1287, #1680, #4218, .T. ) ;
#2554 = FACE_OUTER_BOUND ( 'NONE', #675, .T. ) ;
#2555 = CARTESIAN_POINT ( 'NONE',  ( 23.99999999999999645, -44.50000000000000000, 45.99999999999999289 ) ) ;
#2556 = FACE_OUTER_BOUND ( 'NONE', #4554, .T. ) ;
#2557 = DIRECTION ( 'NONE',  ( 0.000000000000000000, 1.000000000000000000, -0.000000000000000000 ) ) ;
#2558 = CARTESIAN_POINT ( 'NONE',  ( 25.00000000000001421, -1.000000000000000888, -1.102182119232618227E-14 ) ) ;
#2559 = CARTESIAN_POINT ( 'NONE',  ( 33.59933367723420616, -50.18504191652986179, 100.4252095826492734 ) ) ;
#2560 = LINE ( 'NONE', #661, #4794 ) ;
#2561 = CARTESIAN_POINT ( 'NONE',  ( -60.00000000000000711, -32.00000000000000000, 29.00000000000000000 ) ) ;
#2562 = CIRCLE ( 'NONE', #1038, 1.000000000000000888 ) ;
#2563 = AXIS2_PLACEMENT_3D ( 'NONE', #1376, #2892, #4392 ) ;
#2564 = ORIENTED_EDGE ( 'NONE', *, *, #4777, .F. ) ;
#2565 = ORIENTED_EDGE ( 'NONE', *, *, #530, .F. ) ;
#2566 = AXIS2_PLACEMENT_3D ( 'NONE', #2567, #815, #4059 ) ;
#2567 = CARTESIAN_POINT ( 'NONE',  ( 24.00000000000000355, -28.00000000000000000, 36.99999999999999289 ) ) ;
#2568 = VERTEX_POINT ( 'NONE', #3988 ) ;
#2569 = LINE ( 'NONE', #721, #4862 ) ;
#2570 = AXIS2_PLACEMENT_3D ( 'NONE', #108, #3519, #1621 ) ;
#2571 = CARTESIAN_POINT ( 'NONE',  ( 34.00000000000000000, -59.50000000000000000, 36.99999999999999289 ) ) ;
#2572 = VERTEX_POINT ( 'NONE', #3602 ) ;
#2573 = CARTESIAN_POINT ( 'NONE',  ( -12.49999999999999645, 6.000000000000000000, 28.99999999999999289 ) ) ;
#2574 = ADVANCED_FACE ( 'NONE', ( #600 ), #2113, .F. ) ;
#2575 = EDGE_CURVE ( 'NONE', #4469, #2615, #32, .T. ) ;
#2576 = DIRECTION ( 'NONE',  ( -0.000000000000000000, -0.000000000000000000, 1.000000000000000000 ) ) ;
#2578 = ORIENTED_EDGE ( 'NONE', *, *, #3866, .F. ) ;
#2577 = AXIS2_PLACEMENT_3D ( 'NONE', #1448, #4470, #1070 ) ;
#2579 = CARTESIAN_POINT ( 'NONE',  ( -25.00000000000000000, -29.00000000000000000, 36.99999999999999289 ) ) ;
#2580 = EDGE_CURVE ( 'NONE', #73, #4583, #353, .T. ) ;
#2581 = VECTOR ( 'NONE', #1137, 1000.000000000000000 ) ;
#2582 = DIRECTION ( 'NONE',  ( 0.000000000000000000, 1.000000000000000000, 0.000000000000000000 ) ) ;
#2583 = CARTESIAN_POINT ( 'NONE',  ( -35.00000000000000000, -46.99999999999988631, 17.77499999999998437 ) ) ;
#2584 = VECTOR ( 'NONE', #2039, 1000.000000000000000 ) ;
#2585 = CARTESIAN_POINT ( 'NONE',  ( -34.99999999999998579, -28.41421356237308160, 41.58578643762690064 ) ) ;
#2586 = DIRECTION ( 'NONE',  ( -0.000000000000000000, 0.000000000000000000, 1.000000000000000000 ) ) ;
#2587 = DIRECTION ( 'NONE',  ( 0.000000000000000000, 0.000000000000000000, -1.000000000000000000 ) ) ;
#2588 = AXIS2_PLACEMENT_3D ( 'NONE', #1030, #4833, #1436 ) ;
#2589 = CARTESIAN_POINT ( 'NONE',  ( 33.76108207763998337, -50.39183835926208133, 101.4591917963085592 ) ) ;
#2590 = DIRECTION ( 'NONE',  ( 0.000000000000000000, -1.000000000000000000, 0.000000000000000000 ) ) ;
#2591 = CARTESIAN_POINT ( 'NONE',  ( 34.00000000000000000, -27.99999999999999645, 30.99999999999998579 ) ) ;
#2592 = AXIS2_PLACEMENT_3D ( 'NONE', #4026, #327, #1083 ) ;
#2593 = CC_DESIGN_PERSON_AND_ORGANIZATION_ASSIGNMENT ( #1644, #2739, ( #4167 ) ) ;
#2594 = DIRECTION ( 'NONE',  ( 0.000000000000000000, 0.000000000000000000, 1.000000000000000000 ) ) ;
#2595 = EDGE_LOOP ( 'NONE', ( #2111, #2188, #3535, #2653, #392, #481 ) ) ;
#2596 = EDGE_LOOP ( 'NONE', ( #1533, #3117, #736, #3572 ) ) ;
#2597 = CARTESIAN_POINT ( 'NONE',  ( -34.99999999999995737, -51.50000000000000000, 97.99999999999997158 ) ) ;
#2598 = VECTOR ( 'NONE', #4709, 1000.000000000000000 ) ;
#2599 = ORIENTED_EDGE ( 'NONE', *, *, #116, .F. ) ;
#2600 = CARTESIAN_POINT ( 'NONE',  ( 1.959434878635764984E-16, 6.000000000000001776, 21.59999999999999787 ) ) ;
#2601 = DIRECTION ( 'NONE',  ( 0.000000000000000000, 0.1961161351381880413, -0.9805806756909194455 ) ) ;
#2602 = VECTOR ( 'NONE', #331, 1000.000000000000000 ) ;
#2603 = LINE ( 'NONE', #4094, #4577 ) ;
#2604 = ORIENTED_EDGE ( 'NONE', *, *, #97, .T. ) ;
#2605 = VECTOR ( 'NONE', #1450, 1000.000000000000000 ) ;
#2606 = DIRECTION ( 'NONE',  ( 2.891205793294678819E-16, -1.000000000000000000, -5.731934358295346469E-32 ) ) ;
#2607 = DIRECTION ( 'NONE',  ( -1.000000000000000000, 0.000000000000000000, 0.000000000000000000 ) ) ;
#2608 = ORIENTED_EDGE ( 'NONE', *, *, #731, .T. ) ;
#2609 = FACE_BOUND ( 'NONE', #3315, .T. ) ;
#2610 = CYLINDRICAL_SURFACE ( 'NONE', #3295, 1.000000000000000888 ) ;
#2611 = CARTESIAN_POINT ( 'NONE',  ( 23.99999999999999645, -47.58578643762690064, 37.41421356237307805 ) ) ;
#2612 = EDGE_CURVE ( 'NONE', #1, #2086, #988, .T. ) ;
#2613 = CARTESIAN_POINT ( 'NONE',  ( 35.00000000000000000, 10.00000000000000178, 14.99999999999998579 ) ) ;
#2614 = DIRECTION ( 'NONE',  ( -1.000000000000000000, 0.000000000000000000, -0.000000000000000000 ) ) ;
#2615 = VERTEX_POINT ( 'NONE', #260 ) ;
#2616 = DIRECTION ( 'NONE',  ( 0.000000000000000000, -1.000000000000000000, 0.000000000000000000 ) ) ;
#2617 = VECTOR ( 'NONE', #2745, 1000.000000000000000 ) ;
#2618 = DIRECTION ( 'NONE',  ( 0.000000000000000000, 0.000000000000000000, 1.000000000000000000 ) ) ;
#2619 = DIRECTION ( 'NONE',  ( -0.000000000000000000, 1.000000000000000000, -0.000000000000000000 ) ) ;
#2620 = DIRECTION ( 'NONE',  ( -1.836970198721029688E-16, 0.000000000000000000, -1.000000000000000000 ) ) ;
#2621 = ORIENTED_EDGE ( 'NONE', *, *, #3899, .T. ) ;
#2622 = AXIS2_PLACEMENT_3D ( 'NONE', #3138, #3520, #3088 ) ;
#2623 = ADVANCED_FACE ( 'NONE', ( #2541 ), #4037, .F. ) ;
#2624 = ORIENTED_EDGE ( 'NONE', *, *, #4560, .F. ) ;
#2625 = LINE ( 'NONE', #839, #3751 ) ;
#2626 = VERTEX_POINT ( 'NONE', #2744 ) ;
#2627 = FACE_OUTER_BOUND ( 'NONE', #626, .T. ) ;
#2628 = CARTESIAN_POINT ( 'NONE',  ( 26.99999999999997868, -58.50000000000000000, 100.9999999999999858 ) ) ;
#2629 = DIRECTION ( 'NONE',  ( 1.000000000000000000, 2.891205793294678819E-16, 0.000000000000000000 ) ) ;
#2630 = VERTEX_POINT ( 'NONE', #3086 ) ;
#2631 = DIRECTION ( 'NONE',  ( 0.000000000000000000, 0.000000000000000000, 1.000000000000000000 ) ) ;
#2632 = ADVANCED_FACE ( 'NONE', ( #1850 ), #317, .F. ) ;
#2633 = EDGE_LOOP ( 'NONE', ( #356, #571, #3650 ) ) ;
#2634 = CARTESIAN_POINT ( 'NONE',  ( 0.000000000000000000, 0.000000000000000000, 102.0000000000000000 ) ) ;
#2635 = DIRECTION ( 'NONE',  ( 0.000000000000000000, 0.000000000000000000, -1.000000000000000000 ) ) ;
#2636 = CARTESIAN_POINT ( 'NONE',  ( -23.00000000000001421, 1.000000000000000000, -2.204364238465233456E-15 ) ) ;
#2637 = CIRCLE ( 'NONE', #4528, 1.600000000000000755 ) ;
#2638 = DIRECTION ( 'NONE',  ( 0.000000000000000000, 0.000000000000000000, -1.000000000000000000 ) ) ;
#2639 = ORIENTED_EDGE ( 'NONE', *, *, #530, .T. ) ;
#2640 = CARTESIAN_POINT ( 'NONE',  ( 35.00000000000000000, -50.71980390271855299, 97.99999999999997158 ) ) ;
#2641 = LINE ( 'NONE', #4858, #3917 ) ;
#2642 = CYLINDRICAL_SURFACE ( 'NONE', #137, 1.000000000000000888 ) ;
#2643 = ADVANCED_FACE ( 'NONE', ( #1825 ), #4468, .T. ) ;
#2644 = EDGE_CURVE ( 'NONE', #3433, #3123, #1598, .T. ) ;
#2645 = LINE ( 'NONE', #4136, #1255 ) ;
#2646 = ORIENTED_EDGE ( 'NONE', *, *, #309, .F. ) ;
#2647 = CIRCLE ( 'NONE', #3977, 1.000000000000000888 ) ;
#2648 = ORIENTED_EDGE ( 'NONE', *, *, #1965, .T. ) ;
#2649 = ORIENTED_EDGE ( 'NONE', *, *, #91, .T. ) ;
#2650 = CARTESIAN_POINT ( 'NONE',  ( -35.99999999999999289, -48.00000000000000000, 31.00000000000000000 ) ) ;
#2651 = FACE_OUTER_BOUND ( 'NONE', #4674, .T. ) ;
#2652 = CARTESIAN_POINT ( 'NONE',  ( -24.00000000000000355, -28.00000000000000000, 36.99999999999999289 ) ) ;
#2653 = ORIENTED_EDGE ( 'NONE', *, *, #4013, .T. ) ;
#2654 = ORIENTED_EDGE ( 'NONE', *, *, #491, .F. ) ;
#2655 = DIRECTION ( 'NONE',  ( 0.000000000000000000, 0.000000000000000000, 1.000000000000000000 ) ) ;
#2656 = CARTESIAN_POINT ( 'NONE',  ( 35.00000000000000000, -59.50000000000000000, 98.99999999999998579 ) ) ;
#2657 = EDGE_CURVE ( 'NONE', #4105, #391, #3001, .T. ) ;
#2658 = DIRECTION ( 'NONE',  ( 1.000000000000000000, 0.000000000000000000, -4.625929269271482956E-16 ) ) ;
#2659 = CYLINDRICAL_SURFACE ( 'NONE', #2027, 1.000000000000000888 ) ;
#2660 = CARTESIAN_POINT ( 'NONE',  ( 0.000000000000000000, 10.00000000000000000, 19.99999999999999645 ) ) ;
#2661 = ORIENTED_EDGE ( 'NONE', *, *, #551, .T. ) ;
#2662 = AXIS2_PLACEMENT_3D ( 'NONE', #3868, #2735, #2077 ) ;
#2663 =( NAMED_UNIT ( * ) PLANE_ANGLE_UNIT ( ) SI_UNIT ( $, .RADIAN. ) );
#2664 = CYLINDRICAL_SURFACE ( 'NONE', #1066, 1.000000000000000888 ) ;
#2665 = ADVANCED_FACE ( 'NONE', ( #2358 ), #1215, .T. ) ;
#2666 = CARTESIAN_POINT ( 'NONE',  ( -24.99999999999998579, -50.49999999999999289, 96.99999999999997158 ) ) ;
#2667 = TOROIDAL_SURFACE ( 'NONE', #664, 2.000000000000000000, 1.000000000000000000 ) ;
#2668 = EDGE_CURVE ( 'NONE', #3178, #2114, #4242, .T. ) ;
#2669 = CARTESIAN_POINT ( 'NONE',  ( 0.000000000000000000, -58.50000000000000000, 100.9999999999999858 ) ) ;
#2670 = ORIENTED_EDGE ( 'NONE', *, *, #3713, .F. ) ;
#2671 = CARTESIAN_POINT ( 'NONE',  ( 24.41421356237311002, -47.99999999999999289, -1.084202172485504276E-14 ) ) ;
#2672 = ORIENTED_EDGE ( 'NONE', *, *, #236, .F. ) ;
#2673 = AXIS2_PLACEMENT_3D ( 'NONE', #30, #2018, #2787 ) ;
#2674 = ORIENTED_EDGE ( 'NONE', *, *, #4030, .T. ) ;
#2675 = CARTESIAN_POINT ( 'NONE',  ( -24.99999999999998224, -49.93922322702763950, 99.19611613513818327 ) ) ;
#2676 = VECTOR ( 'NONE', #254, 1000.000000000000000 ) ;
#2677 = DIRECTION ( 'NONE',  ( 1.000000000000000000, 0.000000000000000000, -1.836970198721029688E-16 ) ) ;
#2678 = DIRECTION ( 'NONE',  ( -0.000000000000000000, 1.000000000000000000, 0.000000000000000000 ) ) ;
#2679 = VERTEX_POINT ( 'NONE', #2597 ) ;
#2680 = VECTOR ( 'NONE', #4686, 1000.000000000000000 ) ;
#2681 = CARTESIAN_POINT ( 'NONE',  ( -24.37864082888218675, -51.12125149291800597, 100.5108569264945828 ) ) ;
#2682 = ORIENTED_EDGE ( 'NONE', *, *, #2161, .F. ) ;
#2683 = CARTESIAN_POINT ( 'NONE',  ( 0.000000000000000000, 10.00000000000000000, 11.99999999999998934 ) ) ;
#2684 = DIRECTION ( 'NONE',  ( -1.000000000000000000, 0.000000000000000000, 0.000000000000000000 ) ) ;
#2685 = CARTESIAN_POINT ( 'NONE',  ( 0.000000000000000000, 6.000000000000001776, 19.99999999999999645 ) ) ;
#2686 = FACE_OUTER_BOUND ( 'NONE', #4166, .T. ) ;
#2687 = CARTESIAN_POINT ( 'NONE',  ( 34.00000000000000000, -26.99999999999999645, 30.99999999999998579 ) ) ;
#2688 = ORIENTED_EDGE ( 'NONE', *, *, #2542, .T. ) ;
#2689 = ADVANCED_FACE ( 'NONE', ( #3475 ), #3728, .T. ) ;
#2690 = DIRECTION ( 'NONE',  ( 0.000000000000000000, -3.469446951953615175E-16, -1.000000000000000000 ) ) ;
#2691 = CARTESIAN_POINT ( 'NONE',  ( 1.836970198721017855E-16, 1.000000000000000000, 0.9999999999999935607 ) ) ;
#2692 = FACE_OUTER_BOUND ( 'NONE', #3144, .T. ) ;
#2693 = ORIENTED_EDGE ( 'NONE', *, *, #57, .T. ) ;
#2694 = CARTESIAN_POINT ( 'NONE',  ( -25.00000000000000355, -29.00000000000000000, 30.99999999999999645 ) ) ;
#2695 = TOROIDAL_SURFACE ( 'NONE', #1747, 2.000000000000000000, 1.000000000000000000 ) ;
#2696 = ORIENTED_EDGE ( 'NONE', *, *, #2199, .F. ) ;
#2697 = EDGE_CURVE ( 'NONE', #1608, #1753, #2625, .T. ) ;
#2698 = ORIENTED_EDGE ( 'NONE', *, *, #4634, .T. ) ;
#2699 = DIRECTION ( 'NONE',  ( -1.982541115402065603E-16, 0.000000000000000000, -1.000000000000000000 ) ) ;
#2700 = CYLINDRICAL_SURFACE ( 'NONE', #3669, 1.000000000000000000 ) ;
#2701 = CARTESIAN_POINT ( 'NONE',  ( 26.99999999999997868, -58.50000000000000000, 102.0000000000000000 ) ) ;
#2702 = ORIENTED_EDGE ( 'NONE', *, *, #3590, .T. ) ;
#2703 = ADVANCED_FACE ( 'NONE', ( #1476 ), #4439, .T. ) ;
#2704 = CIRCLE ( 'NONE', #1117, 1.999999999999998224 ) ;
#2705 = ADVANCED_FACE ( 'NONE', ( #1096 ), #669, .T. ) ;
#2706 = EDGE_LOOP ( 'NONE', ( #3147, #1704, #371, #4612 ) ) ;
#2707 = DIRECTION ( 'NONE',  ( 0.000000000000000000, -1.000000000000000000, 0.000000000000000000 ) ) ;
#2708 = DIRECTION ( 'NONE',  ( 0.000000000000000000, 0.000000000000000000, 1.000000000000000000 ) ) ;
#2709 = DIRECTION ( 'NONE',  ( 0.000000000000000000, 0.000000000000000000, 1.000000000000000000 ) ) ;
#2710 = DIRECTION ( 'NONE',  ( -1.000000000000000000, 0.000000000000000000, 0.000000000000000000 ) ) ;
#2711 = VERTEX_POINT ( 'NONE', #1037 ) ;
#2712 = DATE_AND_TIME ( #2403, #4011 ) ;
#2713 =( BOUNDED_CURVE ( )  B_SPLINE_CURVE ( 3, ( #4725, #1679, #2496, #3652 ),
 .UNSPECIFIED., .F., .T. ) 
 B_SPLINE_CURVE_WITH_KNOTS ( ( 4, 4 ),
 ( 4.712388980384689674, 6.283185307179586232 ),
 .UNSPECIFIED. ) 
 CURVE ( )  GEOMETRIC_REPRESENTATION_ITEM ( )  RATIONAL_B_SPLINE_CURVE ( ( 1.000000000000000000, 0.8047378541243649375, 0.8047378541243649375, 1.000000000000000000 ) ) 
 REPRESENTATION_ITEM ( '' )  );
#2714 = CARTESIAN_POINT ( 'NONE',  ( -24.00000000000000711, -50.49999999999999289, 102.0000000000000000 ) ) ;
#2715 = CARTESIAN_POINT ( 'NONE',  ( -24.41421356237307450, -50.49999999999999289, 96.99999999999997158 ) ) ;
#2716 = PLANE ( 'NONE',  #2566 ) ;
#2717 = FACE_OUTER_BOUND ( 'NONE', #2447, .T. ) ;
#2718 = EDGE_LOOP ( 'NONE', ( #2205, #4377, #4299, #2849 ) ) ;
#2719 = VECTOR ( 'NONE', #24, 1000.000000000000000 ) ;
#2720 = ORIENTED_EDGE ( 'NONE', *, *, #3639, .T. ) ;
#2721 = ADVANCED_FACE ( 'NONE', ( #2228 ), #3701, .F. ) ;
#2722 = AXIS2_PLACEMENT_3D ( 'NONE', #4098, #1860, #1487 ) ;
#2723 = ORIENTED_EDGE ( 'NONE', *, *, #4237, .F. ) ;
#2724 = CARTESIAN_POINT ( 'NONE',  ( 11.50000000000000533, 1.000000000000000000, -1.387778780781445676E-14 ) ) ;
#2725 = LINE ( 'NONE', #4343, #3296 ) ;
#2726 = ORIENTED_EDGE ( 'NONE', *, *, #1661, .T. ) ;
#2727 = ORIENTED_EDGE ( 'NONE', *, *, #624, .T. ) ;
#2728 = ADVANCED_FACE ( 'NONE', ( #365 ), #2716, .F. ) ;
#2729 = VECTOR ( 'NONE', #1828, 1000.000000000000000 ) ;
#2730 = LINE ( 'NONE', #1961, #3573 ) ;
#2731 = EDGE_CURVE ( 'NONE', #138, #348, #816, .T. ) ;
#2732 = CARTESIAN_POINT ( 'NONE',  ( 24.99999999999998224, -49.93922322702763950, 99.19611613513818327 ) ) ;
#2733 = PLANE ( 'NONE',  #386 ) ;
#2734 = EDGE_CURVE ( 'NONE', #2798, #2773, #2329, .T. ) ;
#2735 = DIRECTION ( 'NONE',  ( 0.000000000000000000, 0.1961161351381880413, -0.9805806756909194455 ) ) ;
#2736 = DIRECTION ( 'NONE',  ( 0.000000000000000000, 0.000000000000000000, -1.000000000000000000 ) ) ;
#2737 = ORIENTED_EDGE ( 'NONE', *, *, #1071, .F. ) ;
#2738 = EDGE_CURVE ( 'NONE', #4366, #2630, #2045, .T. ) ;
#2739 = PERSON_AND_ORGANIZATION_ROLE ( 'design_owner' ) ;
#2740 = DIRECTION ( 'NONE',  ( 1.000000000000000000, 0.000000000000000000, 0.000000000000000000 ) ) ;
#2741 = DIRECTION ( 'NONE',  ( -2.891205793294678819E-16, 1.000000000000000000, 5.731934358295346469E-32 ) ) ;
#2742 = DIRECTION ( 'NONE',  ( 0.000000000000000000, -1.000000000000000000, 0.000000000000000000 ) ) ;
#2743 = CIRCLE ( 'NONE', #1221, 1.600000000000000755 ) ;
#2744 = CARTESIAN_POINT ( 'NONE',  ( -24.00000000000000000, -29.00000000000000000, 40.99999999999999289 ) ) ;
#2745 = DIRECTION ( 'NONE',  ( -4.625929269271485914E-16, 0.000000000000000000, -1.000000000000000000 ) ) ;
#2746 = ORIENTED_EDGE ( 'NONE', *, *, #4707, .F. ) ;
#2747 = ORIENTED_EDGE ( 'NONE', *, *, #2761, .T. ) ;
#2748 = CIRCLE ( 'NONE', #591, 1.000000000000000888 ) ;
#2749 = ORIENTED_EDGE ( 'NONE', *, *, #2839, .F. ) ;
#2750 = CARTESIAN_POINT ( 'NONE',  ( -45.00000000000002842, -50.49999999999999289, 101.9999999999999858 ) ) ;
#2751 = AXIS2_PLACEMENT_3D ( 'NONE', #4541, #454, #2740 ) ;
#2752 = CARTESIAN_POINT ( 'NONE',  ( -45.00000000000000711, -34.00000000000000000, 29.58578643762690774 ) ) ;
#2753 = ORIENTED_EDGE ( 'NONE', *, *, #2839, .T. ) ;
#2754 = ADVANCED_FACE ( 'NONE', ( #957 ), #4687, .T. ) ;
#2755 = CIRCLE ( 'NONE', #3552, 1.000000000000000888 ) ;
#2756 = ORIENTED_EDGE ( 'NONE', *, *, #805, .F. ) ;
#2757 = ORIENTED_EDGE ( 'NONE', *, *, #283, .F. ) ;
#2758 = DIRECTION ( 'NONE',  ( 1.000000000000000000, -0.000000000000000000, -0.000000000000000000 ) ) ;
#2759 = VECTOR ( 'NONE', #2619, 1000.000000000000000 ) ;
#2760 = CARTESIAN_POINT ( 'NONE',  ( 35.00000000000000000, 10.00000000000000178, 12.22499999999998543 ) ) ;
#2761 = EDGE_CURVE ( 'NONE', #4105, #3937, #2319, .T. ) ;
#2762 = DIRECTION ( 'NONE',  ( -0.000000000000000000, 1.000000000000000000, -0.000000000000000000 ) ) ;
#2763 = CARTESIAN_POINT ( 'NONE',  ( -45.00000000000000711, 10.00000000000000000, 1.000000000000000888 ) ) ;
#2764 = ORIENTED_EDGE ( 'NONE', *, *, #4508, .F. ) ;
#2765 = CIRCLE ( 'NONE', #4083, 1.000000000000000888 ) ;
#2766 = PERSON_AND_ORGANIZATION ( #1722, #2353 ) ;
#2767 = DIRECTION ( 'NONE',  ( 0.000000000000000000, 0.000000000000000000, 1.000000000000000000 ) ) ;
#2768 = CARTESIAN_POINT ( 'NONE',  ( -34.99999999999995737, -58.49999999999999289, 98.99999999999998579 ) ) ;
#2769 = VECTOR ( 'NONE', #1947, 1000.000000000000000 ) ;
#2770 = ADVANCED_FACE ( 'NONE', ( #4290 ), #1265, .T. ) ;
#2771 = CARTESIAN_POINT ( 'NONE',  ( 35.00000000000000000, -47.00000000000002842, 17.77499999999998437 ) ) ;
#2772 = CARTESIAN_POINT ( 'NONE',  ( 11.50000000000000355, 6.000000000000004441, 28.99999999999998934 ) ) ;
#2773 = VERTEX_POINT ( 'NONE', #2771 ) ;
#2774 = ORIENTED_EDGE ( 'NONE', *, *, #1481, .F. ) ;
#2775 =( BOUNDED_CURVE ( )  B_SPLINE_CURVE ( 3, ( #1235, #2015, #3082, #831 ),
 .UNSPECIFIED., .F., .T. ) 
 B_SPLINE_CURVE_WITH_KNOTS ( ( 4, 4 ),
 ( 1.570796326794896780, 3.141592653589800221 ),
 .UNSPECIFIED. ) 
 CURVE ( )  GEOMETRIC_REPRESENTATION_ITEM ( )  RATIONAL_B_SPLINE_CURVE ( ( 1.000000000000000000, 0.8047378541243634942, 0.8047378541243634942, 1.000000000000000000 ) ) 
 REPRESENTATION_ITEM ( '' )  );
#2776 = VERTEX_POINT ( 'NONE', #1284 ) ;
#2777 = EDGE_CURVE ( 'NONE', #3567, #1527, #885, .T. ) ;
#2778 = ORIENTED_EDGE ( 'NONE', *, *, #3256, .F. ) ;
#2779 = ORIENTED_EDGE ( 'NONE', *, *, #4269, .F. ) ;
#2780 = ORIENTED_EDGE ( 'NONE', *, *, #412, .F. ) ;
#2781 = CARTESIAN_POINT ( 'NONE',  ( -34.99999999999995737, -51.15411847776933030, 100.7573593128806948 ) ) ;
#2782 = AXIS2_PLACEMENT_3D ( 'NONE', #4672, #1266, #2790 ) ;
#2783 = CARTESIAN_POINT ( 'NONE',  ( -33.84364017126884505, -51.23967063816540701, 101.3990005158503749 ) ) ;
#2784 = DIRECTION ( 'NONE',  ( 0.000000000000000000, 0.000000000000000000, -1.000000000000000000 ) ) ;
#2785 = CARTESIAN_POINT ( 'NONE',  ( 32.00000000000000000, -51.31980390271855441, 102.0000000000000000 ) ) ;
#2786 = VERTEX_POINT ( 'NONE', #1242 ) ;
#2787 = DIRECTION ( 'NONE',  ( 0.000000000000000000, 0.000000000000000000, 1.000000000000000000 ) ) ;
#2788 = PLANE ( 'NONE',  #3302 ) ;
#2789 = FACE_OUTER_BOUND ( 'NONE', #4326, .T. ) ;
#2790 = DIRECTION ( 'NONE',  ( 0.000000000000000000, 1.000000000000000000, 0.000000000000000000 ) ) ;
#2791 = ORIENTED_EDGE ( 'NONE', *, *, #4765, .F. ) ;
#2792 = DIRECTION ( 'NONE',  ( 0.000000000000000000, 0.000000000000000000, 1.000000000000000000 ) ) ;
#2793 = EDGE_CURVE ( 'NONE', #2304, #3241, #3894, .T. ) ;
#2794 = EDGE_CURVE ( 'NONE', #1400, #2615, #4647, .T. ) ;
#2795 = EDGE_LOOP ( 'NONE', ( #1338, #2023, #4038, #4790 ) ) ;
#2796 = AXIS2_PLACEMENT_3D ( 'NONE', #4066, #4042, #3008 ) ;
#2797 = EDGE_LOOP ( 'NONE', ( #3919, #1094, #1749, #3411 ) ) ;
#2798 = VERTEX_POINT ( 'NONE', #4313 ) ;
#2799 = ORIENTED_EDGE ( 'NONE', *, *, #1295, .F. ) ;
#2800 = CARTESIAN_POINT ( 'NONE',  ( 23.99999999999997868, -50.71980390271854588, 97.99999999999997158 ) ) ;
#2801 = CARTESIAN_POINT ( 'NONE',  ( 8.000000000000007105, 10.00000000000000000, 10.39999999999999503 ) ) ;
#2802 = DIRECTION ( 'NONE',  ( -1.000000000000000000, 0.000000000000000000, 0.000000000000000000 ) ) ;
#2803 = AXIS2_PLACEMENT_3D ( 'NONE', #4809, #2887, #4386 ) ;
#2804 = VERTEX_POINT ( 'NONE', #4738 ) ;
#2805 = APPROVAL_STATUS ( 'not_yet_approved' ) ;
#2806 = EDGE_CURVE ( 'NONE', #3044, #493, #1999, .T. ) ;
#2807 = CARTESIAN_POINT ( 'NONE',  ( -45.00000000000002842, -51.31980390271855441, 100.9999999999999858 ) ) ;
#2808 = CARTESIAN_POINT ( 'NONE',  ( 44.00000000000000711, 10.00000000000000000, 29.99999999999998579 ) ) ;
#2809 = DIRECTION ( 'NONE',  ( 0.000000000000000000, -0.9805806756909194455, -0.1961161351381880413 ) ) ;
#2810 = DIRECTION ( 'NONE',  ( -1.000000000000000000, 0.000000000000000000, 0.000000000000000000 ) ) ;
#2811 = ORIENTED_EDGE ( 'NONE', *, *, #3496, .T. ) ;
#2812 = EDGE_CURVE ( 'NONE', #3168, #2323, #507, .T. ) ;
#2813 = ORIENTED_EDGE ( 'NONE', *, *, #2004, .F. ) ;
#2814 = CIRCLE ( 'NONE', #444, 1.000000000000000888 ) ;
#2815 = EDGE_LOOP ( 'NONE', ( #2026, #670 ) ) ;
#2816 = CARTESIAN_POINT ( 'NONE',  ( -34.99999999999999289, -28.99999999999999645, 30.00000000000000000 ) ) ;
#2817 = VERTEX_POINT ( 'NONE', #4358 ) ;
#2819 = ORIENTED_EDGE ( 'NONE', *, *, #3395, .F. ) ;
#2818 = AXIS2_PLACEMENT_3D ( 'NONE', #708, #1516, #686 ) ;
#2820 =( BOUNDED_CURVE ( )  B_SPLINE_CURVE ( 3, ( #3380, #2671, #4138, #14 ),
 .UNSPECIFIED., .F., .F. ) 
 B_SPLINE_CURVE_WITH_KNOTS ( ( 4, 4 ),
 ( 3.469446951953611724E-16, 1.570796326794896780 ),
 .UNSPECIFIED. ) 
 CURVE ( )  GEOMETRIC_REPRESENTATION_ITEM ( )  RATIONAL_B_SPLINE_CURVE ( ( 1.000000000000000000, 0.8047378541243650485, 0.8047378541243650485, 1.000000000000000000 ) ) 
 REPRESENTATION_ITEM ( '' )  );
#2821 = ORIENTED_EDGE ( 'NONE', *, *, #1636, .T. ) ;
#2822 = CARTESIAN_POINT ( 'NONE',  ( -33.51085692608323541, -51.26931845889008343, 101.6213591712881623 ) ) ;
#2823 = VECTOR ( 'NONE', #158, 1000.000000000000000 ) ;
#2824 = CARTESIAN_POINT ( 'NONE',  ( 35.00000000000000000, -44.50000000000000000, 40.99999999999999289 ) ) ;
#2825 = FACE_OUTER_BOUND ( 'NONE', #2040, .T. ) ;
#2826 = ORIENTED_EDGE ( 'NONE', *, *, #4692, .F. ) ;
#2827 = CARTESIAN_POINT ( 'NONE',  ( 24.99999999999998224, -50.49999999999999289, 96.99999999999997158 ) ) ;
#2828 = AXIS2_PLACEMENT_3D ( 'NONE', #246, #4402, #4068 ) ;
#2829 = DIRECTION ( 'NONE',  ( 1.982541115402065603E-16, -0.000000000000000000, 1.000000000000000000 ) ) ;
#2830 = CARTESIAN_POINT ( 'NONE',  ( -59.00000000000000711, -31.00000000000001066, 1.000000000000003997 ) ) ;
#2831 = AXIS2_PLACEMENT_3D ( 'NONE', #196, #1714, #506 ) ;
#2832 = EDGE_CURVE ( 'NONE', #142, #3922, #4702, .T. ) ;
#2833 = DIRECTION ( 'NONE',  ( 0.000000000000000000, 0.000000000000000000, 1.000000000000000000 ) ) ;
#2834 = DIRECTION ( 'NONE',  ( 0.000000000000000000, -1.000000000000000000, 0.000000000000000000 ) ) ;
#2835 = ORIENTED_EDGE ( 'NONE', *, *, #4305, .F. ) ;
#2836 = AXIS2_PLACEMENT_3D ( 'NONE', #2250, #383, #4565 ) ;
#2837 = LINE ( 'NONE', #3482, #3128 ) ;
#2838 = DIRECTION ( 'NONE',  ( -1.000000000000000000, -0.000000000000000000, 1.982541115402065603E-16 ) ) ;
#2839 = EDGE_CURVE ( 'NONE', #3733, #3600, #3913, .T. ) ;
#2840 = ORIENTED_EDGE ( 'NONE', *, *, #2286, .F. ) ;
#2841 = CARTESIAN_POINT ( 'NONE',  ( -25.23891792235959386, -50.39183835926209554, 101.4591917963067971 ) ) ;
#2842 = ADVANCED_FACE ( 'NONE', ( #3587 ), #3137, .T. ) ;
#2843 = ORIENTED_EDGE ( 'NONE', *, *, #702, .T. ) ;
#2844 = CARTESIAN_POINT ( 'NONE',  ( -24.00000000000000355, -1.000000000000000000, 28.99999999999999289 ) ) ;
#2845 = EDGE_LOOP ( 'NONE', ( #640, #3358, #1873, #418 ) ) ;
#2846 = CARTESIAN_POINT ( 'NONE',  ( 24.00000000000000355, -48.00000000000000000, 36.99999999999999289 ) ) ;
#2847 = DIRECTION ( 'NONE',  ( 0.000000000000000000, -0.000000000000000000, -1.000000000000000000 ) ) ;
#2848 = EDGE_CURVE ( 'NONE', #2538, #4842, #1885, .T. ) ;
#2849 = ORIENTED_EDGE ( 'NONE', *, *, #2777, .F. ) ;
#2850 = PLANE ( 'NONE',  #3818 ) ;
#2851 = ADVANCED_FACE ( 'NONE', ( #2065 ), #3204, .T. ) ;
#2852 = CARTESIAN_POINT ( 'NONE',  ( 11.50000000000000533, 4.225031457058368133E-15, -1.387778780781445676E-14 ) ) ;
#2853 = ORIENTED_EDGE ( 'NONE', *, *, #3125, .T. ) ;
#2854 = DIRECTION ( 'NONE',  ( 3.469446951953615668E-16, 0.000000000000000000, -1.000000000000000000 ) ) ;
#2855 = DIRECTION ( 'NONE',  ( 0.000000000000000000, 1.000000000000000000, 0.000000000000000000 ) ) ;
#2856 = CARTESIAN_POINT ( 'NONE',  ( 35.00000000000000000, -51.50000000000000000, 97.99999999999997158 ) ) ;
#2857 = CIRCLE ( 'NONE', #1269, 1.000000000000000888 ) ;
#2858 = CARTESIAN_POINT ( 'NONE',  ( 34.00000000000000000, -51.48058067569091634, 101.8038838648617883 ) ) ;
#2859 = DIRECTION ( 'NONE',  ( 1.000000000000000000, 0.000000000000000000, 0.000000000000000000 ) ) ;
#2860 = CARTESIAN_POINT ( 'NONE',  ( -33.99999999999997868, -50.49999999999999289, 46.99999999999999289 ) ) ;
#2861 = DIRECTION ( 'NONE',  ( -0.000000000000000000, -1.000000000000000000, -0.000000000000000000 ) ) ;
#2862 = CARTESIAN_POINT ( 'NONE',  ( -35.99999999999999289, -47.00000000000000000, 30.00000000000000000 ) ) ;
#2863 = APPROVAL ( #833, 'UNSPECIFIED' ) ;
#2864 = UNCERTAINTY_MEASURE_WITH_UNIT (LENGTH_MEASURE( 1.000000000000000082E-05 ), #3401, 'distance_accuracy_value', 'NONE');
#2865 = ORIENTED_EDGE ( 'NONE', *, *, #194, .F. ) ;
#2866 = ADVANCED_FACE ( 'NONE', ( #2789 ), #2242, .T. ) ;
#2867 = ADVANCED_FACE ( 'NONE', ( #932 ), #4029, .F. ) ;
#2868 = ADVANCED_FACE ( 'NONE', ( #685 ), #1005, .F. ) ;
#2869 = ORIENTED_EDGE ( 'NONE', *, *, #357, .F. ) ;
#2870 = DIRECTION ( 'NONE',  ( 1.000000000000000000, 0.000000000000000000, 0.000000000000000000 ) ) ;
#2871 = EDGE_LOOP ( 'NONE', ( #117, #1804, #561, #3484 ) ) ;
#2872 = ORIENTED_EDGE ( 'NONE', *, *, #1643, .F. ) ;
#2873 = FACE_OUTER_BOUND ( 'NONE', #3385, .T. ) ;
#2874 = ORIENTED_EDGE ( 'NONE', *, *, #487, .F. ) ;
#2875 = CARTESIAN_POINT ( 'NONE',  ( -34.92191802394981437, -51.02450305841117029, 99.78524366769609344 ) ) ;
#2876 = EDGE_CURVE ( 'NONE', #2798, #1229, #2490, .T. ) ;
#2877 = CARTESIAN_POINT ( 'NONE',  ( 24.00000000000000355, -51.50000000000000000, 29.99999999999998579 ) ) ;
#2878 = EDGE_CURVE ( 'NONE', #2421, #3206, #3087, .T. ) ;
#2879 = ORIENTED_EDGE ( 'NONE', *, *, #2264, .T. ) ;
#2880 = VECTOR ( 'NONE', #1435, 1000.000000000000000 ) ;
#2881 = DIRECTION ( 'NONE',  ( 0.000000000000000000, 0.000000000000000000, -1.000000000000000000 ) ) ;
#2882 = DIRECTION ( 'NONE',  ( 0.000000000000000000, 0.000000000000000000, -1.000000000000000000 ) ) ;
#2883 = CYLINDRICAL_SURFACE ( 'NONE', #301, 3.000000000000002665 ) ;
#2884 = EDGE_CURVE ( 'NONE', #1723, #1042, #4429, .T. ) ;
#2885 = DIRECTION ( 'NONE',  ( 0.000000000000000000, 0.000000000000000000, -1.000000000000000000 ) ) ;
#2886 = LINE ( 'NONE', #278, #854 ) ;
#2887 = DIRECTION ( 'NONE',  ( -0.000000000000000000, -1.000000000000000000, -0.000000000000000000 ) ) ;
#2888 = CARTESIAN_POINT ( 'NONE',  ( 35.00000000000000000, -28.99999999999999645, 40.99999999999999289 ) ) ;
#2889 = VECTOR ( 'NONE', #935, 1000.000000000000000 ) ;
#2890 = ORIENTED_EDGE ( 'NONE', *, *, #283, .T. ) ;
#2891 = VERTEX_POINT ( 'NONE', #1765 ) ;
#2892 = DIRECTION ( 'NONE',  ( 1.000000000000000000, 0.000000000000000000, 0.000000000000000000 ) ) ;
#2893 = ORIENTED_EDGE ( 'NONE', *, *, #2324, .F. ) ;
#2894 = CARTESIAN_POINT ( 'NONE',  ( -7.999999999999992895, 10.00000000000000000, 13.59999999999999076 ) ) ;
#2895 =( BOUNDED_CURVE ( )  B_SPLINE_CURVE ( 3, ( #950, #582, #1735, #2096 ),
 .UNSPECIFIED., .F., .T. ) 
 B_SPLINE_CURVE_WITH_KNOTS ( ( 4, 4 ),
 ( 1.570796326794896558, 3.141592653589793116 ),
 .UNSPECIFIED. ) 
 CURVE ( )  GEOMETRIC_REPRESENTATION_ITEM ( )  RATIONAL_B_SPLINE_CURVE ( ( 1.000000000000000000, 0.8047378541243649375, 0.8047378541243649375, 1.000000000000000000 ) ) 
 REPRESENTATION_ITEM ( '' )  );
#2896 = CARTESIAN_POINT ( 'NONE',  ( 26.99999999999997868, 0.000000000000000000, 98.99999999999998579 ) ) ;
#2897 = EDGE_CURVE ( 'NONE', #4732, #1600, #1536, .T. ) ;
#2898 = VERTEX_POINT ( 'NONE', #4004 ) ;
#2899 = LINE ( 'NONE', #4398, #4763 ) ;
#2900 = AXIS2_PLACEMENT_3D ( 'NONE', #3513, #4641, #1663 ) ;
#2901 = DIRECTION ( 'NONE',  ( 0.000000000000000000, -1.000000000000000000, 0.000000000000000000 ) ) ;
#2902 = DIRECTION ( 'NONE',  ( 0.000000000000000000, 1.000000000000000000, 0.000000000000000000 ) ) ;
#2903 = ORIENTED_EDGE ( 'NONE', *, *, #1589, .T. ) ;
#2904 = CARTESIAN_POINT ( 'NONE',  ( -24.99999999999999645, -50.49999999999999289, 46.99999999999999289 ) ) ;
#2905 = CIRCLE ( 'NONE', #2673, 1.000000000000000000 ) ;
#2906 = DIRECTION ( 'NONE',  ( 0.000000000000000000, -1.000000000000000000, 0.000000000000000000 ) ) ;
#2907 = ADVANCED_FACE ( 'NONE', ( #2510 ), #2532, .F. ) ;
#2908 = DIRECTION ( 'NONE',  ( -1.000000000000000000, 0.000000000000000000, 0.000000000000000000 ) ) ;
#2909 = DIRECTION ( 'NONE',  ( 3.402072636420480433E-16, 0.1961161351381834894, -0.9805806756909203337 ) ) ;
#2910 = VECTOR ( 'NONE', #2741, 1000.000000000000000 ) ;
#2911 = AXIS2_PLACEMENT_3D ( 'NONE', #617, #4834, #4434 ) ;
#2912 = CARTESIAN_POINT ( 'NONE',  ( -35.00000000000000000, 10.00000000000000178, 14.99999999999998579 ) ) ;
#2913 = CARTESIAN_POINT ( 'NONE',  ( -34.99999999999995737, -58.50000000000000000, 98.99999999999998579 ) ) ;
#2914 = ADVANCED_FACE ( 'NONE', ( #589, #2936, #1364, #1413, #4048, #3294, #329, #2556 ), #4384, .F. ) ;
#2915 = CARTESIAN_POINT ( 'NONE',  ( 0.000000000000000000, 10.00000000000000000, 18.39999999999999503 ) ) ;
#2916 = AXIS2_PLACEMENT_3D ( 'NONE', #3103, #3796, #2658 ) ;
#2917 = ADVANCED_FACE ( 'NONE', ( #657 ), #2127, .T. ) ;
#2918 = ORIENTED_EDGE ( 'NONE', *, *, #3230, .F. ) ;
#2919 = AXIS2_PLACEMENT_3D ( 'NONE', #20, #3837, #4504 ) ;
#2920 = CARTESIAN_POINT ( 'NONE',  ( -25.15635982873108745, -51.23967063816540701, 101.3990005158503749 ) ) ;
#2921 = ORIENTED_EDGE ( 'NONE', *, *, #1509, .F. ) ;
#2922 = LOCAL_TIME ( 23, 26, 43.00000000000000000, #3870 ) ;
#2923 = ADVANCED_FACE ( 'NONE', ( #3642 ), #4807, .T. ) ;
#2924 = EDGE_LOOP ( 'NONE', ( #1191, #1529, #3854, #605 ) ) ;
#2925 = ORIENTED_EDGE ( 'NONE', *, *, #1101, .T. ) ;
#2926 = CC_DESIGN_SECURITY_CLASSIFICATION ( #3932, ( #2274 ) ) ;
#2927 = CARTESIAN_POINT ( 'NONE',  ( -34.99999999999998579, 10.00000000000000000, 40.99999999999999289 ) ) ;
#2928 = VERTEX_POINT ( 'NONE', #1838 ) ;
#2929 = LINE ( 'NONE', #676, #3897 ) ;
#2930 = CARTESIAN_POINT ( 'NONE',  ( -45.00000000000002842, -50.33922322702763807, 101.1961161351381833 ) ) ;
#2931 = EDGE_LOOP ( 'NONE', ( #1447, #3106, #858 ) ) ;
#2932 = DIRECTION ( 'NONE',  ( 0.000000000000000000, -1.000000000000000000, 0.000000000000000000 ) ) ;
#2933 = CIRCLE ( 'NONE', #4671, 1.000000000000000888 ) ;
#2934 = CARTESIAN_POINT ( 'NONE',  ( -34.99999999999998579, -43.91421356237309936, 41.58578643762690064 ) ) ;
#2935 = DIRECTION ( 'NONE',  ( 8.659560562354932858E-17, -0.7071067811865474617, 0.7071067811865474617 ) ) ;
#2936 = FACE_BOUND ( 'NONE', #285, .T. ) ;
#2937 = CARTESIAN_POINT ( 'NONE',  ( -25.00000000000001421, -47.00000000000000000, 0.9999999999999974465 ) ) ;
#2938 = CARTESIAN_POINT ( 'NONE',  ( 35.00000000000000000, -50.97217321915847066, 99.39276987329468227 ) ) ;
#2939 = CARTESIAN_POINT ( 'NONE',  ( 26.99999999999997868, -58.50000000000000000, 98.99999999999998579 ) ) ;
#2940 = CARTESIAN_POINT ( 'NONE',  ( -24.00000000000000355, -27.00000000000000000, 30.99999999999999645 ) ) ;
#2941 = ORIENTED_EDGE ( 'NONE', *, *, #889, .T. ) ;
#2942 = EDGE_CURVE ( 'NONE', #2891, #1894, #2046, .T. ) ;
#2943 = CARTESIAN_POINT ( 'NONE',  ( 25.56225201561963090, -50.43213637183730214, 101.6606818591828016 ) ) ;
#2944 = EDGE_LOOP ( 'NONE', ( #3066, #945, #55, #3139 ) ) ;
#2945 = ADVANCED_FACE ( 'NONE', ( #4452 ), #4855, .T. ) ;
#2946 = DIRECTION ( 'NONE',  ( 0.000000000000000000, 0.000000000000000000, -1.000000000000000000 ) ) ;
#2947 = EDGE_CURVE ( 'NONE', #751, #2155, #3057, .T. ) ;
#2948 = ORIENTED_EDGE ( 'NONE', *, *, #1013, .F. ) ;
#2949 = DIRECTION ( 'NONE',  ( -1.000000000000000000, 0.000000000000000000, -3.469446951953614189E-16 ) ) ;
#2950 = DIRECTION ( 'NONE',  ( -0.000000000000000000, 0.000000000000000000, 1.000000000000000000 ) ) ;
#2951 = EDGE_LOOP ( 'NONE', ( #4442, #4150, #1247, #3793 ) ) ;
#2952 = DIRECTION ( 'NONE',  ( -0.000000000000000000, -1.000000000000000000, -0.000000000000000000 ) ) ;
#2953 = AXIS2_PLACEMENT_3D ( 'NONE', #295, #4506, #701 ) ;
#2954 = CARTESIAN_POINT ( 'NONE',  ( 24.00000000000001421, -1.000000000000000888, 0.9999999999999885647 ) ) ;
#2955 = ORIENTED_EDGE ( 'NONE', *, *, #4765, .T. ) ;
#2956 = DIRECTION ( 'NONE',  ( -1.000000000000000000, 0.000000000000000000, 0.000000000000000000 ) ) ;
#2957 = CARTESIAN_POINT ( 'NONE',  ( 44.99999999999998579, 9.000000000000001776, -1.474514954580286030E-14 ) ) ;
#2958 = FACE_OUTER_BOUND ( 'NONE', #3813, .T. ) ;
#2959 =( BOUNDED_CURVE ( )  B_SPLINE_CURVE ( 3, ( #501, #1991, #3153, #2785 ),
 .UNSPECIFIED., .F., .T. ) 
 B_SPLINE_CURVE_WITH_KNOTS ( ( 4, 4 ),
 ( 4.712388980384689674, 6.283185307179586232 ),
 .UNSPECIFIED. ) 
 CURVE ( )  GEOMETRIC_REPRESENTATION_ITEM ( )  RATIONAL_B_SPLINE_CURVE ( ( 1.000000000000000000, 0.8047378541243649375, 0.8047378541243649375, 1.000000000000000000 ) ) 
 REPRESENTATION_ITEM ( '' )  );
#2960 = CARTESIAN_POINT ( 'NONE',  ( 25.00000000000001421, 10.00000000000000000, 0.9999999999999890088 ) ) ;
#2961 = LINE ( 'NONE', #3343, #3596 ) ;
#2962 = VECTOR ( 'NONE', #1909, 1000.000000000000000 ) ;
#2963 = EDGE_CURVE ( 'NONE', #1753, #4333, #743, .T. ) ;
#2964 = LINE ( 'NONE', #406, #4493 ) ;
#2965 = CARTESIAN_POINT ( 'NONE',  ( -34.58578643762686511, -49.50000000000000000, 96.99999999999995737 ) ) ;
#2966 = FACE_OUTER_BOUND ( 'NONE', #2924, .T. ) ;
#2967 = VECTOR ( 'NONE', #3582, 1000.000000000000000 ) ;
#2968 = LINE ( 'NONE', #1770, #529 ) ;
#2969 = CARTESIAN_POINT ( 'NONE',  ( 11.50000000000000355, 6.000000000000004441, -1.387778780781445676E-14 ) ) ;
#2970 = VERTEX_POINT ( 'NONE', #4156 ) ;
#2971 = VERTEX_POINT ( 'NONE', #2321 ) ;
#2972 = CIRCLE ( 'NONE', #817, 1.000000000000002220 ) ;
#2973 = CARTESIAN_POINT ( 'NONE',  ( 25.00000000000000355, -27.00000000000000000, 28.99999999999998934 ) ) ;
#2974 = EDGE_LOOP ( 'NONE', ( #4774, #2191, #3990, #1845 ) ) ;
#2975 = LINE ( 'NONE', #1126, #3841 ) ;
#2976 = AXIS2_PLACEMENT_3D ( 'NONE', #1314, #173, #2833 ) ;
#2977 = DIRECTION ( 'NONE',  ( 1.000000000000000000, -0.000000000000000000, -0.000000000000000000 ) ) ;
#2978 = CARTESIAN_POINT ( 'NONE',  ( -45.00000000000000711, -47.00000000000000000, -1.045711860285658531E-14 ) ) ;
#2979 = ORIENTED_EDGE ( 'NONE', *, *, #2575, .F. ) ;
#2980 = CARTESIAN_POINT ( 'NONE',  ( 34.00000000000000000, -48.00000000000000000, 36.99999999999999289 ) ) ;
#2981 = CARTESIAN_POINT ( 'NONE',  ( 25.00000000000000355, -29.00000000000000000, 29.99999999999998579 ) ) ;
#2983 = ORIENTED_EDGE ( 'NONE', *, *, #3627, .F. ) ;
#2982 = AXIS2_PLACEMENT_3D ( 'NONE', #4563, #1114, #3798 ) ;
#2984 = DIRECTION ( 'NONE',  ( -1.000000000000000000, 0.000000000000000000, 0.000000000000000000 ) ) ;
#2985 = CARTESIAN_POINT ( 'NONE',  ( -34.58578643762688642, -43.50000000000000000, 41.99999999999999289 ) ) ;
#2986 = CARTESIAN_POINT ( 'NONE',  ( 1.518562030942718677E-14, 10.00000000000000000, 4.000000000000003553 ) ) ;
#2987 = CIRCLE ( 'NONE', #4391, 1.000000000000000888 ) ;
#2988 = DIRECTION ( 'NONE',  ( 0.000000000000000000, -1.000000000000000000, 0.000000000000000000 ) ) ;
#2989 = CARTESIAN_POINT ( 'NONE',  ( -44.00000000000000711, -48.00000000000000000, 30.00000000000000000 ) ) ;
#2990 = EDGE_CURVE ( 'NONE', #578, #4121, #3398, .T. ) ;
#2991 = LINE ( 'NONE', #3718, #3787 ) ;
#2992 = AXIS2_PLACEMENT_3D ( 'NONE', #4592, #4667, #811 ) ;
#2993 = CYLINDRICAL_SURFACE ( 'NONE', #2425, 1.000000000000000888 ) ;
#2994 = CARTESIAN_POINT ( 'NONE',  ( 11.50000000000000355, 6.000000000000004441, 28.99999999999998934 ) ) ;
#2995 = AXIS2_PLACEMENT_3D ( 'NONE', #683, #1834, #4485 ) ;
#2996 = CYLINDRICAL_SURFACE ( 'NONE', #1249, 1.000000000000000888 ) ;
#2997 = ORIENTED_EDGE ( 'NONE', *, *, #1514, .T. ) ;
#2998 = CIRCLE ( 'NONE', #1485, 2.000000000000001776 ) ;
#2999 = EDGE_CURVE ( 'NONE', #2630, #28, #1567, .T. ) ;
#3000 = ORIENTED_EDGE ( 'NONE', *, *, #477, .T. ) ;
#3001 = LINE ( 'NONE', #2208, #4778 ) ;
#3002 = ORIENTED_EDGE ( 'NONE', *, *, #3595, .T. ) ;
#3003 = CARTESIAN_POINT ( 'NONE',  ( 44.00000000000000711, 0.000000000000000000, 0.9999999999999854561 ) ) ;
#3004 = PLANE ( 'NONE',  #3752 ) ;
#3005 = CARTESIAN_POINT ( 'NONE',  ( 44.00000000000000711, -47.00000000000000000, 28.99999999999998224 ) ) ;
#3006 = ORIENTED_EDGE ( 'NONE', *, *, #4670, .T. ) ;
#3007 = VECTOR ( 'NONE', #1844, 1000.000000000000000 ) ;
#3008 = DIRECTION ( 'NONE',  ( 0.000000000000000000, 0.000000000000000000, -1.000000000000000000 ) ) ;
#3009 = ORIENTED_EDGE ( 'NONE', *, *, #1895, .F. ) ;
#3010 = CARTESIAN_POINT ( 'NONE',  ( 35.00000000000000000, -47.00000000000002842, 12.22499999999998543 ) ) ;
#3011 = EDGE_CURVE ( 'NONE', #4348, #1196, #4060, .T. ) ;
#3012 = DIRECTION ( 'NONE',  ( 0.000000000000000000, 0.000000000000000000, -1.000000000000000000 ) ) ;
#3013 = CARTESIAN_POINT ( 'NONE',  ( 23.99999999999999645, -59.08578643762690064, 37.41421356237307805 ) ) ;
#3014 = LINE ( 'NONE', #426, #4555 ) ;
#3015 = CARTESIAN_POINT ( 'NONE',  ( -11.49999999999999467, 0.000000000000000000, 28.99999999999998934 ) ) ;
#3016 = VERTEX_POINT ( 'NONE', #1915 ) ;
#3017 = CARTESIAN_POINT ( 'NONE',  ( 44.00000000000000711, 9.000000000000001776, 28.99999999999998224 ) ) ;
#3018 = CARTESIAN_POINT ( 'NONE',  ( 36.00000000000000711, 10.00000000000000000, 29.99999999999998579 ) ) ;
#3019 = LINE ( 'NONE', #1821, #382 ) ;
#3020 = DIRECTION ( 'NONE',  ( -1.000000000000000000, 6.373270656782304884E-32, 1.836970198721030427E-16 ) ) ;
#3021 = EDGE_LOOP ( 'NONE', ( #1552, #4344, #1852, #405 ) ) ;
#3022 = CARTESIAN_POINT ( 'NONE',  ( -26.99999999999998224, -50.50000000000000000, 101.9999999999999716 ) ) ;
#3023 = VERTEX_POINT ( 'NONE', #2219 ) ;
#3024 = EDGE_CURVE ( 'NONE', #44, #1196, #3445, .T. ) ;
#3025 = ORIENTED_EDGE ( 'NONE', *, *, #941, .T. ) ;
#3026 = CARTESIAN_POINT ( 'NONE',  ( 25.00000000000000000, -59.50000000000000000, 36.99999999999999289 ) ) ;
#3027 = ADVANCED_FACE ( 'NONE', ( #760 ), #2659, .T. ) ;
#3028 = DIRECTION ( 'NONE',  ( 1.000000000000000000, -3.154042683594195121E-16, -1.982541115402065603E-16 ) ) ;
#3029 = FACE_OUTER_BOUND ( 'NONE', #603, .T. ) ;
#3030 = ORIENTED_EDGE ( 'NONE', *, *, #1895, .T. ) ;
#3031 = ORIENTED_EDGE ( 'NONE', *, *, #1079, .T. ) ;
#3032 = LINE ( 'NONE', #399, #1528 ) ;
#3033 = DIRECTION ( 'NONE',  ( 1.000000000000000000, 0.000000000000000000, 3.469446951953615668E-16 ) ) ;
#3034 = FACE_OUTER_BOUND ( 'NONE', #1272, .T. ) ;
#3035 = ADVANCED_FACE ( 'NONE', ( #7 ), #1568, .F. ) ;
#3036 = CARTESIAN_POINT ( 'NONE',  ( -24.00000000000000000, -58.50000000000000000, 37.99999999999999289 ) ) ;
#3037 = ORIENTED_EDGE ( 'NONE', *, *, #1405, .T. ) ;
#3038 = CARTESIAN_POINT ( 'NONE',  ( -23.00000000000000355, 0.9999999999999991118, 29.99999999999999645 ) ) ;
#3039 = FACE_OUTER_BOUND ( 'NONE', #3100, .T. ) ;
#3040 = CARTESIAN_POINT ( 'NONE',  ( -59.00000000000000711, -32.00000000000000711, 1.110223024625157014E-14 ) ) ;
#3041 = EDGE_CURVE ( 'NONE', #3606, #216, #1113, .T. ) ;
#3042 = AXIS2_PLACEMENT_3D ( 'NONE', #4022, #2142, #4798 ) ;
#3043 = CARTESIAN_POINT ( 'NONE',  ( -23.99999999999997868, -58.50000000000000000, 98.99999999999998579 ) ) ;
#3044 = VERTEX_POINT ( 'NONE', #1967 ) ;
#3045 = ORIENTED_EDGE ( 'NONE', *, *, #1446, .T. ) ;
#3046 = ORIENTED_EDGE ( 'NONE', *, *, #868, .T. ) ;
#3047 = DIRECTION ( 'NONE',  ( 0.000000000000000000, 0.000000000000000000, 1.000000000000000000 ) ) ;
#3048 = FACE_OUTER_BOUND ( 'NONE', #1424, .T. ) ;
#3049 = DIRECTION ( 'NONE',  ( 0.000000000000000000, 0.9805806756909194455, 0.1961161351381880413 ) ) ;
#3050 = ORIENTED_EDGE ( 'NONE', *, *, #1848, .F. ) ;
#3051 = CARTESIAN_POINT ( 'NONE',  ( -24.02535694920761955, -50.01580597545333973, 99.57902987728316191 ) ) ;
#3052 = EDGE_LOOP ( 'NONE', ( #2234, #2778, #3812, #2220 ) ) ;
#3053 = DIRECTION ( 'NONE',  ( -1.000000000000000000, 0.000000000000000000, 0.000000000000000000 ) ) ;
#3054 = DIRECTION ( 'NONE',  ( 3.469446951953615668E-16, 0.000000000000000000, -1.000000000000000000 ) ) ;
#3055 = CARTESIAN_POINT ( 'NONE',  ( -25.82842712474617031, -50.33922322702762386, 101.1961161351381975 ) ) ;
#3056 = AXIS2_PLACEMENT_3D ( 'NONE', #415, #1530, #1927 ) ;
#3057 = LINE ( 'NONE', #783, #972 ) ;
#3058 = FACE_OUTER_BOUND ( 'NONE', #1174, .T. ) ;
#3059 = ORIENTED_EDGE ( 'NONE', *, *, #2305, .F. ) ;
#3060 = LINE ( 'NONE', #3772, #2602 ) ;
#3061 = EDGE_CURVE ( 'NONE', #2333, #1968, #3081, .T. ) ;
#3062 = FACE_OUTER_BOUND ( 'NONE', #4057, .T. ) ;
#3063 = CARTESIAN_POINT ( 'NONE',  ( -11.91421356237309226, 6.414213562373095812, 29.99999999999999645 ) ) ;
#3064 = AXIS2_PLACEMENT_3D ( 'NONE', #2687, #3130, #877 ) ;
#3065 = FACE_OUTER_BOUND ( 'NONE', #4424, .T. ) ;
#3066 = ORIENTED_EDGE ( 'NONE', *, *, #2481, .T. ) ;
#3067 = DIRECTION ( 'NONE',  ( 3.469446951953615668E-16, 0.000000000000000000, -1.000000000000000000 ) ) ;
#3068 = EDGE_CURVE ( 'NONE', #602, #105, #1591, .T. ) ;
#3069 = ORIENTED_EDGE ( 'NONE', *, *, #1779, .T. ) ;
#3070 = ORIENTED_EDGE ( 'NONE', *, *, #245, .F. ) ;
#3071 = DIRECTION ( 'NONE',  ( 1.000000000000000000, 1.885568995626964287E-16, -1.982541115402065603E-16 ) ) ;
#3072 = VECTOR ( 'NONE', #2356, 1000.000000000000000 ) ;
#3073 = CARTESIAN_POINT ( 'NONE',  ( 44.00000000000000711, -48.00000000000000000, 29.99999999999998579 ) ) ;
#3074 = DIRECTION ( 'NONE',  ( 0.000000000000000000, 1.000000000000000000, 0.000000000000000000 ) ) ;
#3075 = EDGE_LOOP ( 'NONE', ( #4417, #3248, #336, #13 ) ) ;
#3076 = AXIS2_PLACEMENT_3D ( 'NONE', #732, #1110, #4609 ) ;
#3077 = VERTEX_POINT ( 'NONE', #379 ) ;
#3078 = DIRECTION ( 'NONE',  ( 0.000000000000000000, -1.000000000000000000, 3.469446951953615175E-16 ) ) ;
#3079 = CARTESIAN_POINT ( 'NONE',  ( -33.99999999999998579, -47.00000000000000000, 31.00000000000000000 ) ) ;
#3080 = CARTESIAN_POINT ( 'NONE',  ( 0.000000000000000000, 0.000000000000000000, 36.99999999999999289 ) ) ;
#3081 = LINE ( 'NONE', #3470, #1551 ) ;
#3082 = CARTESIAN_POINT ( 'NONE',  ( -34.58578643762688642, -59.50000000000001421, 36.99999999999997868 ) ) ;
#3083 = ORIENTED_EDGE ( 'NONE', *, *, #4401, .F. ) ;
#3084 = CARTESIAN_POINT ( 'NONE',  ( 11.50000000000000355, 6.000000000000004441, 28.99999999999998934 ) ) ;
#3085 = CARTESIAN_POINT ( 'NONE',  ( -45.00000000000000711, -34.00000000000000000, -1.161347957494836709E-14 ) ) ;
#3086 = CARTESIAN_POINT ( 'NONE',  ( -24.00000000000000000, -58.50000000000000000, 37.99999999999999289 ) ) ;
#3087 =( BOUNDED_CURVE ( )  B_SPLINE_CURVE ( 3, ( #2149, #1791, #226, #4829 ),
 .UNSPECIFIED., .F., .F. ) 
 B_SPLINE_CURVE_WITH_KNOTS ( ( 4, 4 ),
 ( 4.712388980384689674, 6.283185307179586232 ),
 .UNSPECIFIED. ) 
 CURVE ( )  GEOMETRIC_REPRESENTATION_ITEM ( )  RATIONAL_B_SPLINE_CURVE ( ( 1.000000000000000000, 0.8047378541243649375, 0.8047378541243649375, 1.000000000000000000 ) ) 
 REPRESENTATION_ITEM ( '' )  );
#3088 = DIRECTION ( 'NONE',  ( -1.000000000000000000, 0.000000000000000000, 0.000000000000000000 ) ) ;
#3089 = ORIENTED_EDGE ( 'NONE', *, *, #2884, .F. ) ;
#3090 = CYLINDRICAL_SURFACE ( 'NONE', #4472, 1.000000000000000000 ) ;
#3091 = ORIENTED_EDGE ( 'NONE', *, *, #3655, .F. ) ;
#3092 = EDGE_CURVE ( 'NONE', #3215, #4348, #4102, .T. ) ;
#3093 = EDGE_CURVE ( 'NONE', #138, #4655, #3014, .T. ) ;
#3094 = EDGE_LOOP ( 'NONE', ( #697, #532 ) ) ;
#3095 = CARTESIAN_POINT ( 'NONE',  ( 1.518562030942718677E-14, 10.00000000000000000, 2.400000000000003908 ) ) ;
#3096 = EDGE_CURVE ( 'NONE', #348, #3172, #1892, .T. ) ;
#3097 = LINE ( 'NONE', #1746, #4000 ) ;
#3098 = ORIENTED_EDGE ( 'NONE', *, *, #4813, .F. ) ;
#3099 = EDGE_CURVE ( 'NONE', #1847, #2928, #2275, .T. ) ;
#3100 = EDGE_LOOP ( 'NONE', ( #4393, #2067, #1124, #1098 ) ) ;
#3101 = CYLINDRICAL_SURFACE ( 'NONE', #646, 3.000000000000002665 ) ;
#3102 = DIRECTION ( 'NONE',  ( -1.000000000000000000, 0.000000000000000000, 0.000000000000000000 ) ) ;
#3103 = CARTESIAN_POINT ( 'NONE',  ( -34.00000000000000000, -51.50000000000000000, -4.625929269271486900E-16 ) ) ;
#3104 = DIRECTION ( 'NONE',  ( 1.000000000000000000, -0.000000000000000000, -0.000000000000000000 ) ) ;
#3105 = FACE_BOUND ( 'NONE', #2815, .T. ) ;
#3106 = ORIENTED_EDGE ( 'NONE', *, *, #4656, .T. ) ;
#3107 = LINE ( 'NONE', #505, #2910 ) ;
#3108 = DIRECTION ( 'NONE',  ( 0.000000000000000000, -0.000000000000000000, -1.000000000000000000 ) ) ;
#3109 = DIRECTION ( 'NONE',  ( 0.000000000000000000, 0.000000000000000000, 1.000000000000000000 ) ) ;
#3110 = CIRCLE ( 'NONE', #1032, 2.774999999999999467 ) ;
#3111 = CARTESIAN_POINT ( 'NONE',  ( 32.00000000000000000, -58.50000000000000000, 98.99999999999998579 ) ) ;
#3112 = ORIENTED_EDGE ( 'NONE', *, *, #1147, .T. ) ;
#3113 = CARTESIAN_POINT ( 'NONE',  ( 24.12526795097974386, -50.09149072709865891, 99.95745363548866180 ) ) ;
#3114 = ADVANCED_FACE ( 'NONE', ( #2686 ), #3820, .T. ) ;
#3115 = VECTOR ( 'NONE', #2192, 1000.000000000000000 ) ;
#3116 = ORIENTED_EDGE ( 'NONE', *, *, #305, .T. ) ;
#3117 = ORIENTED_EDGE ( 'NONE', *, *, #554, .F. ) ;
#3118 = CARTESIAN_POINT ( 'NONE',  ( -35.00000000000000000, -46.99999999999988631, 14.99999999999998579 ) ) ;
#3119 = DIRECTION ( 'NONE',  ( 1.000000000000000000, -0.000000000000000000, -0.000000000000000000 ) ) ;
#3120 = ORIENTED_EDGE ( 'NONE', *, *, #2195, .T. ) ;
#3121 = AXIS2_PLACEMENT_3D ( 'NONE', #2468, #1333, #2847 ) ;
#3122 = ORIENTED_EDGE ( 'NONE', *, *, #1214, .T. ) ;
#3123 = VERTEX_POINT ( 'NONE', #4204 ) ;
#3124 = DIRECTION ( 'NONE',  ( 1.000000000000000000, -0.000000000000000000, -9.425607053499577757E-16 ) ) ;
#3125 = EDGE_CURVE ( 'NONE', #113, #3524, #898, .T. ) ;
#3126 = DIRECTION ( 'NONE',  ( -0.000000000000000000, 0.000000000000000000, 1.000000000000000000 ) ) ;
#3127 = DIRECTION ( 'NONE',  ( -1.000000000000000000, -0.000000000000000000, 1.836970198721029688E-16 ) ) ;
#3128 = VECTOR ( 'NONE', #4196, 1000.000000000000000 ) ;
#3129 = CARTESIAN_POINT ( 'NONE',  ( 35.00000000000000000, -50.91980390271855583, 98.99999999999998579 ) ) ;
#3130 = DIRECTION ( 'NONE',  ( 1.000000000000000000, 0.000000000000000000, 0.000000000000000000 ) ) ;
#3131 = ORIENTED_EDGE ( 'NONE', *, *, #1292, .T. ) ;
#3132 = PERSON_AND_ORGANIZATION ( #1722, #2353 ) ;
#3133 = AXIS2_PLACEMENT_3D ( 'NONE', #2613, #3618, #2885 ) ;
#3134 = LINE ( 'NONE', #3270, #1238 ) ;
#3135 = DIRECTION ( 'NONE',  ( 0.000000000000000000, 1.000000000000000000, 0.000000000000000000 ) ) ;
#3136 = EDGE_CURVE ( 'NONE', #2970, #4631, #1662, .T. ) ;
#3137 = CYLINDRICAL_SURFACE ( 'NONE', #1946, 1.000000000000000888 ) ;
#3138 = CARTESIAN_POINT ( 'NONE',  ( 25.00000000000000355, -51.50000000000000000, 29.99999999999998579 ) ) ;
#3139 = ORIENTED_EDGE ( 'NONE', *, *, #2612, .F. ) ;
#3140 = CARTESIAN_POINT ( 'NONE',  ( 24.45679186609802969, -50.22850185639337894, 100.6425092819714706 ) ) ;
#3141 = VERTEX_POINT ( 'NONE', #3559 ) ;
#3142 = ORIENTED_EDGE ( 'NONE', *, *, #4222, .F. ) ;
#3143 = CIRCLE ( 'NONE', #595, 1.000000000000000000 ) ;
#3144 = EDGE_LOOP ( 'NONE', ( #1729, #3458, #4750, #1451 ) ) ;
#3145 =( BOUNDED_CURVE ( )  B_SPLINE_CURVE ( 3, ( #4645, #432, #3825, #1595 ),
 .UNSPECIFIED., .F., .F. ) 
 B_SPLINE_CURVE_WITH_KNOTS ( ( 4, 4 ),
 ( 1.570796326794896780, 3.141592653589793560 ),
 .UNSPECIFIED. ) 
 CURVE ( )  GEOMETRIC_REPRESENTATION_ITEM ( )  RATIONAL_B_SPLINE_CURVE ( ( 1.000000000000000000, 0.8047378541243649375, 0.8047378541243649375, 1.000000000000000000 ) ) 
 REPRESENTATION_ITEM ( '' )  );
#3146 = AXIS2_PLACEMENT_3D ( 'NONE', #2120, #1810, #3683 ) ;
#3147 = ORIENTED_EDGE ( 'NONE', *, *, #619, .T. ) ;
#3148 = ORIENTED_EDGE ( 'NONE', *, *, #667, .F. ) ;
#3149 = CARTESIAN_POINT ( 'NONE',  ( 35.00000000000000000, -48.00000000000000000, -1.036816775884952469E-14 ) ) ;
#3150 = CIRCLE ( 'NONE', #3161, 1.000000000000000888 ) ;
#3151 = CARTESIAN_POINT ( 'NONE',  ( -32.37126817027581893, -50.49999999999818812, 101.9999999999945572 ) ) ;
#3152 = DIRECTION ( 'NONE',  ( 0.000000000000000000, 1.000000000000000000, -8.895084400706015393E-17 ) ) ;
#3153 = CARTESIAN_POINT ( 'NONE',  ( 33.75735931288071612, -51.31980390271854020, 102.0000000000000000 ) ) ;
#3154 = ORIENTED_EDGE ( 'NONE', *, *, #3344, .F. ) ;
#3155 = AXIS2_PLACEMENT_3D ( 'NONE', #51, #475, #4232 ) ;
#3156 = EDGE_CURVE ( 'NONE', #2804, #3678, #1150, .T. ) ;
#3157 = APPROVAL_STATUS ( 'not_yet_approved' ) ;
#3158 = CARTESIAN_POINT ( 'NONE',  ( 24.99999999999999289, -27.99999999999999289, 41.99999999999999289 ) ) ;
#3159 = ADVANCED_FACE ( 'NONE', ( #3540 ), #124, .F. ) ;
#3160 = FACE_OUTER_BOUND ( 'NONE', #4626, .T. ) ;
#3161 = AXIS2_PLACEMENT_3D ( 'NONE', #378, #1165, #3469 ) ;
#3162 = CARTESIAN_POINT ( 'NONE',  ( 24.00000000000000000, -44.50000000000000000, 40.99999999999999289 ) ) ;
#3163 = CYLINDRICAL_SURFACE ( 'NONE', #2782, 1.000000000000000888 ) ;
#3164 = ORIENTED_EDGE ( 'NONE', *, *, #4168, .T. ) ;
#3165 = ORIENTED_EDGE ( 'NONE', *, *, #2236, .T. ) ;
#3166 = VECTOR ( 'NONE', #1365, 1000.000000000000000 ) ;
#3167 = EDGE_LOOP ( 'NONE', ( #2903, #599, #3782, #2402 ) ) ;
#3168 = VERTEX_POINT ( 'NONE', #3929 ) ;
#3169 = AXIS2_PLACEMENT_3D ( 'NONE', #62, #4213, #2810 ) ;
#3170 = EDGE_CURVE ( 'NONE', #4277, #3789, #2449, .T. ) ;
#3171 = ORIENTED_EDGE ( 'NONE', *, *, #4412, .T. ) ;
#3172 = VERTEX_POINT ( 'NONE', #2398 ) ;
#3173 = DIRECTION ( 'NONE',  ( 0.000000000000000000, 0.000000000000000000, -1.000000000000000000 ) ) ;
#3174 = CARTESIAN_POINT ( 'NONE',  ( -33.99999999999995737, -49.93922322702763950, 99.19611613513818327 ) ) ;
#3175 = EDGE_CURVE ( 'NONE', #3567, #4583, #1462, .T. ) ;
#3176 = FACE_OUTER_BOUND ( 'NONE', #3876, .T. ) ;
#3177 = CARTESIAN_POINT ( 'NONE',  ( 36.00000000000000711, -28.99999999999999645, 30.99999999999998579 ) ) ;
#3178 = VERTEX_POINT ( 'NONE', #4704 ) ;
#3179 = DATE_AND_TIME ( #83, #2440 ) ;
#3180 = DIRECTION ( 'NONE',  ( 0.000000000000000000, 0.000000000000000000, -1.000000000000000000 ) ) ;
#3181 = CARTESIAN_POINT ( 'NONE',  ( 23.99999999999997868, -48.00000000000000000, 98.99999999999998579 ) ) ;
#3182 = CARTESIAN_POINT ( 'NONE',  ( 24.00000000000000000, -43.91421356237309936, 41.58578643762690064 ) ) ;
#3183 = DIRECTION ( 'NONE',  ( 0.000000000000000000, -1.000000000000000000, 0.000000000000000000 ) ) ;
#3184 = ORIENTED_EDGE ( 'NONE', *, *, #4222, .T. ) ;
#3185 = ORIENTED_EDGE ( 'NONE', *, *, #4477, .T. ) ;
#3186 = ORIENTED_EDGE ( 'NONE', *, *, #4670, .F. ) ;
#3187 = AXIS2_PLACEMENT_3D ( 'NONE', #345, #1484, #4896 ) ;
#3188 = ORIENTED_EDGE ( 'NONE', *, *, #1326, .T. ) ;
#3189 = EDGE_LOOP ( 'NONE', ( #2248, #3507, #1631, #3806 ) ) ;
#3190 = CARTESIAN_POINT ( 'NONE',  ( 34.00000000000000000, -50.49999999999999289, 46.99999999999999289 ) ) ;
#3191 = CIRCLE ( 'NONE', #1849, 1.000000000000000000 ) ;
#3192 = AXIS2_PLACEMENT_3D ( 'NONE', #4584, #3537, #144 ) ;
#3193 = FACE_OUTER_BOUND ( 'NONE', #2087, .T. ) ;
#3194 = EDGE_CURVE ( 'NONE', #4286, #1089, #824, .T. ) ;
#3195 = VECTOR ( 'NONE', #1539, 1000.000000000000000 ) ;
#3196 = DIRECTION ( 'NONE',  ( 0.000000000000000000, -1.000000000000000000, 0.000000000000000000 ) ) ;
#3197 = ORIENTED_EDGE ( 'NONE', *, *, #1071, .T. ) ;
#3198 = FACE_OUTER_BOUND ( 'NONE', #3992, .T. ) ;
#3199 = CYLINDRICAL_SURFACE ( 'NONE', #2429, 1.600000000000000755 ) ;
#3200 = SPHERICAL_SURFACE ( 'NONE', #4727, 1.000000000000000000 ) ;
#3201 = AXIS2_PLACEMENT_3D ( 'NONE', #3387, #369, #1855 ) ;
#3202 = DIRECTION ( 'NONE',  ( 1.000000000000000000, 0.000000000000000000, -4.625929269271483942E-16 ) ) ;
#3203 = EDGE_CURVE ( 'NONE', #2548, #3206, #3223, .T. ) ;
#3204 = TOROIDAL_SURFACE ( 'NONE', #2976, 2.000000000000000000, 1.000000000000000000 ) ;
#3205 = CARTESIAN_POINT ( 'NONE',  ( 24.00000000000000355, -1.000000000000000888, 28.99999999999998934 ) ) ;
#3206 = VERTEX_POINT ( 'NONE', #540 ) ;
#3207 = CYLINDRICAL_SURFACE ( 'NONE', #671, 1.000000000000000000 ) ;
#3208 = LINE ( 'NONE', #1555, #3511 ) ;
#3209 = AXIS2_PLACEMENT_3D ( 'NONE', #4527, #3386, #4550 ) ;
#3210 = CARTESIAN_POINT ( 'NONE',  ( -34.99999999999999289, 9.000000000000001776, 30.00000000000000000 ) ) ;
#3211 = EDGE_CURVE ( 'NONE', #1196, #4348, #4314, .T. ) ;
#3212 = ORIENTED_EDGE ( 'NONE', *, *, #3430, .T. ) ;
#3213 = EDGE_CURVE ( 'NONE', #4021, #2383, #2814, .T. ) ;
#3214 =( BOUNDED_CURVE ( )  B_SPLINE_CURVE ( 3, ( #4082, #2535, #3697, #690 ),
 .UNSPECIFIED., .F., .T. ) 
 B_SPLINE_CURVE_WITH_KNOTS ( ( 4, 4 ),
 ( 1.570796326794896336, 3.141592653589792672 ),
 .UNSPECIFIED. ) 
 CURVE ( )  GEOMETRIC_REPRESENTATION_ITEM ( )  RATIONAL_B_SPLINE_CURVE ( ( 1.000000000000000000, 0.8047378541243650485, 0.8047378541243650485, 1.000000000000000000 ) ) 
 REPRESENTATION_ITEM ( '' )  );
#3215 = VERTEX_POINT ( 'NONE', #1277 ) ;
#3216 = CARTESIAN_POINT ( 'NONE',  ( -11.49999999999999467, 0.000000000000000000, 0.9999999999999956701 ) ) ;
#3217 = ORIENTED_EDGE ( 'NONE', *, *, #801, .T. ) ;
#3219 = ORIENTED_EDGE ( 'NONE', *, *, #1851, .T. ) ;
#3218 = TOROIDAL_SURFACE ( 'NONE', #2037, 2.000000000000000000, 1.000000000000000000 ) ;
#3220 = PLANE ( 'NONE',  #3121 ) ;
#3221 = ORIENTED_EDGE ( 'NONE', *, *, #4473, .F. ) ;
#3222 = CARTESIAN_POINT ( 'NONE',  ( -34.87473204901885282, -50.09149072709863759, 99.95745363548849127 ) ) ;
#3223 = LINE ( 'NONE', #4308, #1059 ) ;
#3224 = CYLINDRICAL_SURFACE ( 'NONE', #1556, 1.000000000000000888 ) ;
#3225 = ORIENTED_EDGE ( 'NONE', *, *, #2832, .F. ) ;
#3226 = CYLINDRICAL_SURFACE ( 'NONE', #2154, 1.000000000000000888 ) ;
#3227 = AXIS2_PLACEMENT_3D ( 'NONE', #4780, #4010, #470 ) ;
#3228 = CARTESIAN_POINT ( 'NONE',  ( 23.99999999999997868, -50.91980390271855583, 98.99999999999998579 ) ) ;
#3229 = CARTESIAN_POINT ( 'NONE',  ( -45.00000000000000711, -48.00000000000000000, 29.00000000000000000 ) ) ;
#3230 = EDGE_CURVE ( 'NONE', #2421, #1324, #4284, .T. ) ;
#3231 = CIRCLE ( 'NONE', #1888, 1.000000000000000888 ) ;
#3232 = CARTESIAN_POINT ( 'NONE',  ( -34.00000000000000000, -44.50000000000000000, -4.625929269271486900E-16 ) ) ;
#3233 = ADVANCED_FACE ( 'NONE', ( #3908 ), #1682, .T. ) ;
#3234 = ADVANCED_FACE ( 'NONE', ( #3176 ), #4730, .T. ) ;
#3235 = FACE_OUTER_BOUND ( 'NONE', #2845, .T. ) ;
#3236 = CARTESIAN_POINT ( 'NONE',  ( -33.99999999999997868, -43.50000000000000000, 46.99999999999998579 ) ) ;
#3237 = ORIENTED_EDGE ( 'NONE', *, *, #4762, .F. ) ;
#3238 = ORIENTED_EDGE ( 'NONE', *, *, #4762, .T. ) ;
#3239 = EDGE_CURVE ( 'NONE', #4597, #3172, #586, .T. ) ;
#3240 = FACE_OUTER_BOUND ( 'NONE', #3581, .T. ) ;
#3241 = VERTEX_POINT ( 'NONE', #3129 ) ;
#3242 = CARTESIAN_POINT ( 'NONE',  ( -34.99999999999995737, -50.71980390271855299, 97.99999999999997158 ) ) ;
#3243 = EDGE_CURVE ( 'NONE', #4278, #2505, #4640, .T. ) ;
#3244 = LINE ( 'NONE', #557, #3432 ) ;
#3245 = DIRECTION ( 'NONE',  ( 0.000000000000000000, 0.000000000000000000, -1.000000000000000000 ) ) ;
#3246 = EDGE_CURVE ( 'NONE', #2212, #3574, #4263, .T. ) ;
#3247 = CARTESIAN_POINT ( 'NONE',  ( -23.99999999999999645, -51.50000000000000000, 45.99999999999999289 ) ) ;
#3248 = ORIENTED_EDGE ( 'NONE', *, *, #1674, .F. ) ;
#3249 = FACE_OUTER_BOUND ( 'NONE', #2595, .T. ) ;
#3250 = DIRECTION ( 'NONE',  ( -0.000000000000000000, -1.000000000000000000, -0.000000000000000000 ) ) ;
#3251 = LINE ( 'NONE', #2080, #995 ) ;
#3252 = CARTESIAN_POINT ( 'NONE',  ( 35.00000000000000000, 10.00000000000000178, 14.99999999999998579 ) ) ;
#3253 = DIRECTION ( 'NONE',  ( -0.000000000000000000, 1.000000000000000000, -0.000000000000000000 ) ) ;
#3254 = DIRECTION ( 'NONE',  ( 4.625929269271485914E-16, 0.000000000000000000, 1.000000000000000000 ) ) ;
#3255 = CARTESIAN_POINT ( 'NONE',  ( -33.99999999999998579, -59.50000000000000000, 36.99999999999999289 ) ) ;
#3256 = EDGE_CURVE ( 'NONE', #825, #1894, #3512, .T. ) ;
#3257 = EDGE_LOOP ( 'NONE', ( #4753, #4280, #2078, #367 ) ) ;
#3258 = EDGE_LOOP ( 'NONE', ( #2254, #4632, #3684, #1605, #3771, #3413, #121, #3091, #1201, #126, #3560, #3916, #2499, #1627, #257 ) ) ;
#3259 = FACE_OUTER_BOUND ( 'NONE', #4861, .T. ) ;
#3260 = ORIENTED_EDGE ( 'NONE', *, *, #1971, .F. ) ;
#3261 = LINE ( 'NONE', #3651, #2245 ) ;
#3262 = EDGE_CURVE ( 'NONE', #2711, #3606, #1406, .T. ) ;
#3263 = CARTESIAN_POINT ( 'NONE',  ( 23.99999999999998224, -50.00525931994165063, 97.41421356237307805 ) ) ;
#3264 = DIRECTION ( 'NONE',  ( 0.000000000000000000, -1.000000000000000000, 0.000000000000000000 ) ) ;
#3265 = CARTESIAN_POINT ( 'NONE',  ( 25.00000000000001421, -1.000000000000000888, 0.9999999999999890088 ) ) ;
#3266 = DIRECTION ( 'NONE',  ( 0.000000000000000000, 0.000000000000000000, 1.000000000000000000 ) ) ;
#3267 = VERTEX_POINT ( 'NONE', #3247 ) ;
#3268 = DIRECTION ( 'NONE',  ( -4.536096848560638934E-16, 0.1961161351381834894, -0.9805806756909203337 ) ) ;
#3269 = EDGE_CURVE ( 'NONE', #3600, #1299, #4447, .T. ) ;
#3270 = CARTESIAN_POINT ( 'NONE',  ( 23.00000000000001421, 0.000000000000000000, 7.979727989493320523E-15 ) ) ;
#3271 = CARTESIAN_POINT ( 'NONE',  ( 44.00000000000000711, 9.000000000000001776, -1.451206456989613714E-14 ) ) ;
#3272 = DIRECTION ( 'NONE',  ( 0.000000000000000000, 0.000000000000000000, -1.000000000000000000 ) ) ;
#3273 = CARTESIAN_POINT ( 'NONE',  ( 44.00000000000000711, 9.000000000000001776, 28.99999999999998224 ) ) ;
#3274 = CARTESIAN_POINT ( 'NONE',  ( 34.87473204901890256, -50.09149072709863049, 99.95745363548849127 ) ) ;
#3275 = AXIS2_PLACEMENT_3D ( 'NONE', #2896, #4396, #576 ) ;
#3276 = DIRECTION ( 'NONE',  ( 1.000000000000000000, 0.000000000000000000, -1.982541115402065603E-16 ) ) ;
#3277 = EDGE_CURVE ( 'NONE', #751, #3465, #838, .T. ) ;
#3278 = ORIENTED_EDGE ( 'NONE', *, *, #2028, .F. ) ;
#3279 = VERTEX_POINT ( 'NONE', #2954 ) ;
#3280 = VECTOR ( 'NONE', #3071, 1000.000000000000000 ) ;
#3281 = CARTESIAN_POINT ( 'NONE',  ( 35.00000000000000000, -43.91421356237309936, 46.58578643762689353 ) ) ;
#3282 = VECTOR ( 'NONE', #2058, 999.9999999999998863 ) ;
#3283 = ORIENTED_EDGE ( 'NONE', *, *, #229, .F. ) ;
#3284 = ORIENTED_EDGE ( 'NONE', *, *, #2794, .T. ) ;
#3285 = LINE ( 'NONE', #2927, #3586 ) ;
#3286 = ORIENTED_EDGE ( 'NONE', *, *, #4168, .F. ) ;
#3287 = CARTESIAN_POINT ( 'NONE',  ( 34.00000000000000000, -50.49999999999999289, 46.99999999999999289 ) ) ;
#3288 = FACE_OUTER_BOUND ( 'NONE', #808, .T. ) ;
#3289 = ORIENTED_EDGE ( 'NONE', *, *, #4192, .T. ) ;
#3290 = DIRECTION ( 'NONE',  ( 1.000000000000000000, 0.000000000000000000, 0.000000000000000000 ) ) ;
#3291 = AXIS2_PLACEMENT_3D ( 'NONE', #281, #712, #3402 ) ;
#3292 = CARTESIAN_POINT ( 'NONE',  ( 8.000000000000007105, 6.000000000000003553, 10.39999999999999503 ) ) ;
#3293 = EDGE_CURVE ( 'NONE', #1593, #1074, #2144, .T. ) ;
#3294 = FACE_BOUND ( 'NONE', #1496, .T. ) ;
#3295 = AXIS2_PLACEMENT_3D ( 'NONE', #1409, #2217, #1512 ) ;
#3296 = VECTOR ( 'NONE', #4361, 1000.000000000000000 ) ;
#3297 = DIRECTION ( 'NONE',  ( 1.000000000000000000, 0.000000000000000000, -1.836970198721029688E-16 ) ) ;
#3298 = EDGE_CURVE ( 'NONE', #3856, #1847, #324, .T. ) ;
#3299 = FACE_OUTER_BOUND ( 'NONE', #1146, .T. ) ;
#3300 = CARTESIAN_POINT ( 'NONE',  ( 12.50000000000000533, 0.9999999999999991118, 29.99999999999998934 ) ) ;
#3301 = DIRECTION ( 'NONE',  ( -0.000000000000000000, -1.000000000000000000, -0.000000000000000000 ) ) ;
#3302 = AXIS2_PLACEMENT_3D ( 'NONE', #4312, #2453, #2063 ) ;
#3303 = ORIENTED_EDGE ( 'NONE', *, *, #2258, .F. ) ;
#3304 = AXIS2_PLACEMENT_3D ( 'NONE', #4173, #2211, #4845 ) ;
#3305 = ORIENTED_EDGE ( 'NONE', *, *, #3720, .F. ) ;
#3306 = VECTOR ( 'NONE', #3693, 1000.000000000000000 ) ;
#3307 = DIRECTION ( 'NONE',  ( 1.000000000000000000, 0.000000000000000000, 0.000000000000000000 ) ) ;
#3308 = ORIENTED_EDGE ( 'NONE', *, *, #425, .T. ) ;
#3309 = ORIENTED_EDGE ( 'NONE', *, *, #1594, .F. ) ;
#3310 = DIRECTION ( 'NONE',  ( 0.000000000000000000, 0.000000000000000000, 1.000000000000000000 ) ) ;
#3311 = ORIENTED_EDGE ( 'NONE', *, *, #2203, .F. ) ;
#3312 = DIRECTION ( 'NONE',  ( 0.000000000000000000, -1.000000000000000000, 0.000000000000000000 ) ) ;
#3313 = ADVANCED_FACE ( 'NONE', ( #1383 ), #3657, .T. ) ;
#3314 = DIRECTION ( 'NONE',  ( -0.000000000000000000, 1.000000000000000000, -0.000000000000000000 ) ) ;
#3315 = EDGE_LOOP ( 'NONE', ( #892, #2052 ) ) ;
#3316 = DIRECTION ( 'NONE',  ( -1.000000000000000000, 0.000000000000000000, 0.000000000000000000 ) ) ;
#3317 = FACE_OUTER_BOUND ( 'NONE', #913, .T. ) ;
#3318 = DIRECTION ( 'NONE',  ( 1.000000000000000000, -4.585547486636278160E-32, -1.982541115402065849E-16 ) ) ;
#3319 = ADVANCED_FACE ( 'NONE', ( #2165 ), #1426, .T. ) ;
#3320 = DIRECTION ( 'NONE',  ( 0.000000000000000000, 0.000000000000000000, -1.000000000000000000 ) ) ;
#3321 = DIRECTION ( 'NONE',  ( 0.000000000000000000, 1.000000000000000000, 0.000000000000000000 ) ) ;
#3322 = ADVANCED_FACE ( 'NONE', ( #3288 ), #3970, .F. ) ;
#3323 = CARTESIAN_POINT ( 'NONE',  ( 44.00000000000000711, -47.00000000000000000, 28.99999999999998224 ) ) ;
#3324 = DIRECTION ( 'NONE',  ( 1.000000000000000000, 0.000000000000000000, 0.000000000000000000 ) ) ;
#3325 = DIRECTION ( 'NONE',  ( -0.000000000000000000, -1.000000000000000000, -0.000000000000000000 ) ) ;
#3326 = DIRECTION ( 'NONE',  ( 4.625929269271485914E-16, -0.000000000000000000, 1.000000000000000000 ) ) ;
#3327 = ORIENTED_EDGE ( 'NONE', *, *, #1814, .T. ) ;
#3328 = LINE ( 'NONE', #1123, #750 ) ;
#3329 = ORIENTED_EDGE ( 'NONE', *, *, #2281, .F. ) ;
#3330 = DIRECTION ( 'NONE',  ( -3.469446951953615668E-16, -0.000000000000000000, 1.000000000000000000 ) ) ;
#3331 = EDGE_LOOP ( 'NONE', ( #3527, #2489, #3930, #4445 ) ) ;
#3332 = DIRECTION ( 'NONE',  ( 1.000000000000000000, 0.000000000000000000, 0.000000000000000000 ) ) ;
#3333 = DIRECTION ( 'NONE',  ( 0.000000000000000000, 0.000000000000000000, -1.000000000000000000 ) ) ;
#3334 = CARTESIAN_POINT ( 'NONE',  ( 11.50000000000000355, 6.000000000000004441, -1.387778780781445676E-14 ) ) ;
#3335 = ORIENTED_EDGE ( 'NONE', *, *, #1565, .T. ) ;
#3336 = CARTESIAN_POINT ( 'NONE',  ( 34.58578643762690774, -48.00000000000000000, 36.99999999999998579 ) ) ;
#3337 = EDGE_CURVE ( 'NONE', #3524, #1400, #2895, .T. ) ;
#3338 = DIRECTION ( 'NONE',  ( 0.000000000000000000, 0.000000000000000000, -1.000000000000000000 ) ) ;
#3339 = ORIENTED_EDGE ( 'NONE', *, *, #3899, .F. ) ;
#3340 = CARTESIAN_POINT ( 'NONE',  ( -60.00000000000000711, -32.00000000000000711, -1.036816775884952469E-14 ) ) ;
#3341 = EDGE_CURVE ( 'NONE', #4236, #4021, #3609, .T. ) ;
#3342 = CYLINDRICAL_SURFACE ( 'NONE', #1571, 1.000000000000000888 ) ;
#3343 = CARTESIAN_POINT ( 'NONE',  ( 35.00000000000000000, -48.00000000000000000, 37.99999999999999289 ) ) ;
#3344 = EDGE_CURVE ( 'NONE', #3853, #2074, #4489, .T. ) ;
#3345 = DIRECTION ( 'NONE',  ( 3.469446951953615668E-16, -1.094278377492748201E-31, 1.000000000000000000 ) ) ;
#3346 = CARTESIAN_POINT ( 'NONE',  ( 11.50000000000000533, 4.225031457058368133E-15, 28.99999999999998934 ) ) ;
#3347 = DIRECTION ( 'NONE',  ( -1.000000000000000000, -1.652117596168387756E-16, 0.000000000000000000 ) ) ;
#3348 = CARTESIAN_POINT ( 'NONE',  ( -25.00000000000000000, -28.00000000000000000, 41.99999999999999289 ) ) ;
#3349 = VERTEX_POINT ( 'NONE', #1357 ) ;
#3350 = ORIENTED_EDGE ( 'NONE', *, *, #3505, .F. ) ;
#3351 = ADVANCED_FACE ( 'NONE', ( #4423 ), #997, .T. ) ;
#3352 = CARTESIAN_POINT ( 'NONE',  ( -35.99999999999999289, -27.99999999999999645, 30.00000000000000000 ) ) ;
#3353 = EDGE_CURVE ( 'NONE', #1859, #4732, #298, .T. ) ;
#3354 = VERTEX_POINT ( 'NONE', #973 ) ;
#3355 = DIRECTION ( 'NONE',  ( 0.000000000000000000, 0.000000000000000000, -1.000000000000000000 ) ) ;
#3356 = CYLINDRICAL_SURFACE ( 'NONE', #4699, 1.000000000000000888 ) ;
#3357 = FACE_OUTER_BOUND ( 'NONE', #2871, .T. ) ;
#3358 = ORIENTED_EDGE ( 'NONE', *, *, #3966, .F. ) ;
#3359 = VECTOR ( 'NONE', #4395, 1000.000000000000000 ) ;
#3360 = DIRECTION ( 'NONE',  ( -0.000000000000000000, -1.000000000000000000, 0.000000000000000000 ) ) ;
#3361 = AXIS2_PLACEMENT_3D ( 'NONE', #3491, #102, #1612 ) ;
#3362 = VERTEX_POINT ( 'NONE', #2504 ) ;
#3363 = CARTESIAN_POINT ( 'NONE',  ( 35.00000000000000000, -47.00000000000002842, 14.99999999999998579 ) ) ;
#3364 = CARTESIAN_POINT ( 'NONE',  ( -31.99999999999995381, -59.50000000000000000, 98.99999999999998579 ) ) ;
#3365 = CARTESIAN_POINT ( 'NONE',  ( -26.99999999999997868, -48.00000000000000000, 98.99999999999998579 ) ) ;
#3366 = CIRCLE ( 'NONE', #4155, 1.000000000000000888 ) ;
#3367 = DIRECTION ( 'NONE',  ( 0.000000000000000000, 0.000000000000000000, 1.000000000000000000 ) ) ;
#3368 = CARTESIAN_POINT ( 'NONE',  ( 24.00000000000000000, -48.00000000000000000, 40.99999999999999289 ) ) ;
#3369 = ORIENTED_EDGE ( 'NONE', *, *, #2876, .T. ) ;
#3370 = CARTESIAN_POINT ( 'NONE',  ( 24.99999999999999289, -43.50000000000000000, 41.99999999999999289 ) ) ;
#3371 = VECTOR ( 'NONE', #2251, 1000.000000000000000 ) ;
#3372 = FACE_OUTER_BOUND ( 'NONE', #3441, .T. ) ;
#3373 = LINE ( 'NONE', #2915, #1076 ) ;
#3374 = EDGE_CURVE ( 'NONE', #4650, #3279, #2345, .T. ) ;
#3375 = AXIS2_PLACEMENT_3D ( 'NONE', #2431, #2829, #930 ) ;
#3376 = EDGE_CURVE ( 'NONE', #4245, #1635, #4023, .T. ) ;
#3377 = EDGE_CURVE ( 'NONE', #4497, #1826, #4800, .T. ) ;
#3378 = CARTESIAN_POINT ( 'NONE',  ( 23.00000000000001421, -1.000000000000000888, -1.062518129035794345E-14 ) ) ;
#3379 = EDGE_LOOP ( 'NONE', ( #3002, #4642, #2921, #3542 ) ) ;
#3380 = CARTESIAN_POINT ( 'NONE',  ( 25.00000000000001421, -48.00000000000000000, -9.425607053499583673E-16 ) ) ;
#3381 = VECTOR ( 'NONE', #3276, 1000.000000000000000 ) ;
#3382 = ORIENTED_EDGE ( 'NONE', *, *, #1574, .F. ) ;
#3383 = DIRECTION ( 'NONE',  ( 3.402072636420480433E-16, 0.1961161351381834894, -0.9805806756909203337 ) ) ;
#3384 = AXIS2_PLACEMENT_3D ( 'NONE', #2986, #2273, #1566 ) ;
#3385 = EDGE_LOOP ( 'NONE', ( #4141, #625, #3025, #2925 ) ) ;
#3386 = DIRECTION ( 'NONE',  ( 0.000000000000000000, 0.1961161351381893736, -0.9805806756909191124 ) ) ;
#3387 = CARTESIAN_POINT ( 'NONE',  ( -34.00000000000000711, -29.53827298338329399, -7.907654596676636949 ) ) ;
#3388 = ADVANCED_FACE ( 'NONE', ( #1453 ), #4849, .T. ) ;
#3389 = DIRECTION ( 'NONE',  ( 0.000000000000000000, 1.000000000000000000, 0.000000000000000000 ) ) ;
#3390 = EDGE_LOOP ( 'NONE', ( #541, #4509, #4791, #1692 ) ) ;
#3391 = VECTOR ( 'NONE', #741, 1000.000000000000000 ) ;
#3392 = CARTESIAN_POINT ( 'NONE',  ( -11.49999999999999645, 6.000000000000000000, -1.387778780781445676E-14 ) ) ;
#3393 = EDGE_LOOP ( 'NONE', ( #4206, #4723, #2115, #4354 ) ) ;
#3394 = DIRECTION ( 'NONE',  ( -1.836970198721029688E-16, 0.000000000000000000, -1.000000000000000000 ) ) ;
#3395 = EDGE_CURVE ( 'NONE', #3937, #4105, #3613, .T. ) ;
#3396 = CARTESIAN_POINT ( 'NONE',  ( -7.999999999999992895, 6.000000000000000888, 13.59999999999999076 ) ) ;
#3397 = DIRECTION ( 'NONE',  ( -1.000000000000000000, 0.000000000000000000, 0.000000000000000000 ) ) ;
#3398 = LINE ( 'NONE', #1207, #4231 ) ;
#3399 = CYLINDRICAL_SURFACE ( 'NONE', #2982, 1.000000000000000888 ) ;
#3400 = ORIENTED_EDGE ( 'NONE', *, *, #2397, .T. ) ;
#3401 =( LENGTH_UNIT ( ) NAMED_UNIT ( * ) SI_UNIT ( .MILLI., .METRE. ) );
#3402 = DIRECTION ( 'NONE',  ( 0.000000000000000000, 0.000000000000000000, -1.000000000000000000 ) ) ;
#3403 = DIRECTION ( 'NONE',  ( 0.000000000000000000, 1.000000000000000000, 0.000000000000000000 ) ) ;
#3404 = CIRCLE ( 'NONE', #1185, 1.000000000000000888 ) ;
#3405 = CARTESIAN_POINT ( 'NONE',  ( -11.49999999999999467, 0.000000000000000000, -1.387778780781445676E-14 ) ) ;
#3406 = ORIENTED_EDGE ( 'NONE', *, *, #3213, .F. ) ;
#3407 = ORIENTED_EDGE ( 'NONE', *, *, #1928, .F. ) ;
#3408 = VERTEX_POINT ( 'NONE', #4741 ) ;
#3409 = CARTESIAN_POINT ( 'NONE',  ( -45.00000000000000711, -30.00000000000001066, 1.000000000000001776 ) ) ;
#3410 = CARTESIAN_POINT ( 'NONE',  ( 34.00000000000000000, -50.91980390271855583, 98.99999999999998579 ) ) ;
#3411 = ORIENTED_EDGE ( 'NONE', *, *, #1636, .F. ) ;
#3412 = EDGE_CURVE ( 'NONE', #2074, #133, #3593, .T. ) ;
#3413 = ORIENTED_EDGE ( 'NONE', *, *, #1668, .T. ) ;
#3414 = LINE ( 'NONE', #4151, #291 ) ;
#3415 = CARTESIAN_POINT ( 'NONE',  ( 32.00000000000000000, -58.50000000000000000, 100.9999999999999858 ) ) ;
#3416 = CARTESIAN_POINT ( 'NONE',  ( 44.00000000000000711, -47.00000000000000000, 28.99999999999998224 ) ) ;
#3417 = CARTESIAN_POINT ( 'NONE',  ( -35.00000000000000000, 10.00000000000000000, 0.000000000000000000 ) ) ;
#3418 = EDGE_CURVE ( 'NONE', #1926, #578, #1696, .T. ) ;
#3419 = CARTESIAN_POINT ( 'NONE',  ( 35.00000000000000000, -26.99999999999999645, 29.99999999999998579 ) ) ;
#3420 = CARTESIAN_POINT ( 'NONE',  ( -12.49999999999999467, 0.9999999999999991118, 29.99999999999999645 ) ) ;
#3421 = ORIENTED_EDGE ( 'NONE', *, *, #1469, .F. ) ;
#3422 = EDGE_CURVE ( 'NONE', #4024, #160, #4760, .T. ) ;
#3423 = DIRECTION ( 'NONE',  ( -3.469446951953615668E-16, 1.094278377492748201E-31, -1.000000000000000000 ) ) ;
#3424 = DIRECTION ( 'NONE',  ( 1.885568995626964287E-16, -1.000000000000000000, -0.000000000000000000 ) ) ;
#3425 = CARTESIAN_POINT ( 'NONE',  ( -23.99999999999997868, -51.50000000000000000, 97.99999999999997158 ) ) ;
#3426 =( BOUNDED_CURVE ( )  B_SPLINE_CURVE ( 3, ( #2162, #4529, #699, #2210 ),
 .UNSPECIFIED., .F., .T. ) 
 B_SPLINE_CURVE_WITH_KNOTS ( ( 4, 4 ),
 ( 1.156482317317872218E-16, 1.570796326794896780 ),
 .UNSPECIFIED. ) 
 CURVE ( )  GEOMETRIC_REPRESENTATION_ITEM ( )  RATIONAL_B_SPLINE_CURVE ( ( 1.000000000000000000, 0.8047378541243649375, 0.8047378541243649375, 1.000000000000000000 ) ) 
 REPRESENTATION_ITEM ( '' )  );
#3427 = DIRECTION ( 'NONE',  ( 0.000000000000000000, 0.000000000000000000, -1.000000000000000000 ) ) ;
#3428 = ORIENTED_EDGE ( 'NONE', *, *, #1772, .F. ) ;
#3429 = LINE ( 'NONE', #36, #1470 ) ;
#3430 = EDGE_CURVE ( 'NONE', #4705, #2002, #3924, .T. ) ;
#3431 = ORIENTED_EDGE ( 'NONE', *, *, #4401, .T. ) ;
#3432 = VECTOR ( 'NONE', #4371, 1000.000000000000000 ) ;
#3433 = VERTEX_POINT ( 'NONE', #2862 ) ;
#3434 = CARTESIAN_POINT ( 'NONE',  ( 23.00000000000001421, 1.000000000000000000, 0.9999999999999893419 ) ) ;
#3435 = CARTESIAN_POINT ( 'NONE',  ( -44.00000000000000711, -30.00000000000000000, 29.00000000000000000 ) ) ;
#3436 = AXIS2_PLACEMENT_3D ( 'NONE', #237, #1751, #4768 ) ;
#3437 = CIRCLE ( 'NONE', #1291, 1.000000000000000888 ) ;
#3438 = DIRECTION ( 'NONE',  ( 1.000000000000000000, 2.312964634635737349E-17, 0.000000000000000000 ) ) ;
#3439 = ORIENTED_EDGE ( 'NONE', *, *, #847, .F. ) ;
#3440 = AXIS2_PLACEMENT_3D ( 'NONE', #2858, #3546, #2809 ) ;
#3441 = EDGE_LOOP ( 'NONE', ( #1925, #4481, #4115, #2726 ) ) ;
#3442 = LINE ( 'NONE', #1230, #1535 ) ;
#3443 = FACE_OUTER_BOUND ( 'NONE', #3896, .T. ) ;
#3444 = DIRECTION ( 'NONE',  ( -0.000000000000000000, 0.000000000000000000, 1.000000000000000000 ) ) ;
#3445 = LINE ( 'NONE', #707, #3594 ) ;
#3446 = CARTESIAN_POINT ( 'NONE',  ( -35.00000000000000000, -46.99999999999988631, 17.77499999999998437 ) ) ;
#3447 = ORIENTED_EDGE ( 'NONE', *, *, #4604, .T. ) ;
#3448 = VECTOR ( 'NONE', #830, 1000.000000000000000 ) ;
#3449 = DATE_AND_TIME ( #1942, #2922 ) ;
#3450 = PLANE ( 'NONE',  #373 ) ;
#3451 = CARTESIAN_POINT ( 'NONE',  ( -12.49999999999999645, 7.000000000000000000, 29.99999999999999645 ) ) ;
#3452 = EDGE_CURVE ( 'NONE', #3941, #3349, #2998, .T. ) ;
#3453 = EDGE_CURVE ( 'NONE', #1274, #3789, #3097, .T. ) ;
#3454 = DIRECTION ( 'NONE',  ( 0.000000000000000000, 0.000000000000000000, -1.000000000000000000 ) ) ;
#3455 = EDGE_LOOP ( 'NONE', ( #887, #3943, #1322 ) ) ;
#3456 = CARTESIAN_POINT ( 'NONE',  ( 23.00000000000000355, -1.000000000000000888, 29.99999999999998934 ) ) ;
#3457 = ADVANCED_FACE ( 'NONE', ( #961 ), #71, .F. ) ;
#3458 = ORIENTED_EDGE ( 'NONE', *, *, #1263, .F. ) ;
#3459 =( BOUNDED_SURFACE ( )  B_SPLINE_SURFACE ( 3, 2, ( 
 ( #948, #4701, #1304 ),
 ( #3927, #3151, #3946 ),
 ( #1356, #1638, #217 ),
 ( #3995, #2076, #2822 ),
 ( #1257, #607, #2783 ),
 ( #1733, #4330, #2448 ),
 ( #2057, #4283, #875 ),
 ( #518, #3222, #2875 ),
 ( #4681, #2035, #558 ),
 ( #3174, #4351, #1276 ) ),
 .UNSPECIFIED., .F., .F., .T. ) 
 B_SPLINE_SURFACE_WITH_KNOTS ( ( 4, 2, 2, 2, 4 ),
 ( 3, 3 ),
 ( 3.141592653589793116, 3.534291735288517255, 3.926990816987241395, 4.319689898685965090, 4.712388980384689674 ),
 ( 0.000000000000000000, 1.000000000000000000 ),
 .UNSPECIFIED. ) 
 GEOMETRIC_REPRESENTATION_ITEM ( )  RATIONAL_B_SPLINE_SURFACE ( (
 ( 1.000000000000000000, 0.7733421413379035769, 1.000000000000000000),
 ( 1.000000000000000000, 0.7733480583529412922, 1.000000000000000000),
 ( 1.000000000000000000, 0.7716968911921731067, 1.000000000000000000),
 ( 1.000000000000000000, 0.7653051798860603938, 1.000000000000000000),
 ( 1.000000000000000000, 0.7605589772854495223, 1.000000000000000000),
 ( 1.000000000000000000, 0.7485301844649776548, 1.000000000000000000),
 ( 1.000000000000000000, 0.7412484801429417569, 1.000000000000000000),
 ( 1.000000000000000000, 0.7250737189230402890, 1.000000000000000000),
 ( 1.000000000000000000, 0.7161872690914058426, 1.000000000000000000),
 ( 1.000000000000000000, 0.7071067811865475727, 1.000000000000000000) ) ) 
 REPRESENTATION_ITEM ( '' )  SURFACE ( )  );
#3460 = EDGE_LOOP ( 'NONE', ( #2649, #4273, #1251, #3089 ) ) ;
#3461 = CIRCLE ( 'NONE', #136, 3.000000000000002665 ) ;
#3462 = VECTOR ( 'NONE', #2472, 1000.000000000000000 ) ;
#3463 = ORIENTED_EDGE ( 'NONE', *, *, #183, .F. ) ;
#3464 = AXIS2_PLACEMENT_3D ( 'NONE', #1575, #4210, #2252 ) ;
#3465 = VERTEX_POINT ( 'NONE', #4629 ) ;
#3466 = CARTESIAN_POINT ( 'NONE',  ( 44.00000000000000711, -47.00000000000000000, 29.99999999999998224 ) ) ;
#3467 = AXIS2_PLACEMENT_3D ( 'NONE', #1881, #3811, #1904 ) ;
#3468 = LINE ( 'NONE', #4178, #3832 ) ;
#3469 = DIRECTION ( 'NONE',  ( 0.000000000000000000, 0.000000000000000000, -1.000000000000000000 ) ) ;
#3470 = CARTESIAN_POINT ( 'NONE',  ( -11.49999999999999645, 6.000000000000000000, -1.387778780781445676E-14 ) ) ;
#3471 = ORIENTED_EDGE ( 'NONE', *, *, #915, .F. ) ;
#3472 = APPROVAL_DATE_TIME ( #3449, #224 ) ;
#3473 = CARTESIAN_POINT ( 'NONE',  ( 24.00000000000000355, -27.00000000000000000, 30.99999999999998934 ) ) ;
#3474 = CYLINDRICAL_SURFACE ( 'NONE', #4255, 1.000000000000000000 ) ;
#3475 = FACE_OUTER_BOUND ( 'NONE', #2180, .T. ) ;
#3476 = VECTOR ( 'NONE', #2331, 1000.000000000000000 ) ;
#3477 = CARTESIAN_POINT ( 'NONE',  ( -59.00000000000000711, -32.00000000000000000, 29.00000000000000000 ) ) ;
#3478 = ORIENTED_EDGE ( 'NONE', *, *, #740, .T. ) ;
#3479 = DIRECTION ( 'NONE',  ( -1.000000000000000000, 0.000000000000000000, 0.000000000000000000 ) ) ;
#3480 = ORIENTED_EDGE ( 'NONE', *, *, #1606, .F. ) ;
#3481 = ORIENTED_EDGE ( 'NONE', *, *, #4435, .T. ) ;
#3482 = CARTESIAN_POINT ( 'NONE',  ( 34.00000000000000000, -59.50000000000000000, 98.99999999999998579 ) ) ;
#3483 = CARTESIAN_POINT ( 'NONE',  ( -34.99999999999998579, -47.58578643762691485, 37.41421356237308515 ) ) ;
#3484 = ORIENTED_EDGE ( 'NONE', *, *, #581, .F. ) ;
#3485 =( BOUNDED_SURFACE ( )  B_SPLINE_SURFACE ( 3, 2, ( 
 ( #4547, #1148, #4837 ),
 ( #2206, #337, #3671 ),
 ( #286, #1798, #4465 ),
 ( #1418, #2943, #666 ),
 ( #2181, #1063, #3726 ),
 ( #3523, #134, #1624 ),
 ( #1268, #3140, #842 ),
 ( #1245, #3113, #436 ),
 ( #4274, #4619, #1949 ),
 ( #4164, #2362, #1580 ) ),
 .UNSPECIFIED., .F., .F., .F. ) 
 B_SPLINE_SURFACE_WITH_KNOTS ( ( 4, 2, 2, 2, 4 ),
 ( 3, 3 ),
 ( 0.000000000000000000, 0.3926990816987241395, 0.7853981633974482790, 1.178097245096172418, 1.570796326794896558 ),
 ( 0.000000000000000000, 1.000000000000000000 ),
 .UNSPECIFIED. ) 
 GEOMETRIC_REPRESENTATION_ITEM ( )  RATIONAL_B_SPLINE_SURFACE ( (
 ( 1.000000000000000000, 0.7733421413379035769, 1.000000000000000000),
 ( 1.000000000000000000, 0.7733480583529082075, 1.000000000000000000),
 ( 1.000000000000000000, 0.7716968911922178487, 1.000000000000000000),
 ( 1.000000000000000000, 0.7653051798860156518, 1.000000000000000000),
 ( 1.000000000000000000, 0.7605589772853617037, 1.000000000000000000),
 ( 1.000000000000000000, 0.7485301844650659175, 1.000000000000000000),
 ( 1.000000000000000000, 0.7412484801429528591, 1.000000000000000000),
 ( 1.000000000000000000, 0.7250737189230291868, 1.000000000000000000),
 ( 1.000000000000000000, 0.7161872690914109496, 1.000000000000000000),
 ( 1.000000000000000000, 0.7071067811865475727, 1.000000000000000000) ) ) 
 REPRESENTATION_ITEM ( '' )  SURFACE ( )  );
#3486 = ORIENTED_EDGE ( 'NONE', *, *, #880, .F. ) ;
#3487 = CARTESIAN_POINT ( 'NONE',  ( -33.75735931288065927, -51.31980390271854020, 102.0000000000000000 ) ) ;
#3488 = CARTESIAN_POINT ( 'NONE',  ( -60.00000000000000711, -34.00000000000000711, -1.036816775884952469E-14 ) ) ;
#3489 = EDGE_CURVE ( 'NONE', #2971, #1600, #2725, .T. ) ;
#3490 = DIRECTION ( 'NONE',  ( -1.000000000000000000, -0.000000000000000000, 1.836970198721029688E-16 ) ) ;
#3491 = CARTESIAN_POINT ( 'NONE',  ( 34.00000000000000000, -28.99999999999999645, 29.99999999999998579 ) ) ;
#3492 = LINE ( 'NONE', #3888, #3987 ) ;
#3493 = ORIENTED_EDGE ( 'NONE', *, *, #2697, .T. ) ;
#3494 = PERSON_AND_ORGANIZATION_ROLE ( 'design_supplier' ) ;
#3495 = DIRECTION ( 'NONE',  ( -3.469446951953615668E-16, -0.000000000000000000, 1.000000000000000000 ) ) ;
#3496 = EDGE_CURVE ( 'NONE', #1039, #825, #4715, .T. ) ;
#3497 = CARTESIAN_POINT ( 'NONE',  ( -24.00000000000000355, -58.50000000000000000, 29.99999999999998579 ) ) ;
#3498 = DIRECTION ( 'NONE',  ( 0.000000000000000000, 1.000000000000000000, 0.000000000000000000 ) ) ;
#3499 = EDGE_LOOP ( 'NONE', ( #2853, #322, #793, #2799 ) ) ;
#3500 = ORIENTED_EDGE ( 'NONE', *, *, #420, .F. ) ;
#3501 = VECTOR ( 'NONE', #1694, 1000.000000000000000 ) ;
#3502 = AXIS2_PLACEMENT_3D ( 'NONE', #2216, #3394, #3736 ) ;
#3503 = ORIENTED_EDGE ( 'NONE', *, *, #1996, .T. ) ;
#3504 = ORIENTED_EDGE ( 'NONE', *, *, #3170, .F. ) ;
#3505 = EDGE_CURVE ( 'NONE', #4095, #2568, #364, .T. ) ;
#3506 = CARTESIAN_POINT ( 'NONE',  ( -23.99999999999997513, -49.93922322702763950, 99.19611613513818327 ) ) ;
#3507 = ORIENTED_EDGE ( 'NONE', *, *, #3024, .T. ) ;
#3508 = VERTEX_POINT ( 'NONE', #594 ) ;
#3509 = CARTESIAN_POINT ( 'NONE',  ( 24.99999999999999289, -43.50000000000000000, 47.00000000000002132 ) ) ;
#3510 = CARTESIAN_POINT ( 'NONE',  ( -34.99999999999999289, 0.9999999999999991118, 28.99999999999999645 ) ) ;
#3511 = VECTOR ( 'NONE', #4224, 1000.000000000000000 ) ;
#3512 = LINE ( 'NONE', #218, #601 ) ;
#3513 = CARTESIAN_POINT ( 'NONE',  ( -35.99999999999999289, 10.00000000000000000, 31.00000000000000000 ) ) ;
#3514 = EDGE_LOOP ( 'NONE', ( #791, #2997, #169, #1160 ) ) ;
#3515 = PERSON_AND_ORGANIZATION_ROLE ( 'creator' ) ;
#3516 = DIRECTION ( 'NONE',  ( -1.982541115402064124E-16, 0.000000000000000000, -1.000000000000000000 ) ) ;
#3517 = DIRECTION ( 'NONE',  ( -0.000000000000000000, -0.000000000000000000, -1.000000000000000000 ) ) ;
#3518 = AXIS2_PLACEMENT_3D ( 'NONE', #319, #3332, #1153 ) ;
#3519 = DIRECTION ( 'NONE',  ( 1.885568995626964287E-16, -1.000000000000000000, -0.000000000000000000 ) ) ;
#3520 = DIRECTION ( 'NONE',  ( 3.469446951953615668E-16, 0.000000000000000000, -1.000000000000000000 ) ) ;
#3521 = EDGE_LOOP ( 'NONE', ( #1623, #4214, #2764, #895 ) ) ;
#3522 = AXIS2_PLACEMENT_3D ( 'NONE', #4090, #4502, #2230 ) ;
#3523 = CARTESIAN_POINT ( 'NONE',  ( 25.40066632276576897, -50.18504191653020996, 100.4252095826510356 ) ) ;
#3524 = VERTEX_POINT ( 'NONE', #1983 ) ;
#3525 = EDGE_CURVE ( 'NONE', #3016, #4095, #1320, .T. ) ;
#3526 = AXIS2_PLACEMENT_3D ( 'NONE', #2322, #1190, #2736 ) ;
#3527 = ORIENTED_EDGE ( 'NONE', *, *, #3277, .T. ) ;
#3528 = CIRCLE ( 'NONE', #1159, 1.000000000000000888 ) ;
#3529 = ORIENTED_EDGE ( 'NONE', *, *, #941, .F. ) ;
#3530 = EDGE_CURVE ( 'NONE', #2463, #472, #42, .T. ) ;
#3531 = CARTESIAN_POINT ( 'NONE',  ( -24.99999999999997868, -49.93922322702763950, 99.19611613513818327 ) ) ;
#3532 = VECTOR ( 'NONE', #3562, 1000.000000000000000 ) ;
#3533 = AXIS2_PLACEMENT_3D ( 'NONE', #3997, #2901, #3338 ) ;
#3534 = ORIENTED_EDGE ( 'NONE', *, *, #880, .T. ) ;
#3535 = ORIENTED_EDGE ( 'NONE', *, *, #4805, .T. ) ;
#3536 = EDGE_CURVE ( 'NONE', #1324, #2548, #4251, .T. ) ;
#3537 = DIRECTION ( 'NONE',  ( 1.000000000000000000, 0.000000000000000000, -1.836970198721029688E-16 ) ) ;
#3538 = AXIS2_PLACEMENT_3D ( 'NONE', #4561, #2709, #4536 ) ;
#3539 = CARTESIAN_POINT ( 'NONE',  ( 1.538156379729076048E-14, 10.00000000000000000, 5.600000000000003197 ) ) ;
#3540 = FACE_OUTER_BOUND ( 'NONE', #1358, .T. ) ;
#3541 = CARTESIAN_POINT ( 'NONE',  ( -23.99999999999999645, -47.58578643762690064, 37.41421356237307805 ) ) ;
#3542 = ORIENTED_EDGE ( 'NONE', *, *, #2668, .F. ) ;
#3543 = EDGE_CURVE ( 'NONE', #3779, #1683, #4602, .T. ) ;
#3544 = DIRECTION ( 'NONE',  ( 1.000000000000000000, 0.000000000000000000, 0.000000000000000000 ) ) ;
#3545 = LINE ( 'NONE', #611, #1069 ) ;
#3546 = DIRECTION ( 'NONE',  ( 0.000000000000000000, -0.1961161351381834894, 0.9805806756909203337 ) ) ;
#3547 = PLANE ( 'NONE',  #1015 ) ;
#3548 = ORIENTED_EDGE ( 'NONE', *, *, #2942, .F. ) ;
#3549 = ORIENTED_EDGE ( 'NONE', *, *, #923, .T. ) ;
#3550 = EDGE_CURVE ( 'NONE', #1826, #4333, #936, .T. ) ;
#3551 = ORIENTED_EDGE ( 'NONE', *, *, #194, .T. ) ;
#3552 = AXIS2_PLACEMENT_3D ( 'NONE', #123, #2317, #4608 ) ;
#3553 = ORIENTED_EDGE ( 'NONE', *, *, #633, .F. ) ;
#3554 = VERTEX_POINT ( 'NONE', #570 ) ;
#3555 = CARTESIAN_POINT ( 'NONE',  ( -44.00000000000000711, -47.00000000000000000, 30.00000000000000355 ) ) ;
#3556 = CIRCLE ( 'NONE', #1906, 2.774999999999999467 ) ;
#3557 = LINE ( 'NONE', #166, #3955 ) ;
#3558 = ADVANCED_FACE ( 'NONE', ( #2084 ), #2642, .T. ) ;
#3559 = CARTESIAN_POINT ( 'NONE',  ( 23.00000000000001421, 1.000000000000000000, -1.065442715258197524E-14 ) ) ;
#3560 = ORIENTED_EDGE ( 'NONE', *, *, #3246, .T. ) ;
#3561 = CARTESIAN_POINT ( 'NONE',  ( -33.99999999999998579, -48.00000000000000000, 36.99999999999999289 ) ) ;
#3562 = DIRECTION ( 'NONE',  ( 2.891205793294678326E-16, -1.000000000000000000, 0.000000000000000000 ) ) ;
#3563 = FACE_OUTER_BOUND ( 'NONE', #2277, .T. ) ;
#3564 = EDGE_CURVE ( 'NONE', #4369, #3362, #3373, .T. ) ;
#3565 = CARTESIAN_POINT ( 'NONE',  ( 24.99999999999999289, -43.50000000000000000, 41.99999999999999289 ) ) ;
#3566 = DIRECTION ( 'NONE',  ( 0.000000000000000000, 0.000000000000000000, 1.000000000000000000 ) ) ;
#3567 = VERTEX_POINT ( 'NONE', #4788 ) ;
#3568 = LINE ( 'NONE', #440, #4307 ) ;
#3569 = CARTESIAN_POINT ( 'NONE',  ( 35.00000000000000000, -28.41421356237308160, 41.58578643762690064 ) ) ;
#3570 = ORIENTED_EDGE ( 'NONE', *, *, #3412, .F. ) ;
#3571 = CIRCLE ( 'NONE', #3960, 1.000000000000000888 ) ;
#3572 = ORIENTED_EDGE ( 'NONE', *, *, #2542, .F. ) ;
#3573 = VECTOR ( 'NONE', #3814, 1000.000000000000000 ) ;
#3574 = VERTEX_POINT ( 'NONE', #662 ) ;
#3575 = ORIENTED_EDGE ( 'NONE', *, *, #1748, .F. ) ;
#3576 = APPROVAL ( #3157, 'UNSPECIFIED' ) ;
#3577 = CARTESIAN_POINT ( 'NONE',  ( -33.99999999999997868, -27.99999999999999645, 41.99999999999999289 ) ) ;
#3578 = VECTOR ( 'NONE', #4734, 1000.000000000000000 ) ;
#3579 = CARTESIAN_POINT ( 'NONE',  ( 5.749369234665989114E-15, -47.00000000000000000, 28.99999999999998934 ) ) ;
#3580 = DIRECTION ( 'NONE',  ( -1.000000000000000000, 0.000000000000000000, 0.000000000000000000 ) ) ;
#3581 = EDGE_LOOP ( 'NONE', ( #991, #4228, #744, #2450 ) ) ;
#3582 = DIRECTION ( 'NONE',  ( -0.000000000000000000, 0.000000000000000000, 1.000000000000000000 ) ) ;
#3583 = DIRECTION ( 'NONE',  ( 0.000000000000000000, -1.000000000000000000, 0.000000000000000000 ) ) ;
#3584 = VECTOR ( 'NONE', #2482, 1000.000000000000000 ) ;
#3585 = FACE_OUTER_BOUND ( 'NONE', #2539, .T. ) ;
#3586 = VECTOR ( 'NONE', #4796, 1000.000000000000000 ) ;
#3587 = FACE_OUTER_BOUND ( 'NONE', #3052, .T. ) ;
#3588 = LINE ( 'NONE', #4786, #2128 ) ;
#3589 = DIRECTION ( 'NONE',  ( -1.000000000000000000, 0.000000000000000000, 0.000000000000000000 ) ) ;
#3590 = EDGE_CURVE ( 'NONE', #4463, #2898, #2178, .T. ) ;
#3591 = DIRECTION ( 'NONE',  ( 0.000000000000000000, 1.000000000000000000, 0.000000000000000000 ) ) ;
#3592 = EDGE_CURVE ( 'NONE', #1952, #3433, #4414, .T. ) ;
#3593 = LINE ( 'NONE', #3255, #757 ) ;
#3594 = VECTOR ( 'NONE', #4587, 1000.000000000000000 ) ;
#3595 = EDGE_CURVE ( 'NONE', #3178, #1926, #3214, .T. ) ;
#3596 = VECTOR ( 'NONE', #2557, 1000.000000000000000 ) ;
#3597 = ORIENTED_EDGE ( 'NONE', *, *, #3823, .F. ) ;
#3598 = ADVANCED_FACE ( 'NONE', ( #312 ), #4033, .F. ) ;
#3599 = CARTESIAN_POINT ( 'NONE',  ( -25.48914307391629919, -51.26931845889008343, 101.6213591712879918 ) ) ;
#3600 = VERTEX_POINT ( 'NONE', #1119 ) ;
#3601 = CIRCLE ( 'NONE', #288, 1.000000000000000888 ) ;
#3602 = CARTESIAN_POINT ( 'NONE',  ( -24.99999999999998224, -59.50000000000000000, 98.99999999999998579 ) ) ;
#3603 = ORIENTED_EDGE ( 'NONE', *, *, #1111, .T. ) ;
#3604 = ORIENTED_EDGE ( 'NONE', *, *, #2062, .F. ) ;
#3605 = FACE_OUTER_BOUND ( 'NONE', #1730, .T. ) ;
#3606 = VERTEX_POINT ( 'NONE', #638 ) ;
#3607 = CARTESIAN_POINT ( 'NONE',  ( 1.518562030942718677E-14, 10.00000000000000000, 4.000000000000003553 ) ) ;
#3608 = AXIS2_PLACEMENT_3D ( 'NONE', #3364, #4877, #3012 ) ;
#3609 = LINE ( 'NONE', #4752, #61 ) ;
#3610 = CARTESIAN_POINT ( 'NONE',  ( 36.00000000000000711, -47.00000000000000000, 30.99999999999998579 ) ) ;
#3611 = ORIENTED_EDGE ( 'NONE', *, *, #3418, .T. ) ;
#3612 = CARTESIAN_POINT ( 'NONE',  ( -35.00000000000000000, -47.00000000000000000, 0.000000000000000000 ) ) ;
#3613 = CIRCLE ( 'NONE', #3227, 2.774999999999999467 ) ;
#3614 = DIRECTION ( 'NONE',  ( -3.469446951953615668E-16, -1.094278377492748201E-31, 1.000000000000000000 ) ) ;
#3615 = DIRECTION ( 'NONE',  ( 1.000000000000000000, 0.000000000000000000, 0.000000000000000000 ) ) ;
#3616 = ADVANCED_FACE ( 'NONE', ( #1392 ), #1499, .T. ) ;
#3617 = AXIS2_PLACEMENT_3D ( 'NONE', #4407, #1004, #635 ) ;
#3618 = DIRECTION ( 'NONE',  ( 0.000000000000000000, -1.000000000000000000, 0.000000000000000000 ) ) ;
#3619 = DIRECTION ( 'NONE',  ( -4.336808689942013299E-16, -8.673617379884026597E-16, -1.000000000000000000 ) ) ;
#3620 = DIRECTION ( 'NONE',  ( 0.000000000000000000, 1.000000000000000000, 0.000000000000000000 ) ) ;
#3621 = DIRECTION ( 'NONE',  ( 0.000000000000000000, 0.000000000000000000, 1.000000000000000000 ) ) ;
#3622 = CIRCLE ( 'NONE', #1493, 2.000000000000001776 ) ;
#3623 = CARTESIAN_POINT ( 'NONE',  ( 34.00000000000000000, -27.99999999999999289, 41.99999999999999289 ) ) ;
#3624 = EDGE_CURVE ( 'NONE', #3937, #287, #3019, .T. ) ;
#3625 = ORIENTED_EDGE ( 'NONE', *, *, #3680, .T. ) ;
#3626 = ORIENTED_EDGE ( 'NONE', *, *, #1995, .T. ) ;
#3627 = EDGE_CURVE ( 'NONE', #3362, #180, #2430, .T. ) ;
#3628 = DIRECTION ( 'NONE',  ( 0.000000000000000000, 0.000000000000000000, -1.000000000000000000 ) ) ;
#3629 = ORIENTED_EDGE ( 'NONE', *, *, #235, .F. ) ;
#3630 = ORIENTED_EDGE ( 'NONE', *, *, #3068, .F. ) ;
#3631 = DIRECTION ( 'NONE',  ( 0.000000000000000000, 0.000000000000000000, 1.000000000000000000 ) ) ;
#3632 = ORIENTED_EDGE ( 'NONE', *, *, #1910, .F. ) ;
#3633 = CARTESIAN_POINT ( 'NONE',  ( -7.999999999999992895, 10.00000000000000000, 11.99999999999998934 ) ) ;
#3634 = CARTESIAN_POINT ( 'NONE',  ( -45.00000000000000711, 10.00000000000000000, -18.00000000000000000 ) ) ;
#3635 = LINE ( 'NONE', #1307, #2031 ) ;
#3636 = ORIENTED_EDGE ( 'NONE', *, *, #714, .T. ) ;
#3637 = CARTESIAN_POINT ( 'NONE',  ( -45.00000000000000711, -32.00000000000000711, 1.734723475976807094E-15 ) ) ;
#3638 = VECTOR ( 'NONE', #132, 1000.000000000000000 ) ;
#3639 = EDGE_CURVE ( 'NONE', #1229, #1732, #282, .T. ) ;
#3640 = CARTESIAN_POINT ( 'NONE',  ( -60.00000000000000711, -34.00000000000000000, 29.99999999999998579 ) ) ;
#3641 = LINE ( 'NONE', #4100, #3862 ) ;
#3642 = FACE_OUTER_BOUND ( 'NONE', #1350, .T. ) ;
#3643 = CARTESIAN_POINT ( 'NONE',  ( 24.99999999999998224, -50.49999999999999289, 102.0000000000000000 ) ) ;
#3644 = CARTESIAN_POINT ( 'NONE',  ( -12.49999999999999467, 0.9999999999999991118, 29.99999999999999645 ) ) ;
#3645 = CARTESIAN_POINT ( 'NONE',  ( 35.00000000000000000, -50.91980390271855583, 98.99999999999998579 ) ) ;
#3646 = LINE ( 'NONE', #1031, #2676 ) ;
#3647 = ORIENTED_EDGE ( 'NONE', *, *, #1928, .T. ) ;
#3648 = ORIENTED_EDGE ( 'NONE', *, *, #3928, .F. ) ;
#3649 = DIRECTION ( 'NONE',  ( -0.000000000000000000, 1.000000000000000000, -0.000000000000000000 ) ) ;
#3650 = ORIENTED_EDGE ( 'NONE', *, *, #3175, .F. ) ;
#3651 = CARTESIAN_POINT ( 'NONE',  ( 0.000000000000000000, -58.50000000000000000, 102.0000000000000000 ) ) ;
#3652 = CARTESIAN_POINT ( 'NONE',  ( 26.99999999999997868, -50.33922322702763807, 101.1961161351381833 ) ) ;
#3653 = ORIENTED_EDGE ( 'NONE', *, *, #3624, .F. ) ;
#3654 = LINE ( 'NONE', #1858, #4363 ) ;
#3655 = EDGE_CURVE ( 'NONE', #1901, #4163, #2512, .T. ) ;
#3656 = EDGE_CURVE ( 'NONE', #3349, #2528, #2262, .T. ) ;
#3657 = CYLINDRICAL_SURFACE ( 'NONE', #3533, 1.000000000000000888 ) ;
#3658 = ORIENTED_EDGE ( 'NONE', *, *, #3337, .T. ) ;
#3659 = AXIS2_PLACEMENT_3D ( 'NONE', #2750, #416, #1199 ) ;
#3660 = CARTESIAN_POINT ( 'NONE',  ( -46.00000000000000711, -30.00000000000000000, 29.00000000000000000 ) ) ;
#3661 = CARTESIAN_POINT ( 'NONE',  ( 1.518562030942718677E-14, 6.000000000000002665, 4.000000000000003553 ) ) ;
#3662 = CARTESIAN_POINT ( 'NONE',  ( 8.000000000000007105, 6.000000000000003553, 11.99999999999999645 ) ) ;
#3663 = CIRCLE ( 'NONE', #4300, 3.774999999999959055 ) ;
#3664 = CARTESIAN_POINT ( 'NONE',  ( 24.99999999999999645, -50.49999999999999289, 46.99999999999999289 ) ) ;
#3665 = DIRECTION ( 'NONE',  ( 0.000000000000000000, -1.000000000000000000, 0.000000000000000000 ) ) ;
#3666 = CARTESIAN_POINT ( 'NONE',  ( 44.00000000000000711, -48.00000000000000000, -1.885121410699914526E-14 ) ) ;
#3667 = CARTESIAN_POINT ( 'NONE',  ( 5.749369234665989114E-15, 9.000000000000001776, 28.99999999999998934 ) ) ;
#3668 = DIRECTION ( 'NONE',  ( -1.000000000000000000, 0.000000000000000000, 0.000000000000000000 ) ) ;
#3669 = AXIS2_PLACEMENT_3D ( 'NONE', #1929, #2677, #2366 ) ;
#3670 = ORIENTED_EDGE ( 'NONE', *, *, #3918, .F. ) ;
#3671 = CARTESIAN_POINT ( 'NONE',  ( 26.60723012701419776, -51.31980390271764492, 102.0000000000000000 ) ) ;
#3672 = EDGE_CURVE ( 'NONE', #133, #2463, #3646, .T. ) ;
#3673 = VECTOR ( 'NONE', #4271, 1000.000000000000000 ) ;
#3674 = VERTEX_POINT ( 'NONE', #2561 ) ;
#3675 = CARTESIAN_POINT ( 'NONE',  ( 23.99999999999999645, -44.50000000000000000, 45.99999999999999289 ) ) ;
#3676 = AXIS2_PLACEMENT_3D ( 'NONE', #876, #560, #4234 ) ;
#3677 = VERTEX_POINT ( 'NONE', #4053 ) ;
#3678 = VERTEX_POINT ( 'NONE', #1437 ) ;
#3679 = LINE ( 'NONE', #293, #651 ) ;
#3680 = EDGE_CURVE ( 'NONE', #621, #421, #2968, .T. ) ;
#3681 = VERTEX_POINT ( 'NONE', #1057 ) ;
#3682 = CARTESIAN_POINT ( 'NONE',  ( -24.99999999999999645, -43.50000000000000000, 41.99999999999999289 ) ) ;
#3683 = DIRECTION ( 'NONE',  ( 1.000000000000000000, 0.000000000000000000, 0.000000000000000000 ) ) ;
#3684 = ORIENTED_EDGE ( 'NONE', *, *, #4624, .T. ) ;
#3685 = PLANE ( 'NONE',  #2722 ) ;
#3686 = CIRCLE ( 'NONE', #4159, 1.000000000000000888 ) ;
#3687 = DIRECTION ( 'NONE',  ( -4.625929269271485914E-16, 0.000000000000000000, -1.000000000000000000 ) ) ;
#3688 = FACE_OUTER_BOUND ( 'NONE', #4874, .T. ) ;
#3689 = CARTESIAN_POINT ( 'NONE',  ( -33.99999999999995737, 10.00000000000000000, 97.99999999999997158 ) ) ;
#3690 = CARTESIAN_POINT ( 'NONE',  ( 34.00000000000000000, -27.99999999999999289, 40.99999999999999289 ) ) ;
#3691 = AXIS2_PLACEMENT_3D ( 'NONE', #3473, #788, #85 ) ;
#3692 = VECTOR ( 'NONE', #3119, 1000.000000000000000 ) ;
#3693 = DIRECTION ( 'NONE',  ( -0.000000000000000000, 3.469446951953615175E-16, 1.000000000000000000 ) ) ;
#3694 = LINE ( 'NONE', #4455, #3851 ) ;
#3695 = CARTESIAN_POINT ( 'NONE',  ( -34.99999999999996447, -50.00525931994165063, 97.41421356237307805 ) ) ;
#3696 = CARTESIAN_POINT ( 'NONE',  ( 25.00000000000001421, 0.000000000000000000, -1.105886215935214523E-14 ) ) ;
#3697 = CARTESIAN_POINT ( 'NONE',  ( -34.58578643762688642, -50.49999999999999289, 46.99999999999999289 ) ) ;
#3698 = VECTOR ( 'NONE', #3893, 1000.000000000000000 ) ;
#3699 = VERTEX_POINT ( 'NONE', #2591 ) ;
#3700 = ORIENTED_EDGE ( 'NONE', *, *, #866, .F. ) ;
#3701 = CYLINDRICAL_SURFACE ( 'NONE', #4140, 1.599999999999999867 ) ;
#3702 = EDGE_CURVE ( 'NONE', #2817, #2135, #1163, .T. ) ;
#3703 = ORIENTED_EDGE ( 'NONE', *, *, #3213, .T. ) ;
#3704 = CARTESIAN_POINT ( 'NONE',  ( -44.00000000000000711, -30.00000000000001066, 1.000000000000001776 ) ) ;
#3705 = FACE_OUTER_BOUND ( 'NONE', #652, .T. ) ;
#3706 = ORIENTED_EDGE ( 'NONE', *, *, #4216, .F. ) ;
#3707 = LINE ( 'NONE', #1756, #2390 ) ;
#3708 = EDGE_CURVE ( 'NONE', #1074, #870, #1466, .T. ) ;
#3709 = DIRECTION ( 'NONE',  ( 1.000000000000000000, 0.000000000000000000, -0.000000000000000000 ) ) ;
#3710 = ORIENTED_EDGE ( 'NONE', *, *, #622, .F. ) ;
#3711 = DIRECTION ( 'NONE',  ( -3.469446951953615668E-16, 1.094278377492748201E-31, -1.000000000000000000 ) ) ;
#3712 = DIRECTION ( 'NONE',  ( -1.000000000000000000, 0.000000000000000000, 0.000000000000000000 ) ) ;
#3713 = EDGE_CURVE ( 'NONE', #4655, #3279, #1522, .T. ) ;
#3714 = DIRECTION ( 'NONE',  ( -0.000000000000000000, 1.000000000000000000, -0.000000000000000000 ) ) ;
#3715 =( BOUNDED_CURVE ( )  B_SPLINE_CURVE ( 3, ( #2666, #2715, #1213, #3425 ),
 .UNSPECIFIED., .F., .T. ) 
 B_SPLINE_CURVE_WITH_KNOTS ( ( 4, 4 ),
 ( 3.141592653589790007, 4.712388980384689674 ),
 .UNSPECIFIED. ) 
 CURVE ( )  GEOMETRIC_REPRESENTATION_ITEM ( )  RATIONAL_B_SPLINE_CURVE ( ( 1.000000000000000000, 0.8047378541243643824, 0.8047378541243643824, 1.000000000000000000 ) ) 
 REPRESENTATION_ITEM ( '' )  );
#3716 = CARTESIAN_POINT ( 'NONE',  ( 23.99999999999998934, -50.91421356237309226, 46.58578643762689353 ) ) ;
#3717 = CARTESIAN_POINT ( 'NONE',  ( -11.49999999999999289, -2.760089940157084551E-15, 29.58578643762689708 ) ) ;
#3718 = CARTESIAN_POINT ( 'NONE',  ( 45.00000000000000711, -48.00000000000000000, 28.99999999999998224 ) ) ;
#3719 = CARTESIAN_POINT ( 'NONE',  ( 34.31373185151327476, -50.29032701617114753, 100.9516350808574856 ) ) ;
#3720 = EDGE_CURVE ( 'NONE', #3699, #2383, #1546, .T. ) ;
#3721 = DIRECTION ( 'NONE',  ( 0.000000000000000000, 0.000000000000000000, 1.000000000000000000 ) ) ;
#3722 = DIRECTION ( 'NONE',  ( -0.000000000000000000, -1.000000000000000000, -0.000000000000000000 ) ) ;
#3723 = ADVANCED_FACE ( 'NONE', ( #3826 ), #3474, .T. ) ;
#3724 = LINE ( 'NONE', #1173, #3007 ) ;
#3725 = EDGE_LOOP ( 'NONE', ( #465, #3500, #1941, #3083 ) ) ;
#3726 = CARTESIAN_POINT ( 'NONE',  ( 25.15635982873108389, -51.23967063816540701, 101.3990005158503749 ) ) ;
#3727 = ORIENTED_EDGE ( 'NONE', *, *, #4634, .F. ) ;
#3728 = PLANE ( 'NONE',  #964 ) ;
#3729 = ORIENTED_EDGE ( 'NONE', *, *, #1233, .T. ) ;
#3730 = CARTESIAN_POINT ( 'NONE',  ( 24.99999999999999289, -43.50000000000000000, 46.99999999999999289 ) ) ;
#3731 = CARTESIAN_POINT ( 'NONE',  ( 5.749369234665989114E-15, -48.00000000000000000, 28.99999999999998934 ) ) ;
#3732 = SPHERICAL_SURFACE ( 'NONE', #4334, 1.000000000000000000 ) ;
#3733 = VERTEX_POINT ( 'NONE', #789 ) ;
#3734 = CARTESIAN_POINT ( 'NONE',  ( 11.50000000000000533, 4.225031457058368133E-15, 0.9999999999999915623 ) ) ;
#3735 = ORIENTED_EDGE ( 'NONE', *, *, #1526, .F. ) ;
#3736 = DIRECTION ( 'NONE',  ( -1.000000000000000000, 0.000000000000000000, 1.836970198721027962E-16 ) ) ;
#3737 = ADVANCED_FACE ( 'NONE', ( #485 ), #86, .T. ) ;
#3738 = CARTESIAN_POINT ( 'NONE',  ( -26.99999999999997868, -58.50000000000000000, 98.99999999999998579 ) ) ;
#3739 = EDGE_CURVE ( 'NONE', #1968, #2073, #197, .T. ) ;
#3740 = DIRECTION ( 'NONE',  ( 0.000000000000000000, 0.000000000000000000, -1.000000000000000000 ) ) ;
#3741 = EDGE_CURVE ( 'NONE', #2283, #142, #3849, .T. ) ;
#3742 = DIRECTION ( 'NONE',  ( -0.000000000000000000, 0.000000000000000000, 1.000000000000000000 ) ) ;
#3743 = DIRECTION ( 'NONE',  ( 0.000000000000000000, 0.000000000000000000, -1.000000000000000000 ) ) ;
#3744 = AXIS2_PLACEMENT_3D ( 'NONE', #2394, #3078, #2011 ) ;
#3745 = ORIENTED_EDGE ( 'NONE', *, *, #711, .F. ) ;
#3746 = SPHERICAL_SURFACE ( 'NONE', #304, 1.000000000000000000 ) ;
#3747 = LINE ( 'NONE', #3696, #4566 ) ;
#3748 = CARTESIAN_POINT ( 'NONE',  ( 35.00000000000000000, 10.00000000000000178, 12.22499999999998543 ) ) ;
#3749 = EDGE_CURVE ( 'NONE', #4121, #4278, #3715, .T. ) ;
#3750 = EDGE_CURVE ( 'NONE', #2971, #1287, #4161, .T. ) ;
#3751 = VECTOR ( 'NONE', #3330, 1000.000000000000000 ) ;
#3752 = AXIS2_PLACEMENT_3D ( 'NONE', #1423, #2950, #4040 ) ;
#3753 = CYLINDRICAL_SURFACE ( 'NONE', #845, 1.000000000000000888 ) ;
#3754 = ORIENTED_EDGE ( 'NONE', *, *, #4479, .T. ) ;
#3755 = ORIENTED_EDGE ( 'NONE', *, *, #149, .T. ) ;
#3756 = CARTESIAN_POINT ( 'NONE',  ( 1.518562030942718677E-14, 10.00000000000000000, 4.000000000000003553 ) ) ;
#3757 = ADVANCED_FACE ( 'NONE', ( #1596 ), #3873, .F. ) ;
#3758 = ORIENTED_EDGE ( 'NONE', *, *, #4749, .F. ) ;
#3759 = LINE ( 'NONE', #3834, #2171 ) ;
#3760 = AXIS2_PLACEMENT_3D ( 'NONE', #3252, #4757, #3272 ) ;
#3761 = CARTESIAN_POINT ( 'NONE',  ( -11.49999999999999112, 7.000000000000000000, 28.99999999999999289 ) ) ;
#3762 = CARTESIAN_POINT ( 'NONE',  ( 24.99999999999999289, -27.99999999999999289, 41.99999999999999289 ) ) ;
#3763 = EDGE_LOOP ( 'NONE', ( #314, #115, #4293, #1115, #4370, #4653, #1824, #3219, #647, #3822, #556, #2774, #3400, #1151, #4598, #3112, #4200, #3428, #1384 ) ) ;
#3764 = PLANE ( 'NONE',  #25 ) ;
#3765 = ORIENTED_EDGE ( 'NONE', *, *, #4477, .F. ) ;
#3766 = CARTESIAN_POINT ( 'NONE',  ( 35.00000000000000000, -44.50000000000000000, 45.99999999999999289 ) ) ;
#3767 = DIRECTION ( 'NONE',  ( 0.000000000000000000, 0.000000000000000000, 1.000000000000000000 ) ) ;
#3768 = CYLINDRICAL_SURFACE ( 'NONE', #2916, 1.000000000000000888 ) ;
#3769 = DIRECTION ( 'NONE',  ( -0.000000000000000000, -0.000000000000000000, 1.000000000000000000 ) ) ;
#3770 = DIRECTION ( 'NONE',  ( 0.000000000000000000, -1.000000000000000000, 0.000000000000000000 ) ) ;
#3771 = ORIENTED_EDGE ( 'NONE', *, *, #2777, .T. ) ;
#3772 = CARTESIAN_POINT ( 'NONE',  ( 35.00000000000000000, -43.50000000000000000, 40.99999999999999289 ) ) ;
#3773 = FACE_OUTER_BOUND ( 'NONE', #2974, .T. ) ;
#3774 = EDGE_CURVE ( 'NONE', #4279, #2333, #31, .T. ) ;
#3775 = CARTESIAN_POINT ( 'NONE',  ( 24.00000000000000711, -59.50000000000000000, 46.99999999999999289 ) ) ;
#3776 = VECTOR ( 'NONE', #4375, 1000.000000000000000 ) ;
#3777 =( BOUNDED_CURVE ( )  B_SPLINE_CURVE ( 3, ( #4039, #643, #2160, #1422 ),
 .UNSPECIFIED., .F., .T. ) 
 B_SPLINE_CURVE_WITH_KNOTS ( ( 4, 4 ),
 ( 1.570796326794896780, 3.141592653589793116 ),
 .UNSPECIFIED. ) 
 CURVE ( )  GEOMETRIC_REPRESENTATION_ITEM ( )  RATIONAL_B_SPLINE_CURVE ( ( 1.000000000000000000, 0.8047378541243650485, 0.8047378541243650485, 1.000000000000000000 ) ) 
 REPRESENTATION_ITEM ( '' )  );
#3778 = CARTESIAN_POINT ( 'NONE',  ( 35.00000000000000000, -47.00000000000000000, 30.99999999999998579 ) ) ;
#3779 = VERTEX_POINT ( 'NONE', #4134 ) ;
#3780 = CARTESIAN_POINT ( 'NONE',  ( -23.00000000000000355, 0.000000000000000000, 28.99999999999999289 ) ) ;
#3781 = VECTOR ( 'NONE', #433, 1000.000000000000000 ) ;
#3782 = ORIENTED_EDGE ( 'NONE', *, *, #3061, .F. ) ;
#3783 = ADVANCED_FACE ( 'NONE', ( #1945 ), #4241, .T. ) ;
#3784 = EDGE_LOOP ( 'NONE', ( #340, #1396, #951, #2385 ) ) ;
#3785 = CARTESIAN_POINT ( 'NONE',  ( -33.99999999999997868, -43.50000000000000000, 46.99999999999999289 ) ) ;
#3786 = FACE_OUTER_BOUND ( 'NONE', #785, .T. ) ;
#3787 = VECTOR ( 'NONE', #1818, 1000.000000000000000 ) ;
#3788 = FACE_OUTER_BOUND ( 'NONE', #3521, .T. ) ;
#3789 = VERTEX_POINT ( 'NONE', #3085 ) ;
#3790 = VECTOR ( 'NONE', #3490, 1000.000000000000000 ) ;
#3791 = ADVANCED_FACE ( 'NONE', ( #1240 ), #4646, .T. ) ;
#3792 = ADVANCED_FACE ( 'NONE', ( #1998 ), #813, .F. ) ;
#3793 = ORIENTED_EDGE ( 'NONE', *, *, #3011, .T. ) ;
#3794 = DIRECTION ( 'NONE',  ( -0.000000000000000000, -1.000000000000000000, -0.000000000000000000 ) ) ;
#3795 = DIRECTION ( 'NONE',  ( -3.402072636420480433E-16, 0.1961161351381834894, -0.9805806756909203337 ) ) ;
#3796 = DIRECTION ( 'NONE',  ( 4.625929269271485914E-16, 0.000000000000000000, 1.000000000000000000 ) ) ;
#3797 = CARTESIAN_POINT ( 'NONE',  ( 34.00000000000000000, -51.50000000000000000, 102.0000000000000000 ) ) ;
#3798 = DIRECTION ( 'NONE',  ( 0.000000000000000000, 0.000000000000000000, 1.000000000000000000 ) ) ;
#3799 = ORIENTED_EDGE ( 'NONE', *, *, #1101, .F. ) ;
#3800 = EDGE_CURVE ( 'NONE', #1222, #2626, #4408, .T. ) ;
#3801 = DIRECTION ( 'NONE',  ( -1.000000000000000000, 0.000000000000000000, 0.000000000000000000 ) ) ;
#3802 = DIRECTION ( 'NONE',  ( 0.000000000000000000, 1.000000000000000000, -0.000000000000000000 ) ) ;
#3803 = CARTESIAN_POINT ( 'NONE',  ( 24.00000000000000355, -28.00000000000000000, 30.99999999999998934 ) ) ;
#3804 = VECTOR ( 'NONE', #2455, 1000.000000000000000 ) ;
#3805 = DIRECTION ( 'NONE',  ( -1.000000000000000000, 0.000000000000000000, 0.000000000000000000 ) ) ;
#3806 = ORIENTED_EDGE ( 'NONE', *, *, #3092, .F. ) ;
#3807 = ORIENTED_EDGE ( 'NONE', *, *, #3096, .F. ) ;
#3808 = ORIENTED_EDGE ( 'NONE', *, *, #1526, .T. ) ;
#3809 = FACE_OUTER_BOUND ( 'NONE', #2633, .T. ) ;
#3810 = PLANE ( 'NONE',  #3659 ) ;
#3811 = DIRECTION ( 'NONE',  ( -3.469446951953615668E-16, 0.000000000000000000, -1.000000000000000000 ) ) ;
#3812 = ORIENTED_EDGE ( 'NONE', *, *, #1011, .F. ) ;
#3813 = EDGE_LOOP ( 'NONE', ( #2108, #3658, #4603, #1603 ) ) ;
#3814 = DIRECTION ( 'NONE',  ( -0.000000000000000000, 1.000000000000000000, -0.000000000000000000 ) ) ;
#3815 = EDGE_CURVE ( 'NONE', #3905, #999, #457, .T. ) ;
#3816 = DIRECTION ( 'NONE',  ( 0.000000000000000000, 0.000000000000000000, -1.000000000000000000 ) ) ;
#3817 = PLANE ( 'NONE',  #3538 ) ;
#3818 = AXIS2_PLACEMENT_3D ( 'NONE', #3969, #579, #971 ) ;
#3819 = EDGE_CURVE ( 'NONE', #1753, #1723, #3952, .T. ) ;
#3820 = CYLINDRICAL_SURFACE ( 'NONE', #519, 1.000000000000000888 ) ;
#3821 = CARTESIAN_POINT ( 'NONE',  ( -46.00000000000000711, -32.00000000000000711, 2.020667218593133494E-15 ) ) ;
#3822 = ORIENTED_EDGE ( 'NONE', *, *, #3170, .T. ) ;
#3823 = EDGE_CURVE ( 'NONE', #4014, #4698, #4885, .T. ) ;
#3824 = PERSON_AND_ORGANIZATION_ROLE ( 'creator' ) ;
#3825 = CARTESIAN_POINT ( 'NONE',  ( -34.58578643762685800, -50.50000000000000000, 96.99999999999994316 ) ) ;
#3826 = FACE_OUTER_BOUND ( 'NONE', #769, .T. ) ;
#3827 = DIRECTION ( 'NONE',  ( -0.000000000000000000, 1.000000000000000000, -0.000000000000000000 ) ) ;
#3828 = ORIENTED_EDGE ( 'NONE', *, *, #2028, .T. ) ;
#3829 = AXIS2_PLACEMENT_3D ( 'NONE', #230, #4759, #1366 ) ;
#3830 = AXIS2_PLACEMENT_3D ( 'NONE', #4152, #1538, #1047 ) ;
#3831 = ORIENTED_EDGE ( 'NONE', *, *, #1027, .T. ) ;
#3832 = VECTOR ( 'NONE', #1610, 1000.000000000000000 ) ;
#3833 = ORIENTED_EDGE ( 'NONE', *, *, #733, .F. ) ;
#3834 = CARTESIAN_POINT ( 'NONE',  ( -24.99999999999999645, -59.50000000000000000, 46.99999999999999289 ) ) ;
#3835 = EDGE_CURVE ( 'NONE', #3023, #4176, #1081, .T. ) ;
#3836 = LINE ( 'NONE', #3881, #3501 ) ;
#3837 = DIRECTION ( 'NONE',  ( 1.000000000000000000, -3.154042683594195121E-16, -1.982541115402065603E-16 ) ) ;
#3838 = ORIENTED_EDGE ( 'NONE', *, *, #4101, .T. ) ;
#3839 = ORIENTED_EDGE ( 'NONE', *, *, #46, .F. ) ;
#3840 = DIRECTION ( 'NONE',  ( 0.000000000000000000, 0.000000000000000000, -1.000000000000000000 ) ) ;
#3841 = VECTOR ( 'NONE', #2185, 1000.000000000000000 ) ;
#3842 = CARTESIAN_POINT ( 'NONE',  ( 24.00000000000000355, -48.00000000000000000, 29.99999999999998579 ) ) ;
#3843 = CARTESIAN_POINT ( 'NONE',  ( 24.41421356237309581, -59.50000000000000000, 36.99999999999999289 ) ) ;
#3844 = CARTESIAN_POINT ( 'NONE',  ( -7.999999999999992895, 6.000000000000000888, 11.99999999999998934 ) ) ;
#3845 = CARTESIAN_POINT ( 'NONE',  ( 35.00000000000000000, -47.00000000000000000, 37.99999999999999289 ) ) ;
#3846 = ORIENTED_EDGE ( 'NONE', *, *, #4777, .T. ) ;
#3847 = DATE_AND_TIME ( #2352, #4659 ) ;
#3848 = DIRECTION ( 'NONE',  ( 2.891205793294678819E-16, -1.000000000000000000, -5.731934358295346469E-32 ) ) ;
#3849 = LINE ( 'NONE', #2328, #2433 ) ;
#3850 = CARTESIAN_POINT ( 'NONE',  ( 35.00000000000000000, 10.00000000000000178, 17.77499999999998437 ) ) ;
#3851 = VECTOR ( 'NONE', #1054, 1000.000000000000000 ) ;
#3852 = PLANE ( 'NONE',  #3169 ) ;
#3853 = VERTEX_POINT ( 'NONE', #2768 ) ;
#3854 = ORIENTED_EDGE ( 'NONE', *, *, #4604, .F. ) ;
#3855 = AXIS2_PLACEMENT_3D ( 'NONE', #2807, #2101, #2855 ) ;
#3856 = VERTEX_POINT ( 'NONE', #2830 ) ;
#3857 = VECTOR ( 'NONE', #1044, 999.9999999999998863 ) ;
#3858 = ADVANCED_FACE ( 'NONE', ( #3563 ), #1667, .F. ) ;
#3859 = DIRECTION ( 'NONE',  ( 0.000000000000000000, -1.000000000000000000, 0.000000000000000000 ) ) ;
#3860 = DIRECTION ( 'NONE',  ( 4.625929269271485914E-16, -0.000000000000000000, 1.000000000000000000 ) ) ;
#3861 = ORIENTED_EDGE ( 'NONE', *, *, #1388, .T. ) ;
#3862 = VECTOR ( 'NONE', #1764, 1000.000000000000000 ) ;
#3863 = VERTEX_POINT ( 'NONE', #955 ) ;
#3864 = CARTESIAN_POINT ( 'NONE',  ( -46.00000000000000711, -32.00000000000000000, 28.99999999999999645 ) ) ;
#3865 = CARTESIAN_POINT ( 'NONE',  ( -24.99999999999998224, -58.50000000000000000, 98.99999999999998579 ) ) ;
#3866 = EDGE_CURVE ( 'NONE', #1857, #3779, #882, .T. ) ;
#3867 = CARTESIAN_POINT ( 'NONE',  ( 26.99999999999997868, -59.50000000000000000, 100.9999999999999858 ) ) ;
#3868 = CARTESIAN_POINT ( 'NONE',  ( -24.99999999999998224, -50.91980390271855583, 98.99999999999998579 ) ) ;
#3869 = ORIENTED_EDGE ( 'NONE', *, *, #837, .F. ) ;
#3870 = COORDINATED_UNIVERSAL_TIME_OFFSET ( 9, 0, .AHEAD. ) ;
#3871 = DIRECTION ( 'NONE',  ( -1.982541115402065603E-16, 0.000000000000000000, -1.000000000000000000 ) ) ;
#3872 = CARTESIAN_POINT ( 'NONE',  ( 35.00000000000000000, -48.00000000000000000, 11.22500000000002629 ) ) ;
#3873 = PLANE ( 'NONE',  #989 ) ;
#3874 = CARTESIAN_POINT ( 'NONE',  ( 25.00000000000000355, -37.53827298338325846, 32.09234540332332841 ) ) ;
#3875 = CARTESIAN_POINT ( 'NONE',  ( 24.00000000000000000, -47.00000000000000000, 37.99999999999999289 ) ) ;
#3876 = EDGE_LOOP ( 'NONE', ( #414, #2392, #2414, #3308 ) ) ;
#3877 = ADVANCED_FACE ( 'NONE', ( #3934 ), #3200, .T. ) ;
#3878 = EDGE_CURVE ( 'NONE', #1773, #2711, #1312, .T. ) ;
#3879 = ORIENTED_EDGE ( 'NONE', *, *, #4810, .F. ) ;
#3880 = ORIENTED_EDGE ( 'NONE', *, *, #3590, .F. ) ;
#3881 = CARTESIAN_POINT ( 'NONE',  ( -45.00000000000001421, -43.50000000000000000, 41.99999999999999289 ) ) ;
#3882 = ORIENTED_EDGE ( 'NONE', *, *, #149, .F. ) ;
#3883 = ORIENTED_EDGE ( 'NONE', *, *, #3203, .F. ) ;
#3884 = ORIENTED_EDGE ( 'NONE', *, *, #1518, .T. ) ;
#3885 = CARTESIAN_POINT ( 'NONE',  ( -45.00000000000000711, 0.000000000000000000, 1.000000000000001776 ) ) ;
#3886 = DIRECTION ( 'NONE',  ( 0.000000000000000000, -1.000000000000000000, 0.000000000000000000 ) ) ;
#3887 = CARTESIAN_POINT ( 'NONE',  ( -23.99999999999999645, -44.50000000000000000, 46.99999999999999289 ) ) ;
#3888 = CARTESIAN_POINT ( 'NONE',  ( -45.00000000000000711, 10.00000000000000000, 29.00000000000000000 ) ) ;
#3889 = ADVANCED_FACE ( 'NONE', ( #563 ), #2788, .F. ) ;
#3890 = EDGE_LOOP ( 'NONE', ( #850, #290, #3632, #4746 ) ) ;
#3891 = EDGE_CURVE ( 'NONE', #1122, #832, #334, .T. ) ;
#3892 = EDGE_CURVE ( 'NONE', #1042, #1859, #1687, .T. ) ;
#3893 = DIRECTION ( 'NONE',  ( 1.000000000000000000, -0.000000000000000000, -1.982541115402065603E-16 ) ) ;
#3894 = LINE ( 'NONE', #2379, #4628 ) ;
#3895 = CARTESIAN_POINT ( 'NONE',  ( -35.99999999999999289, -48.00000000000000000, 28.99999999999999645 ) ) ;
#3896 = EDGE_LOOP ( 'NONE', ( #1829, #1585, #2646, #98 ) ) ;
#3897 = VECTOR ( 'NONE', #1425, 1000.000000000000000 ) ;
#3898 = ORIENTED_EDGE ( 'NONE', *, *, #949, .T. ) ;
#3899 = EDGE_CURVE ( 'NONE', #4286, #4095, #3251, .T. ) ;
#3900 = EDGE_LOOP ( 'NONE', ( #4475, #3431, #120, #1250 ) ) ;
#3901 = ORIENTED_EDGE ( 'NONE', *, *, #4327, .F. ) ;
#3902 = ADVANCED_FACE ( 'NONE', ( #3585 ), #65, .T. ) ;
#3903 = CARTESIAN_POINT ( 'NONE',  ( -24.45679186609848799, -50.22850185639337894, 100.6425092819714706 ) ) ;
#3904 = ORIENTED_EDGE ( 'NONE', *, *, #3256, .T. ) ;
#3905 = VERTEX_POINT ( 'NONE', #3229 ) ;
#3906 = LINE ( 'NONE', #3509, #4296 ) ;
#3907 = CYLINDRICAL_SURFACE ( 'NONE', #1920, 1.000000000000000888 ) ;
#3908 = FACE_OUTER_BOUND ( 'NONE', #1976, .T. ) ;
#3909 = CARTESIAN_POINT ( 'NONE',  ( -23.99999999999997513, -50.00525931994164353, 97.41421356237306384 ) ) ;
#3910 = EDGE_LOOP ( 'NONE', ( #4618, #4890, #4403, #2387 ) ) ;
#3911 = CARTESIAN_POINT ( 'NONE',  ( -23.99999999999999289, -43.91421356237309226, 46.58578643762689353 ) ) ;
#3912 = DIRECTION ( 'NONE',  ( 1.000000000000000000, 0.000000000000000000, 0.000000000000000000 ) ) ;
#3913 = LINE ( 'NONE', #2434, #3673 ) ;
#3914 = FACE_OUTER_BOUND ( 'NONE', #916, .T. ) ;
#3915 = ORIENTED_EDGE ( 'NONE', *, *, #3953, .F. ) ;
#3916 = ORIENTED_EDGE ( 'NONE', *, *, #1547, .T. ) ;
#3917 = VECTOR ( 'NONE', #3325, 1000.000000000000000 ) ;
#3918 = EDGE_CURVE ( 'NONE', #216, #1773, #4737, .T. ) ;
#3919 = ORIENTED_EDGE ( 'NONE', *, *, #2324, .T. ) ;
#3920 = AXIS2_PLACEMENT_3D ( 'NONE', #4336, #3975, #1281 ) ;
#3921 = AXIS2_PLACEMENT_3D ( 'NONE', #333, #1842, #3347 ) ;
#3922 = VERTEX_POINT ( 'NONE', #2477 ) ;
#3923 = ORIENTED_EDGE ( 'NONE', *, *, #2340, .T. ) ;
#3924 =( BOUNDED_CURVE ( )  B_SPLINE_CURVE ( 3, ( #2106, #1200, #3938, #231 ),
 .UNSPECIFIED., .F., .T. ) 
 B_SPLINE_CURVE_WITH_KNOTS ( ( 4, 4 ),
 ( 1.570796326794896558, 3.141592653589793116 ),
 .UNSPECIFIED. ) 
 CURVE ( )  GEOMETRIC_REPRESENTATION_ITEM ( )  RATIONAL_B_SPLINE_CURVE ( ( 1.000000000000000000, 0.8047378541243649375, 0.8047378541243649375, 1.000000000000000000 ) ) 
 REPRESENTATION_ITEM ( '' )  );
#3925 = CARTESIAN_POINT ( 'NONE',  ( -33.99999999999997868, -27.99999999999999289, 41.99999999999999289 ) ) ;
#3926 = VECTOR ( 'NONE', #2935, 1000.000000000000114 ) ;
#3927 = CARTESIAN_POINT ( 'NONE',  ( -32.26184658199083799, -50.33922322702620278, 101.1961161351310210 ) ) ;
#3928 = EDGE_CURVE ( 'NONE', #2528, #1857, #4270, .T. ) ;
#3929 = CARTESIAN_POINT ( 'NONE',  ( 25.00000000000000000, -48.00000000000000000, 36.99999999999999289 ) ) ;
#3930 = ORIENTED_EDGE ( 'NONE', *, *, #4063, .F. ) ;
#3931 = DIRECTION ( 'NONE',  ( -1.982541115402065603E-16, 0.000000000000000000, -1.000000000000000000 ) ) ;
#3932 = SECURITY_CLASSIFICATION ( '', '', #4266 ) ;
#3933 = CARTESIAN_POINT ( 'NONE',  ( 25.24264068711926257, -51.31980390271854020, 102.0000000000000000 ) ) ;
#3934 = FACE_OUTER_BOUND ( 'NONE', #4689, .T. ) ;
#3935 = CARTESIAN_POINT ( 'NONE',  ( 24.41421356237309581, -43.50000000000000000, 41.99999999999999289 ) ) ;
#3936 = CARTESIAN_POINT ( 'NONE',  ( 11.91421356237309759, 6.414213562373100253, 29.99999999999999645 ) ) ;
#3937 = VERTEX_POINT ( 'NONE', #128 ) ;
#3938 = CARTESIAN_POINT ( 'NONE',  ( 34.58578643762690774, -59.49999999999999289, 36.99999999999998579 ) ) ;
#3939 = AXIS2_PLACEMENT_3D ( 'NONE', #1286, #3183, #488 ) ;
#3940 = EDGE_LOOP ( 'NONE', ( #2306, #823, #2368, #4325 ) ) ;
#3941 = VERTEX_POINT ( 'NONE', #1648 ) ;
#3942 = CARTESIAN_POINT ( 'NONE',  ( -35.00000000000000000, -48.00000000000000000, 18.77500000000009805 ) ) ;
#3943 = ORIENTED_EDGE ( 'NONE', *, *, #4560, .T. ) ;
#3944 = LINE ( 'NONE', #1099, #3280 ) ;
#3945 = DIRECTION ( 'NONE',  ( 0.000000000000000000, 1.000000000000000000, 0.000000000000000000 ) ) ;
#3946 = CARTESIAN_POINT ( 'NONE',  ( -32.39276987298591592, -51.31980390271764492, 102.0000000000000000 ) ) ;
#3947 = DIRECTION ( 'NONE',  ( 1.000000000000000000, 0.000000000000000000, 0.000000000000000000 ) ) ;
#3948 = ORIENTED_EDGE ( 'NONE', *, *, #3550, .F. ) ;
#3949 = ADVANCED_FACE ( 'NONE', ( #3160 ), #4668, .T. ) ;
#3950 = DIRECTION ( 'NONE',  ( -1.000000000000000000, 0.000000000000000000, 0.000000000000000000 ) ) ;
#3951 = ADVANCED_FACE ( 'NONE', ( #2958 ), #2883, .T. ) ;
#3952 = LINE ( 'NONE', #3181, #4165 ) ;
#3953 = EDGE_CURVE ( 'NONE', #1129, #1507, #1246, .T. ) ;
#3954 = DIRECTION ( 'NONE',  ( 1.000000000000000000, 0.000000000000000000, 3.469446951953615668E-16 ) ) ;
#3955 = VECTOR ( 'NONE', #2424, 1000.000000000000000 ) ;
#3956 = CARTESIAN_POINT ( 'NONE',  ( 23.99999999999999645, -51.50000000000000000, 45.99999999999999289 ) ) ;
#3957 = CARTESIAN_POINT ( 'NONE',  ( -33.99999999999997868, 10.00000000000000000, 40.99999999999999289 ) ) ;
#3958 = DIRECTION ( 'NONE',  ( 0.000000000000000000, -1.000000000000000000, 0.000000000000000000 ) ) ;
#3959 = ORIENTED_EDGE ( 'NONE', *, *, #1910, .T. ) ;
#3960 = AXIS2_PLACEMENT_3D ( 'NONE', #3415, #3316, #2655 ) ;
#3961 = ORIENTED_EDGE ( 'NONE', *, *, #1628, .T. ) ;
#3962 = CARTESIAN_POINT ( 'NONE',  ( 34.58578643762690774, -43.50000000000000000, 46.99999999999998579 ) ) ;
#3963 = EDGE_LOOP ( 'NONE', ( #2229, #2266, #2872, #3575 ) ) ;
#3964 = DIRECTION ( 'NONE',  ( 0.000000000000000000, 0.000000000000000000, 1.000000000000000000 ) ) ;
#3965 = CARTESIAN_POINT ( 'NONE',  ( 34.00000000000000000, -47.00000000000000000, 30.99999999999998579 ) ) ;
#3966 = EDGE_CURVE ( 'NONE', #1417, #4651, #4003, .T. ) ;
#3967 = AXIS2_PLACEMENT_3D ( 'NONE', #1398, #1728, #4745 ) ;
#3968 = ORIENTED_EDGE ( 'NONE', *, *, #3708, .T. ) ;
#3969 = CARTESIAN_POINT ( 'NONE',  ( 35.00000000000000000, 10.00000000000000000, -1.285879139104720949E-14 ) ) ;
#3970 = CYLINDRICAL_SURFACE ( 'NONE', #1721, 5.250000000000000888 ) ;
#3971 = CONICAL_SURFACE ( 'NONE', #2232, 2.774999999999999467, 0.7853981633974482790 ) ;
#3972 = ORIENTED_EDGE ( 'NONE', *, *, #1370, .F. ) ;
#3973 = DIRECTION ( 'NONE',  ( 3.469446951953615668E-16, -0.000000000000000000, 1.000000000000000000 ) ) ;
#3974 = CIRCLE ( 'NONE', #4028, 1.000000000000000888 ) ;
#3975 = DIRECTION ( 'NONE',  ( 1.000000000000000000, 0.000000000000000000, -3.469446951953615668E-16 ) ) ;
#3976 = DIRECTION ( 'NONE',  ( 0.000000000000000000, 0.000000000000000000, 1.000000000000000000 ) ) ;
#3977 = AXIS2_PLACEMENT_3D ( 'NONE', #3435, #1531, #1583 ) ;
#3978 =( BOUNDED_CURVE ( )  B_SPLINE_CURVE ( 3, ( #3346, #1794, #1498, #3300 ),
 .UNSPECIFIED., .F., .T. ) 
 B_SPLINE_CURVE_WITH_KNOTS ( ( 4, 4 ),
 ( 3.141592653589793116, 4.712388980384690562 ),
 .UNSPECIFIED. ) 
 CURVE ( )  GEOMETRIC_REPRESENTATION_ITEM ( )  RATIONAL_B_SPLINE_CURVE ( ( 1.000000000000000000, 0.8047378541243648264, 0.8047378541243648264, 1.000000000000000000 ) ) 
 REPRESENTATION_ITEM ( '' )  );
#3979 = DIRECTION ( 'NONE',  ( -4.625929269271485914E-16, 0.000000000000000000, -1.000000000000000000 ) ) ;
#3980 = AXIS2_PLACEMENT_3D ( 'NONE', #636, #4409, #306 ) ;
#3981 = DIRECTION ( 'NONE',  ( 0.000000000000000000, 0.000000000000000000, -1.000000000000000000 ) ) ;
#3982 = DIRECTION ( 'NONE',  ( -1.000000000000000000, 0.000000000000000000, 0.000000000000000000 ) ) ;
#3983 = FACE_OUTER_BOUND ( 'NONE', #1474, .T. ) ;
#3984 = EDGE_CURVE ( 'NONE', #3168, #4564, #855, .T. ) ;
#3985 = EDGE_LOOP ( 'NONE', ( #1078, #3142, #1296, #4421 ) ) ;
#3986 = EDGE_LOOP ( 'NONE', ( #4582, #547, #3406, #4113 ) ) ;
#3987 = VECTOR ( 'NONE', #1569, 1000.000000000000000 ) ;
#3988 = CARTESIAN_POINT ( 'NONE',  ( 35.00000000000000000, -28.99999999999999645, 40.99999999999999289 ) ) ;
#3989 = EDGE_CURVE ( 'NONE', #602, #1753, #2765, .T. ) ;
#3990 = ORIENTED_EDGE ( 'NONE', *, *, #3749, .F. ) ;
#3992 = EDGE_LOOP ( 'NONE', ( #2604, #2670, #4320, #3529 ) ) ;
#3991 = VECTOR ( 'NONE', #1345, 1000.000000000000000 ) ;
#3993 = LINE ( 'NONE', #604, #33 ) ;
#3994 = ORIENTED_EDGE ( 'NONE', *, *, #487, .T. ) ;
#3995 = CARTESIAN_POINT ( 'NONE',  ( -33.00723795072248379, -50.28873778319952237, 100.9436889159975834 ) ) ;
#3996 = VECTOR ( 'NONE', #1340, 1000.000000000000000 ) ;
#3997 = CARTESIAN_POINT ( 'NONE',  ( -33.99999999999997868, 10.00000000000000000, 45.99999999999999289 ) ) ;
#3998 = ORIENTED_EDGE ( 'NONE', *, *, #1695, .T. ) ;
#3999 = CYLINDRICAL_SURFACE ( 'NONE', #4773, 1.000000000000000888 ) ;
#4000 = VECTOR ( 'NONE', #983, 1000.000000000000000 ) ;
#4001 = LINE ( 'NONE', #3640, #3996 ) ;
#4002 = DIRECTION ( 'NONE',  ( 0.000000000000000000, -1.000000000000000000, 0.000000000000000000 ) ) ;
#4003 = CIRCLE ( 'NONE', #763, 1.600000000000002531 ) ;
#4004 = CARTESIAN_POINT ( 'NONE',  ( 35.00000000000000000, -28.99999999999999645, 30.99999999999998579 ) ) ;
#4005 = FACE_OUTER_BOUND ( 'NONE', #1800, .T. ) ;
#4006 = CC_DESIGN_APPROVAL ( #2863, ( #1313 ) ) ;
#4007 = DIRECTION ( 'NONE',  ( 0.000000000000000000, 0.000000000000000000, -1.000000000000000000 ) ) ;
#4008 = CARTESIAN_POINT ( 'NONE',  ( 34.00000000000000000, -49.93922322702763950, 99.19611613513818327 ) ) ;
#4009 = VECTOR ( 'NONE', #1093, 1000.000000000000000 ) ;
#4010 = DIRECTION ( 'NONE',  ( -0.000000000000000000, 1.000000000000000000, -0.000000000000000000 ) ) ;
#4011 = LOCAL_TIME ( 23, 26, 43.00000000000000000, #1994 ) ;
#4012 = VERTEX_POINT ( 'NONE', #2555 ) ;
#4013 = EDGE_CURVE ( 'NONE', #494, #3465, #3641, .T. ) ;
#4014 = VERTEX_POINT ( 'NONE', #3271 ) ;
#4015 = AXIS2_PLACEMENT_3D ( 'NONE', #1145, #2282, #3805 ) ;
#4016 = ADVANCED_FACE ( 'NONE', ( #4047 ), #250, .T. ) ;
#4017 = CARTESIAN_POINT ( 'NONE',  ( 23.99999999999999645, -43.50000000000000000, 45.99999999999999289 ) ) ;
#4018 = ORIENTED_EDGE ( 'NONE', *, *, #2199, .T. ) ;
#4019 = DIRECTION ( 'NONE',  ( 0.000000000000000000, -1.000000000000000000, 0.000000000000000000 ) ) ;
#4020 = CARTESIAN_POINT ( 'NONE',  ( 24.00000000000001421, -47.00000000000000000, 0.9999999999999885647 ) ) ;
#4021 = VERTEX_POINT ( 'NONE', #4782 ) ;
#4022 = CARTESIAN_POINT ( 'NONE',  ( -35.00000000000000000, 9.000000000000001776, 1.000000000000000000 ) ) ;
#4023 = LINE ( 'NONE', #2930, #4654 ) ;
#4024 = VERTEX_POINT ( 'NONE', #1835 ) ;
#4025 = CARTESIAN_POINT ( 'NONE',  ( -24.00000000000000000, -50.91421356237309226, 46.58578643762689353 ) ) ;
#4026 = CARTESIAN_POINT ( 'NONE',  ( -23.00000000000001421, -1.000000000000000000, -2.168404344971008868E-15 ) ) ;
#4027 = DIRECTION ( 'NONE',  ( -0.000000000000000000, 2.312964634635743450E-16, 1.000000000000000000 ) ) ;
#4028 = AXIS2_PLACEMENT_3D ( 'NONE', #3416, #3126, #423 ) ;
#4029 = CYLINDRICAL_SURFACE ( 'NONE', #4785, 1.599999999999999867 ) ;
#4030 = EDGE_CURVE ( 'NONE', #391, #2518, #1049, .T. ) ;
#4031 = DIRECTION ( 'NONE',  ( 2.891205793294678819E-16, -1.000000000000000000, -5.731934358295346469E-32 ) ) ;
#4032 = FACE_OUTER_BOUND ( 'NONE', #2460, .T. ) ;
#4033 = PLANE ( 'NONE',  #1241 ) ;
#4034 = EDGE_CURVE ( 'NONE', #3789, #2548, #4074, .T. ) ;
#4035 = ORIENTED_EDGE ( 'NONE', *, *, #1668, .F. ) ;
#4036 = EDGE_LOOP ( 'NONE', ( #4895, #325, #2441, #1012 ) ) ;
#4037 = CYLINDRICAL_SURFACE ( 'NONE', #4376, 1.600000000000000755 ) ;
#4038 = ORIENTED_EDGE ( 'NONE', *, *, #1176, .F. ) ;
#4039 = CARTESIAN_POINT ( 'NONE',  ( -33.99999999999995737, -49.93922322702763950, 99.19611613513818327 ) ) ;
#4040 = DIRECTION ( 'NONE',  ( 1.000000000000000000, 0.000000000000000000, 0.000000000000000000 ) ) ;
#4041 = ORIENTED_EDGE ( 'NONE', *, *, #740, .F. ) ;
#4042 = DIRECTION ( 'NONE',  ( -1.000000000000000000, -0.000000000000000000, -0.000000000000000000 ) ) ;
#4043 = CARTESIAN_POINT ( 'NONE',  ( 1.187008914834291220E-15, -51.31980390271855441, 102.0000000000000000 ) ) ;
#4044 = ORIENTED_EDGE ( 'NONE', *, *, #3866, .T. ) ;
#4045 = DIRECTION ( 'NONE',  ( 0.000000000000000000, -1.000000000000000000, -0.000000000000000000 ) ) ;
#4046 = CARTESIAN_POINT ( 'NONE',  ( 32.00000000000000000, -58.50000000000000000, 102.0000000000000000 ) ) ;
#4047 = FACE_OUTER_BOUND ( 'NONE', #3725, .T. ) ;
#4048 = FACE_BOUND ( 'NONE', #2139, .T. ) ;
#4049 = CARTESIAN_POINT ( 'NONE',  ( 34.00000000000000000, -28.99999999999999645, 30.99999999999998579 ) ) ;
#4050 = CARTESIAN_POINT ( 'NONE',  ( 1.836970198721017855E-16, 0.000000000000000000, 0.9999999999999935607 ) ) ;
#4051 = CARTESIAN_POINT ( 'NONE',  ( 8.000000000000007105, 10.00000000000000000, 11.99999999999999645 ) ) ;
#4052 = DIRECTION ( 'NONE',  ( 0.000000000000000000, 0.000000000000000000, -1.000000000000000000 ) ) ;
#4053 = CARTESIAN_POINT ( 'NONE',  ( 35.00000000000000000, -48.00000000000000000, 18.77499999999994529 ) ) ;
#4054 = ADVANCED_FACE ( 'NONE', ( #1862 ), #682, .T. ) ;
#4055 = ORIENTED_EDGE ( 'NONE', *, *, #2884, .T. ) ;
#4056 = AXIS2_PLACEMENT_3D ( 'NONE', #1460, #1087, #4127 ) ;
#4057 = EDGE_LOOP ( 'NONE', ( #4576, #3603, #1543, #2661 ) ) ;
#4058 = AXIS2_PLACEMENT_3D ( 'NONE', #1178, #2699, #4194 ) ;
#4059 = DIRECTION ( 'NONE',  ( 1.000000000000000000, 3.154042683594195121E-16, 0.000000000000000000 ) ) ;
#4060 = CIRCLE ( 'NONE', #1950, 1.600000000000000755 ) ;
#4061 = ORIENTED_EDGE ( 'NONE', *, *, #4656, .F. ) ;
#4062 = CARTESIAN_POINT ( 'NONE',  ( -25.00000000000000000, 0.000000000000000000, 37.99999999999999289 ) ) ;
#4063 = EDGE_CURVE ( 'NONE', #2155, #494, #3231, .T. ) ;
#4064 = CARTESIAN_POINT ( 'NONE',  ( -35.00000000000000000, -26.99999999999999645, 30.00000000000000000 ) ) ;
#4065 = ORIENTED_EDGE ( 'NONE', *, *, #2999, .F. ) ;
#4066 = CARTESIAN_POINT ( 'NONE',  ( 44.00000000000000711, 9.000000000000001776, 28.99999999999998224 ) ) ;
#4067 = AXIS2_PLACEMENT_3D ( 'NONE', #1820, #384, #1091 ) ;
#4068 = DIRECTION ( 'NONE',  ( 0.000000000000000000, 0.000000000000000000, -1.000000000000000000 ) ) ;
#4069 = ORIENTED_EDGE ( 'NONE', *, *, #18, .F. ) ;
#4070 = CARTESIAN_POINT ( 'NONE',  ( 32.00000000000000000, -50.33922322702763807, 101.1961161351381833 ) ) ;
#4071 = ADVANCED_FACE ( 'NONE', ( #3688 ), #3342, .T. ) ;
#4072 = CIRCLE ( 'NONE', #677, 1.600000000000000089 ) ;
#4073 = CARTESIAN_POINT ( 'NONE',  ( 12.50000000000000355, 7.000000000000004441, 29.99999999999998934 ) ) ;
#4074 = LINE ( 'NONE', #656, #1802 ) ;
#4075 = CARTESIAN_POINT ( 'NONE',  ( -34.58578643762688642, -27.99999999999999289, 41.99999999999999289 ) ) ;
#4076 = FACE_OUTER_BOUND ( 'NONE', #2444, .T. ) ;
#4077 = AXIS2_PLACEMENT_3D ( 'NONE', #4827, #2193, #1861 ) ;
#4078 = AXIS2_PLACEMENT_3D ( 'NONE', #3265, #4776, #2527 ) ;
#4079 = SPHERICAL_SURFACE ( 'NONE', #2836, 1.000000000000000000 ) ;
#4080 = CARTESIAN_POINT ( 'NONE',  ( 33.84364017126752344, -51.23967063816540701, 101.3990005158517533 ) ) ;
#4081 = DIRECTION ( 'NONE',  ( -1.000000000000000000, 3.154042683594195121E-16, 0.000000000000000000 ) ) ;
#4082 = CARTESIAN_POINT ( 'NONE',  ( -34.99999999999998579, -51.50000000000000000, 45.99999999999999289 ) ) ;
#4083 = AXIS2_PLACEMENT_3D ( 'NONE', #4806, #4428, #2908 ) ;
#4084 = LINE ( 'NONE', #4887, #772 ) ;
#4085 = EDGE_LOOP ( 'NONE', ( #2843, #1334, #4310, #4679, #239, #4606 ) ) ;
#4086 = ORIENTED_EDGE ( 'NONE', *, *, #1957, .T. ) ;
#4087 = CARTESIAN_POINT ( 'NONE',  ( -34.99999999999998579, -43.50000000000000000, 45.99999999999999289 ) ) ;
#4088 = EDGE_CURVE ( 'NONE', #3853, #751, #1724, .T. ) ;
#4089 = ORIENTED_EDGE ( 'NONE', *, *, #729, .F. ) ;
#4090 = CARTESIAN_POINT ( 'NONE',  ( -11.49999999999999467, 1.000000000000000000, 0.9999999999999956701 ) ) ;
#4091 = ADVANCED_FACE ( 'NONE', ( #2125 ), #4854, .F. ) ;
#4092 = CARTESIAN_POINT ( 'NONE',  ( -33.99999999999995737, -59.50000000000000000, 98.99999999999998579 ) ) ;
#4093 = VECTOR ( 'NONE', #12, 1000.000000000000000 ) ;
#4094 = CARTESIAN_POINT ( 'NONE',  ( 5.749369234665989114E-15, -48.00000000000000000, 28.99999999999998934 ) ) ;
#4095 = VERTEX_POINT ( 'NONE', #2148 ) ;
#4096 = LINE ( 'NONE', #244, #419 ) ;
#4097 = VERTEX_POINT ( 'NONE', #1458 ) ;
#4098 = CARTESIAN_POINT ( 'NONE',  ( 0.000000000000000000, -48.00000000000000000, 0.000000000000000000 ) ) ;
#4099 = CARTESIAN_POINT ( 'NONE',  ( 35.00000000000000000, -44.50000000000000000, 40.99999999999999289 ) ) ;
#4100 = CARTESIAN_POINT ( 'NONE',  ( -31.99999999999995381, -59.50000000000000000, 100.9999999999999858 ) ) ;
#4101 = EDGE_CURVE ( 'NONE', #2283, #975, #1488, .T. ) ;
#4102 = LINE ( 'NONE', #1515, #1703 ) ;
#4103 = DIRECTION ( 'NONE',  ( 0.000000000000000000, -1.000000000000000000, 0.000000000000000000 ) ) ;
#4104 = TOROIDAL_SURFACE ( 'NONE', #1106, 2.000000000000000000, 1.000000000000000000 ) ;
#4105 = VERTEX_POINT ( 'NONE', #1136 ) ;
#4106 = CARTESIAN_POINT ( 'NONE',  ( -45.00000000000000711, -30.00000000000001066, 1.040834085586084888E-14 ) ) ;
#4107 = ADVANCED_FACE ( 'NONE', ( #1205 ), #3768, .T. ) ;
#4108 = CARTESIAN_POINT ( 'NONE',  ( -34.99999999999999289, -47.00000000000000000, 30.00000000000000000 ) ) ;
#4109 = ADVANCED_FACE ( 'NONE', ( #4179 ), #3817, .T. ) ;
#4110 = CARTESIAN_POINT ( 'NONE',  ( -11.49999999999999112, 6.000000000000000000, 28.99999999999999289 ) ) ;
#4111 = ORIENTED_EDGE ( 'NONE', *, *, #2195, .F. ) ;
#4112 = AXIS2_PLACEMENT_3D ( 'NONE', #827, #1135, #1588 ) ;
#4113 = ORIENTED_EDGE ( 'NONE', *, *, #3341, .F. ) ;
#4114 = DIRECTION ( 'NONE',  ( -0.000000000000000000, 1.000000000000000000, 0.000000000000000000 ) ) ;
#4115 = ORIENTED_EDGE ( 'NONE', *, *, #1489, .F. ) ;
#4116 = CARTESIAN_POINT ( 'NONE',  ( -45.00000000000000711, 10.00000000000000000, 29.00000000000000000 ) ) ;
#4117 = DIRECTION ( 'NONE',  ( 0.000000000000000000, 0.9805806756909194455, 0.1961161351381880413 ) ) ;
#4118 = DIRECTION ( 'NONE',  ( 0.000000000000000000, 0.000000000000000000, -1.000000000000000000 ) ) ;
#4119 = ORIENTED_EDGE ( 'NONE', *, *, #1594, .T. ) ;
#4120 = CARTESIAN_POINT ( 'NONE',  ( -34.99999999999998579, -44.50000000000000000, 45.99999999999999289 ) ) ;
#4121 = VERTEX_POINT ( 'NONE', #4126 ) ;
#4122 = ADVANCED_FACE ( 'NONE', ( #1912 ), #4575, .T. ) ;
#4123 = CARTESIAN_POINT ( 'NONE',  ( 24.99999999999999645, -50.49999999999999289, 46.99999999999999289 ) ) ;
#4124 = VECTOR ( 'NONE', #4871, 1000.000000000000000 ) ;
#4125 = DIRECTION ( 'NONE',  ( 1.885568995626964287E-16, -1.000000000000000000, -0.000000000000000000 ) ) ;
#4126 = CARTESIAN_POINT ( 'NONE',  ( -24.99999999999998579, -50.49999999999999289, 96.99999999999997158 ) ) ;
#4127 = DIRECTION ( 'NONE',  ( 1.000000000000000000, 0.000000000000000000, 0.000000000000000000 ) ) ;
#4128 = AXIS2_PLACEMENT_3D ( 'NONE', #1604, #848, #982 ) ;
#4129 = CARTESIAN_POINT ( 'NONE',  ( -60.00000000000000711, -31.41421356237310292, 4.350413627387073932E-15 ) ) ;
#4130 = ORIENTED_EDGE ( 'NONE', *, *, #1843, .F. ) ;
#4131 = ADVANCED_FACE ( 'NONE', ( #4512 ), #1938, .F. ) ;
#4132 = DIRECTION ( 'NONE',  ( 0.000000000000000000, 1.000000000000000000, 0.000000000000000000 ) ) ;
#4133 = AXIS2_PLACEMENT_3D ( 'NONE', #3957, #3591, #569 ) ;
#4134 = CARTESIAN_POINT ( 'NONE',  ( 44.00000000000000711, 9.000000000000001776, 29.99999999999998224 ) ) ;
#4135 = VECTOR ( 'NONE', #4891, 1000.000000000000000 ) ;
#4136 = CARTESIAN_POINT ( 'NONE',  ( -25.00000000000000000, -48.00000000000000000, 36.99999999999999289 ) ) ;
#4137 = ORIENTED_EDGE ( 'NONE', *, *, #2999, .T. ) ;
#4138 = CARTESIAN_POINT ( 'NONE',  ( 24.00000000000001066, -47.58578643762690064, 0.4142135623730838767 ) ) ;
#4139 = ORIENTED_EDGE ( 'NONE', *, *, #1157, .T. ) ;
#4140 = AXIS2_PLACEMENT_3D ( 'NONE', #3756, #1195, #1445 ) ;
#4141 = ORIENTED_EDGE ( 'NONE', *, *, #3293, .F. ) ;
#4142 = DIRECTION ( 'NONE',  ( 1.000000000000000000, 0.000000000000000000, 0.000000000000000000 ) ) ;
#4143 = VECTOR ( 'NONE', #2909, 999.9999999999998863 ) ;
#4144 = DIRECTION ( 'NONE',  ( 0.000000000000000000, 0.000000000000000000, 1.000000000000000000 ) ) ;
#4145 = DIRECTION ( 'NONE',  ( -1.000000000000000000, 0.000000000000000000, 1.982541115402065603E-16 ) ) ;
#4146 = EDGE_LOOP ( 'NONE', ( #3000, #3553, #2869, #3880 ) ) ;
#4147 = ADVANCED_FACE ( 'NONE', ( #4203 ), #2733, .T. ) ;
#4148 = AXIS2_PLACEMENT_3D ( 'NONE', #354, #806, #3367 ) ;
#4149 = DIRECTION ( 'NONE',  ( 0.000000000000000000, 0.000000000000000000, 1.000000000000000000 ) ) ;
#4150 = ORIENTED_EDGE ( 'NONE', *, *, #161, .F. ) ;
#4151 = CARTESIAN_POINT ( 'NONE',  ( -24.00000000000000355, -28.00000000000000000, 41.99999999999999289 ) ) ;
#4152 = CARTESIAN_POINT ( 'NONE',  ( -25.00000000000001421, -48.00000000000000000, 0.9999999999999974465 ) ) ;
#4153 = CARTESIAN_POINT ( 'NONE',  ( 34.00000000000000000, -43.50000000000000000, 46.99999999999999289 ) ) ;
#4154 = DIRECTION ( 'NONE',  ( -1.836970198721029688E-16, 0.000000000000000000, -1.000000000000000000 ) ) ;
#4155 = AXIS2_PLACEMENT_3D ( 'NONE', #176, #568, #4690 ) ;
#4156 = CARTESIAN_POINT ( 'NONE',  ( -33.99999999999995737, -49.49999999999999289, 96.99999999999995737 ) ) ;
#4157 = CARTESIAN_POINT ( 'NONE',  ( -35.99999999999999289, -47.00000000000000000, 31.00000000000000000 ) ) ;
#4158 = EDGE_LOOP ( 'NONE', ( #869, #1659, #3283, #398 ) ) ;
#4159 = AXIS2_PLACEMENT_3D ( 'NONE', #4567, #787, #4149 ) ;
#4160 = DIRECTION ( 'NONE',  ( -0.000000000000000000, -1.000000000000000000, -0.000000000000000000 ) ) ;
#4161 = LINE ( 'NONE', #765, #2043 ) ;
#4162 = CARTESIAN_POINT ( 'NONE',  ( 32.00000000000000000, -51.31980390271855441, 102.0000000000000000 ) ) ;
#4163 = VERTEX_POINT ( 'NONE', #759 ) ;
#4164 = CARTESIAN_POINT ( 'NONE',  ( 24.99999999999997868, -49.93922322702763950, 99.19611613513818327 ) ) ;
#4165 = VECTOR ( 'NONE', #524, 1000.000000000000000 ) ;
#4166 = EDGE_LOOP ( 'NONE', ( #2439, #3670, #4061, #3629 ) ) ;
#4167 = PRODUCT ( 'lift__R', 'lift__R', '', ( #1261 ) ) ;
#4168 = EDGE_CURVE ( 'NONE', #1294, #113, #2412, .T. ) ;
#4169 = ORIENTED_EDGE ( 'NONE', *, *, #3096, .T. ) ;
#4170 = CARTESIAN_POINT ( 'NONE',  ( -7.999999999999992895, 10.00000000000000000, 11.99999999999998934 ) ) ;
#4171 = DIRECTION ( 'NONE',  ( 0.000000000000000000, 0.000000000000000000, -1.000000000000000000 ) ) ;
#4172 = EDGE_CURVE ( 'NONE', #4524, #1857, #3150, .T. ) ;
#4173 = CARTESIAN_POINT ( 'NONE',  ( -24.99999999999999645, -48.00000000000000000, 45.99999999999999289 ) ) ;
#4174 = EDGE_LOOP ( 'NONE', ( #1761, #3570, #3154, #3059 ) ) ;
#4175 = CARTESIAN_POINT ( 'NONE',  ( -25.40066632276577252, -50.18504191653020996, 100.4252095826510356 ) ) ;
#4176 = VERTEX_POINT ( 'NONE', #2636 ) ;
#4177 = CARTESIAN_POINT ( 'NONE',  ( 32.00000000000000000, -59.50000000000000000, 98.99999999999998579 ) ) ;
#4178 = CARTESIAN_POINT ( 'NONE',  ( -24.00000000000001421, -47.00000000000000000, -3.469446951953618626E-16 ) ) ;
#4179 = FACE_OUTER_BOUND ( 'NONE', #4221, .T. ) ;
#4180 = DIRECTION ( 'NONE',  ( -0.000000000000000000, 1.000000000000000000, 0.000000000000000000 ) ) ;
#4181 = FACE_OUTER_BOUND ( 'NONE', #2493, .T. ) ;
#4182 = ORIENTED_EDGE ( 'NONE', *, *, #648, .F. ) ;
#4183 = DIRECTION ( 'NONE',  ( -1.000000000000000000, -0.000000000000000000, 0.000000000000000000 ) ) ;
#4184 = CARTESIAN_POINT ( 'NONE',  ( -23.00000000000000355, -1.000000000000000000, 28.99999999999999289 ) ) ;
#4185 = CARTESIAN_POINT ( 'NONE',  ( 8.000000000000007105, 6.000000000000003553, 11.99999999999999645 ) ) ;
#4186 = DIRECTION ( 'NONE',  ( -1.836970198721029934E-16, 0.000000000000000000, -1.000000000000000000 ) ) ;
#4187 = ADVANCED_FACE ( 'NONE', ( #3034 ), #828, .F. ) ;
#4188 = CARTESIAN_POINT ( 'NONE',  ( 34.00000000000000000, -48.00000000000000000, 36.99999999999999289 ) ) ;
#4189 = ORIENTED_EDGE ( 'NONE', *, *, #2697, .F. ) ;
#4190 = AXIS2_PLACEMENT_3D ( 'NONE', #2371, #3886, #4636 ) ;
#4191 = ORIENTED_EDGE ( 'NONE', *, *, #1443, .F. ) ;
#4192 = EDGE_CURVE ( 'NONE', #180, #3362, #4661, .T. ) ;
#4193 = VERTEX_POINT ( 'NONE', #3867 ) ;
#4194 = DIRECTION ( 'NONE',  ( -1.000000000000000000, 0.000000000000000000, 0.000000000000000000 ) ) ;
#4195 = EDGE_CURVE ( 'NONE', #999, #73, #782, .T. ) ;
#4196 = DIRECTION ( 'NONE',  ( -0.000000000000000000, -0.000000000000000000, 1.000000000000000000 ) ) ;
#4197 = CYLINDRICAL_SURFACE ( 'NONE', #3304, 1.000000000000000888 ) ;
#4198 = ORIENTED_EDGE ( 'NONE', *, *, #3989, .T. ) ;
#4199 = CARTESIAN_POINT ( 'NONE',  ( -25.00000000000785150, -49.99159254346694325, 99.45796271733472338 ) ) ;
#4200 = ORIENTED_EDGE ( 'NONE', *, *, #2313, .T. ) ;
#4201 = DIRECTION ( 'NONE',  ( 0.000000000000000000, 0.000000000000000000, -1.000000000000000000 ) ) ;
#4202 = DIRECTION ( 'NONE',  ( -1.000000000000000000, 0.000000000000000000, 0.000000000000000000 ) ) ;
#4203 = FACE_OUTER_BOUND ( 'NONE', #3763, .T. ) ;
#4204 = CARTESIAN_POINT ( 'NONE',  ( -35.99999999999999289, -28.99999999999999645, 30.00000000000000000 ) ) ;
#4205 = CARTESIAN_POINT ( 'NONE',  ( -24.41421356237309581, -47.99999999999999289, 36.99999999999999289 ) ) ;
#4206 = ORIENTED_EDGE ( 'NONE', *, *, #4473, .T. ) ;
#4207 = MANIFOLD_SOLID_BREP ( 'ÇÊ·¿3', #654 ) ;
#4208 = CIRCLE ( 'NONE', #503, 1.000000000000000888 ) ;
#4209 = FACE_OUTER_BOUND ( 'NONE', #1924, .T. ) ;
#4210 = DIRECTION ( 'NONE',  ( 0.000000000000000000, 1.000000000000000000, 0.000000000000000000 ) ) ;
#4211 = EDGE_CURVE ( 'NONE', #2898, #2568, #4586, .T. ) ;
#4212 = DIRECTION ( 'NONE',  ( -0.000000000000000000, 1.000000000000000000, -0.000000000000000000 ) ) ;
#4213 = DIRECTION ( 'NONE',  ( -0.000000000000000000, 0.000000000000000000, -1.000000000000000000 ) ) ;
#4214 = ORIENTED_EDGE ( 'NONE', *, *, #3496, .F. ) ;
#4215 = CARTESIAN_POINT ( 'NONE',  ( -35.00000000000000000, -32.00000000000000711, 1.000000000000000000 ) ) ;
#4216 = EDGE_CURVE ( 'NONE', #105, #1608, #1914, .T. ) ;
#4217 = ORIENTED_EDGE ( 'NONE', *, *, #868, .F. ) ;
#4218 =( BOUNDED_CURVE ( )  B_SPLINE_CURVE ( 3, ( #943, #3962, #3281, #2089 ),
 .UNSPECIFIED., .F., .F. ) 
 B_SPLINE_CURVE_WITH_KNOTS ( ( 4, 4 ),
 ( 0.000000000000000000, 1.570796326794896558 ),
 .UNSPECIFIED. ) 
 CURVE ( )  GEOMETRIC_REPRESENTATION_ITEM ( )  RATIONAL_B_SPLINE_CURVE ( ( 1.000000000000000000, 0.8047378541243649375, 0.8047378541243649375, 1.000000000000000000 ) ) 
 REPRESENTATION_ITEM ( '' )  );
#4219 = AXIS2_PLACEMENT_3D ( 'NONE', #696, #1876, #1420 ) ;
#4220 = VECTOR ( 'NONE', #164, 1000.000000000000000 ) ;
#4221 = EDGE_LOOP ( 'NONE', ( #3030, #1676, #1698, #924 ) ) ;
#4222 = EDGE_CURVE ( 'NONE', #1427, #832, #804, .T. ) ;
#4223 = VECTOR ( 'NONE', #1204, 1000.000000000000000 ) ;
#4224 = DIRECTION ( 'NONE',  ( -1.000000000000000000, 6.878321229954416420E-32, 1.982541115402065603E-16 ) ) ;
#4225 = VECTOR ( 'NONE', #722, 999.9999999999998863 ) ;
#4226 = CARTESIAN_POINT ( 'NONE',  ( 35.00000000000000000, 10.00000000000000178, 14.99999999999998579 ) ) ;
#4227 = ORIENTED_EDGE ( 'NONE', *, *, #3353, .T. ) ;
#4228 = ORIENTED_EDGE ( 'NONE', *, *, #3374, .T. ) ;
#4229 = CIRCLE ( 'NONE', #2088, 1.000000000000000000 ) ;
#4230 = CARTESIAN_POINT ( 'NONE',  ( -26.99999999999997868, -50.33922322702763807, 101.1961161351381833 ) ) ;
#4231 = VECTOR ( 'NONE', #3104, 1000.000000000000000 ) ;
#4232 = DIRECTION ( 'NONE',  ( 0.000000000000000000, 0.000000000000000000, -1.000000000000000000 ) ) ;
#4233 = EDGE_CURVE ( 'NONE', #762, #4176, #4878, .T. ) ;
#4234 = DIRECTION ( 'NONE',  ( 0.000000000000000000, 0.000000000000000000, -1.000000000000000000 ) ) ;
#4235 = PLANE ( 'NONE',  #2334 ) ;
#4236 = VERTEX_POINT ( 'NONE', #101 ) ;
#4237 = EDGE_CURVE ( 'NONE', #3141, #2156, #4638, .T. ) ;
#4238 = APPROVAL_DATE_TIME ( #2301, #2863 ) ;
#4239 = CIRCLE ( 'NONE', #3064, 1.000000000000000888 ) ;
#4240 = CARTESIAN_POINT ( 'NONE',  ( -25.00000000000000355, -58.50000000000000000, 29.99999999999998579 ) ) ;
#4241 = CYLINDRICAL_SURFACE ( 'NONE', #4803, 1.000000000000000888 ) ;
#4242 = LINE ( 'NONE', #4087, #4625 ) ;
#4243 = CIRCLE ( 'NONE', #2100, 3.774999999999959055 ) ;
#4244 = DIRECTION ( 'NONE',  ( 0.000000000000000000, 0.000000000000000000, -1.000000000000000000 ) ) ;
#4245 = VERTEX_POINT ( 'NONE', #1611 ) ;
#4246 = ORIENTED_EDGE ( 'NONE', *, *, #3815, .F. ) ;
#4247 = CIRCLE ( 'NONE', #4876, 1.000000000000000888 ) ;
#4248 = VERTEX_POINT ( 'NONE', #4894 ) ;
#4249 = VECTOR ( 'NONE', #1337, 1000.000000000000000 ) ;
#4250 = DIRECTION ( 'NONE',  ( 0.000000000000000000, 0.000000000000000000, -1.000000000000000000 ) ) ;
#4251 =( BOUNDED_CURVE ( )  B_SPLINE_CURVE ( 3, ( #2338, #95, #2752, #2437 ),
 .UNSPECIFIED., .F., .T. ) 
 B_SPLINE_CURVE_WITH_KNOTS ( ( 4, 4 ),
 ( 1.570796326794896780, 3.141592653589796669 ),
 .UNSPECIFIED. ) 
 CURVE ( )  GEOMETRIC_REPRESENTATION_ITEM ( )  RATIONAL_B_SPLINE_CURVE ( ( 1.000000000000000000, 0.8047378541243641603, 0.8047378541243641603, 1.000000000000000000 ) ) 
 REPRESENTATION_ITEM ( '' )  );
#4252 = CARTESIAN_POINT ( 'NONE',  ( -33.99999999999995737, -50.49999999999999289, 96.99999999999997158 ) ) ;
#4253 = EDGE_LOOP ( 'NONE', ( #3225, #1877 ) ) ;
#4254 = ADVANCED_FACE ( 'NONE', ( #442 ), #796, .T. ) ;
#4255 = AXIS2_PLACEMENT_3D ( 'NONE', #2691, #1619, #4186 ) ;
#4256 = ADVANCED_FACE ( 'NONE', ( #2233 ), #2265, .F. ) ;
#4257 = EDGE_CURVE ( 'NONE', #2135, #4248, #1182, .T. ) ;
#4258 = EDGE_LOOP ( 'NONE', ( #157, #3807, #3237, #3305 ) ) ;
#4259 = ORIENTED_EDGE ( 'NONE', *, *, #1112, .F. ) ;
#4260 = AXIS2_PLACEMENT_3D ( 'NONE', #2325, #4591, #3544 ) ;
#4261 = DIRECTION ( 'NONE',  ( -1.000000000000000000, -0.000000000000000000, 0.000000000000000000 ) ) ;
#4262 = CYLINDRICAL_SURFACE ( 'NONE', #865, 1.000000000000000888 ) ;
#4263 = LINE ( 'NONE', #3887, #4637 ) ;
#4264 = CARTESIAN_POINT ( 'NONE',  ( -24.41421356237307450, -49.49999999999998579, 96.99999999999995737 ) ) ;
#4265 = ORIENTED_EDGE ( 'NONE', *, *, #2099, .T. ) ;
#4266 = SECURITY_CLASSIFICATION_LEVEL ( 'unclassified' ) ;
#4267 = LINE ( 'NONE', #3872, #131 ) ;
#4268 = ADVANCED_FACE ( 'NONE', ( #3029 ), #3732, .T. ) ;
#4269 = EDGE_CURVE ( 'NONE', #2291, #1579, #43, .T. ) ;
#4270 = LINE ( 'NONE', #2378, #3698 ) ;
#4271 = DIRECTION ( 'NONE',  ( -0.000000000000000000, 1.000000000000000000, -0.000000000000000000 ) ) ;
#4272 = CARTESIAN_POINT ( 'NONE',  ( 11.50000000000000178, 6.000000000000004441, 29.58578643762690064 ) ) ;
#4273 = ORIENTED_EDGE ( 'NONE', *, *, #3269, .F. ) ;
#4274 = CARTESIAN_POINT ( 'NONE',  ( 25.00000000000785150, -49.99159254346694325, 99.45796271733472338 ) ) ;
#4275 = ADVANCED_FACE ( 'NONE', ( #2310 ), #4197, .T. ) ;
#4276 = EDGE_LOOP ( 'NONE', ( #294, #2048, #1019, #2445 ) ) ;
#4277 = VERTEX_POINT ( 'NONE', #2978 ) ;
#4278 = VERTEX_POINT ( 'NONE', #776 ) ;
#4279 = VERTEX_POINT ( 'NONE', #1155 ) ;
#4280 = ORIENTED_EDGE ( 'NONE', *, *, #3041, .F. ) ;
#4281 =( BOUNDED_CURVE ( )  B_SPLINE_CURVE ( 3, ( #1170, #4518, #1116, #2640 ),
 .UNSPECIFIED., .F., .T. ) 
 B_SPLINE_CURVE_WITH_KNOTS ( ( 4, 4 ),
 ( 0.000000000000000000, 1.570796326794896558 ),
 .UNSPECIFIED. ) 
 CURVE ( )  GEOMETRIC_REPRESENTATION_ITEM ( )  RATIONAL_B_SPLINE_CURVE ( ( 1.000000000000000000, 0.8047378541243649375, 0.8047378541243649375, 1.000000000000000000 ) ) 
 REPRESENTATION_ITEM ( '' )  );
#4282 = CARTESIAN_POINT ( 'NONE',  ( -34.99999999999999289, -47.00000000000000000, 31.00000000000000000 ) ) ;
#4283 = CARTESIAN_POINT ( 'NONE',  ( -34.54320813390319245, -50.22850185639341447, 100.6425092819716554 ) ) ;
#4284 = LINE ( 'NONE', #2426, #3448 ) ;
#4285 = DIRECTION ( 'NONE',  ( -0.000000000000000000, -1.000000000000000000, -0.000000000000000000 ) ) ;
#4286 = VERTEX_POINT ( 'NONE', #2290 ) ;
#4287 = APPROVAL_ROLE ( '' ) ;
#4288 = CARTESIAN_POINT ( 'NONE',  ( 35.00000000000000000, -51.50000000000000000, 97.99999999999997158 ) ) ;
#4289 = DIRECTION ( 'NONE',  ( 0.000000000000000000, 0.000000000000000000, 1.000000000000000000 ) ) ;
#4290 = FACE_OUTER_BOUND ( 'NONE', #159, .T. ) ;
#4291 = ADVANCED_FACE ( 'NONE', ( #3788 ), #343, .F. ) ;
#4292 = CARTESIAN_POINT ( 'NONE',  ( 35.00000000000000000, -47.00000000000002842, 14.99999999999998579 ) ) ;
#4293 = ORIENTED_EDGE ( 'NONE', *, *, #4438, .T. ) ;
#4294 = VECTOR ( 'NONE', #375, 999.9999999999998863 ) ;
#4295 = EDGE_CURVE ( 'NONE', #4533, #3905, #2603, .T. ) ;
#4296 = VECTOR ( 'NONE', #49, 1000.000000000000000 ) ;
#4297 = ORIENTED_EDGE ( 'NONE', *, *, #3341, .T. ) ;
#4298 = ADVANCED_FACE ( 'NONE', ( #4530 ), #766, .T. ) ;
#4299 = ORIENTED_EDGE ( 'NONE', *, *, #891, .F. ) ;
#4300 = AXIS2_PLACEMENT_3D ( 'NONE', #4772, #3945, #3631 ) ;
#4301 = EDGE_LOOP ( 'NONE', ( #4822, #962, #15, #3653 ) ) ;
#4302 = ORIENTED_EDGE ( 'NONE', *, *, #23, .T. ) ;
#4303 = DIRECTION ( 'NONE',  ( -1.000000000000000000, 0.000000000000000000, 0.000000000000000000 ) ) ;
#4304 = FACE_OUTER_BOUND ( 'NONE', #187, .T. ) ;
#4305 = EDGE_CURVE ( 'NONE', #4236, #3016, #1371, .T. ) ;
#4306 = VECTOR ( 'NONE', #906, 1000.000000000000000 ) ;
#4307 = VECTOR ( 'NONE', #1953, 1000.000000000000000 ) ;
#4308 = CARTESIAN_POINT ( 'NONE',  ( -60.00000000000000711, -34.00000000000000000, 29.00000000000000000 ) ) ;
#4310 = ORIENTED_EDGE ( 'NONE', *, *, #592, .T. ) ;
#4309 = AXIS2_PLACEMENT_3D ( 'NONE', #3003, #1505, #1902 ) ;
#4311 = DIRECTION ( 'NONE',  ( 0.000000000000000000, -0.000000000000000000, -1.000000000000000000 ) ) ;
#4312 = CARTESIAN_POINT ( 'NONE',  ( -34.99999999999999289, 10.00000000000000000, 30.00000000000000000 ) ) ;
#4313 = CARTESIAN_POINT ( 'NONE',  ( 35.00000000000000000, 10.00000000000000178, 17.77499999999998437 ) ) ;
#4314 = CIRCLE ( 'NONE', #47, 1.600000000000000755 ) ;
#4315 = DIRECTION ( 'NONE',  ( 0.000000000000000000, 1.000000000000000000, 0.000000000000000000 ) ) ;
#4316 = ORIENTED_EDGE ( 'NONE', *, *, #4088, .T. ) ;
#4317 = CARTESIAN_POINT ( 'NONE',  ( -44.00000000000000711, 10.00000000000000000, 1.000000000000001776 ) ) ;
#4318 = EDGE_LOOP ( 'NONE', ( #2030, #1349, #3948, #3898 ) ) ;
#4319 = VECTOR ( 'NONE', #1521, 1000.000000000000000 ) ;
#4320 = ORIENTED_EDGE ( 'NONE', *, *, #4498, .F. ) ;
#4321 = ADVANCED_FACE ( 'NONE', ( #3357 ), #396, .T. ) ;
#4322 = CARTESIAN_POINT ( 'NONE',  ( 23.00000000000001421, -1.000000000000000888, 0.9999999999999904521 ) ) ;
#4323 = VECTOR ( 'NONE', #3687, 1000.000000000000000 ) ;
#4324 = VECTOR ( 'NONE', #739, 1000.000000000000000 ) ;
#4325 = ORIENTED_EDGE ( 'NONE', *, *, #2832, .T. ) ;
#4326 = EDGE_LOOP ( 'NONE', ( #3703, #3238, #2491, #1807 ) ) ;
#4327 = EDGE_CURVE ( 'NONE', #878, #3241, #2357, .T. ) ;
#4328 = CARTESIAN_POINT ( 'NONE',  ( 34.58578643762690774, -50.50000000000000000, 46.99999999999998579 ) ) ;
#4329 = ORIENTED_EDGE ( 'NONE', *, *, #1391, .F. ) ;
#4330 = CARTESIAN_POINT ( 'NONE',  ( -34.31373185151229421, -50.29032701617115464, 100.9516350808593188 ) ) ;
#4331 = ADVANCED_FACE ( 'NONE', ( #4553 ), #417, .T. ) ;
#4332 = CARTESIAN_POINT ( 'NONE',  ( -25.00000000000001421, -47.00000000000000000, 0.9999999999999983347 ) ) ;
#4333 = VERTEX_POINT ( 'NONE', #2701 ) ;
#4334 = AXIS2_PLACEMENT_3D ( 'NONE', #3005, #2678, #4118 ) ;
#4335 = CARTESIAN_POINT ( 'NONE',  ( 23.99999999999997158, -50.91421356237309226, 97.41421356237307805 ) ) ;
#4336 = CARTESIAN_POINT ( 'NONE',  ( -24.00000000000000355, -48.00000000000000000, 29.99999999999998579 ) ) ;
#4337 = DIRECTION ( 'NONE',  ( 0.000000000000000000, 0.000000000000000000, 1.000000000000000000 ) ) ;
#4338 = CARTESIAN_POINT ( 'NONE',  ( 35.00000000000000000, -58.49999999999999289, 37.99999999999999289 ) ) ;
#4339 = ORIENTED_EDGE ( 'NONE', *, *, #837, .T. ) ;
#4340 = AXIS2_PLACEMENT_3D ( 'NONE', #1523, #4545, #34 ) ;
#4341 = DIRECTION ( 'NONE',  ( -3.469446951953615668E-16, 0.000000000000000000, -1.000000000000000000 ) ) ;
#4342 = DIRECTION ( 'NONE',  ( 1.000000000000000000, -0.000000000000000000, 1.156482317317871725E-16 ) ) ;
#4343 = CARTESIAN_POINT ( 'NONE',  ( 24.00000000000000711, -50.49999999999999289, 46.99999999999999289 ) ) ;
#4344 = ORIENTED_EDGE ( 'NONE', *, *, #3203, .T. ) ;
#4345 = AXIS2_PLACEMENT_3D ( 'NONE', #2912, #1717, #4410 ) ;
#4346 = ORIENTED_EDGE ( 'NONE', *, *, #1237, .F. ) ;
#4347 = ORIENTED_EDGE ( 'NONE', *, *, #565, .T. ) ;
#4348 = VERTEX_POINT ( 'NONE', #790 ) ;
#4349 = CARTESIAN_POINT ( 'NONE',  ( 45.00000000000000711, 9.000000000000001776, 28.99999999999998224 ) ) ;
#4350 = ORIENTED_EDGE ( 'NONE', *, *, #273, .F. ) ;
#4351 = CARTESIAN_POINT ( 'NONE',  ( -34.99999999999995737, -49.93922322702763950, 99.19611613513818327 ) ) ;
#4352 = DIRECTION ( 'NONE',  ( 3.469446951953615668E-16, 1.094278377492748201E-31, -1.000000000000000000 ) ) ;
#4353 = DIRECTION ( 'NONE',  ( -0.000000000000000000, -1.000000000000000000, -0.000000000000000000 ) ) ;
#4354 = ORIENTED_EDGE ( 'NONE', *, *, #866, .T. ) ;
#4355 = CARTESIAN_POINT ( 'NONE',  ( 32.74383522531981328, -50.48602097295560043, 101.9301048647861023 ) ) ;
#4356 = DIRECTION ( 'NONE',  ( -1.000000000000000000, 0.000000000000000000, 0.000000000000000000 ) ) ;
#4357 = CARTESIAN_POINT ( 'NONE',  ( -45.00000000000000711, 10.00000000000000000, 1.000000000000001776 ) ) ;
#4358 = CARTESIAN_POINT ( 'NONE',  ( -1.635470401144051918E-31, 6.000000000000001776, 17.24999999999998934 ) ) ;
#4359 = CARTESIAN_POINT ( 'NONE',  ( 44.58578643762690774, -48.00000000000000000, -1.438320682539103229E-14 ) ) ;
#4360 = CYLINDRICAL_SURFACE ( 'NONE', #2399, 1.000000000000000888 ) ;
#4361 = DIRECTION ( 'NONE',  ( -1.000000000000000000, -0.000000000000000000, -0.000000000000000000 ) ) ;
#4362 = ADVANCED_FACE ( 'NONE', ( #335 ), #3753, .T. ) ;
#4363 = VECTOR ( 'NONE', #2952, 1000.000000000000000 ) ;
#4364 = ORIENTED_EDGE ( 'NONE', *, *, #3815, .T. ) ;
#4365 = CARTESIAN_POINT ( 'NONE',  ( -26.47650422126215020, -50.32881229686478264, 101.1440614843239274 ) ) ;
#4366 = VERTEX_POINT ( 'NONE', #3043 ) ;
#4367 = CARTESIAN_POINT ( 'NONE',  ( 23.99999999999999289, -43.91421356237309226, 46.58578643762689353 ) ) ;
#4368 = EDGE_CURVE ( 'NONE', #472, #3077, #3724, .T. ) ;
#4369 = VERTEX_POINT ( 'NONE', #2204 ) ;
#4370 = ORIENTED_EDGE ( 'NONE', *, *, #969, .T. ) ;
#4371 = DIRECTION ( 'NONE',  ( -0.000000000000000000, 1.000000000000000000, -0.000000000000000000 ) ) ;
#4372 = AXIS2_PLACEMENT_3D ( 'NONE', #1014, #1701, #2870 ) ;
#4373 = ORIENTED_EDGE ( 'NONE', *, *, #129, .F. ) ;
#4374 = DIRECTION ( 'NONE',  ( 1.982541115402064124E-16, 0.000000000000000000, 1.000000000000000000 ) ) ;
#4375 = DIRECTION ( 'NONE',  ( 3.469446951953615668E-16, 0.000000000000000000, -1.000000000000000000 ) ) ;
#4376 = AXIS2_PLACEMENT_3D ( 'NONE', #641, #4616, #4818 ) ;
#4377 = ORIENTED_EDGE ( 'NONE', *, *, #1851, .F. ) ;
#4378 = CARTESIAN_POINT ( 'NONE',  ( 24.41421356237307094, -50.50000000000000000, 96.99999999999994316 ) ) ;
#4379 = CARTESIAN_POINT ( 'NONE',  ( 23.99999999999997868, -50.71980390271854588, 97.99999999999997158 ) ) ;
#4380 = VECTOR ( 'NONE', #1670, 1000.000000000000000 ) ;
#4381 = DIRECTION ( 'NONE',  ( 1.885568995626964287E-16, -1.000000000000000000, -0.000000000000000000 ) ) ;
#4382 = CIRCLE ( 'NONE', #4128, 2.774999999999999467 ) ;
#4383 = EDGE_CURVE ( 'NONE', #3141, #4650, #3622, .T. ) ;
#4384 = PLANE ( 'NONE',  #1144 ) ;
#4385 = LINE ( 'NONE', #1691, #78 ) ;
#4386 = DIRECTION ( 'NONE',  ( 0.000000000000000000, 0.000000000000000000, 1.000000000000000000 ) ) ;
#4387 = DIRECTION ( 'NONE',  ( -0.000000000000000000, -1.000000000000000000, -0.000000000000000000 ) ) ;
#4388 = ORIENTED_EDGE ( 'NONE', *, *, #3564, .F. ) ;
#4389 = CARTESIAN_POINT ( 'NONE',  ( -26.21475633189311338, -51.30939297255606135, 101.9219180237797104 ) ) ;
#4390 = VERTEX_POINT ( 'NONE', #1549 ) ;
#4391 = AXIS2_PLACEMENT_3D ( 'NONE', #3610, #4353, #3266 ) ;
#4392 = DIRECTION ( 'NONE',  ( 0.000000000000000000, 0.000000000000000000, -1.000000000000000000 ) ) ;
#4393 = ORIENTED_EDGE ( 'NONE', *, *, #2004, .T. ) ;
#4395 = DIRECTION ( 'NONE',  ( -0.000000000000000000, -1.000000000000000000, -0.000000000000000000 ) ) ;
#4394 = CIRCLE ( 'NONE', #2257, 1.600000000000001643 ) ;
#4396 = DIRECTION ( 'NONE',  ( 0.000000000000000000, -1.000000000000000000, 0.000000000000000000 ) ) ;
#4397 = EDGE_LOOP ( 'NONE', ( #2416, #2747, #984, #4814 ) ) ;
#4398 = CARTESIAN_POINT ( 'NONE',  ( -23.99999999999999645, -48.00000000000000000, 45.99999999999999289 ) ) ;
#4399 = CIRCLE ( 'NONE', #3691, 1.999999999999998224 ) ;
#4400 = AXIS2_PLACEMENT_3D ( 'NONE', #2940, #1092, #4859 ) ;
#4401 = EDGE_CURVE ( 'NONE', #105, #3168, #2303, .T. ) ;
#4402 = DIRECTION ( 'NONE',  ( 1.000000000000000000, 0.000000000000000000, 0.000000000000000000 ) ) ;
#4403 = ORIENTED_EDGE ( 'NONE', *, *, #2897, .F. ) ;
#4404 = CARTESIAN_POINT ( 'NONE',  ( 32.39276987298620014, -51.31980390271764492, 102.0000000000000000 ) ) ;
#4405 = AXIS2_PLACEMENT_3D ( 'NONE', #3775, #3403, #385 ) ;
#4406 = DIRECTION ( 'NONE',  ( -1.000000000000000000, -0.000000000000000000, 1.982541115402065603E-16 ) ) ;
#4407 = CARTESIAN_POINT ( 'NONE',  ( -35.00000000000000000, 10.00000000000000000, 0.000000000000000000 ) ) ;
#4408 =( BOUNDED_CURVE ( )  B_SPLINE_CURVE ( 3, ( #1973, #107, #1897, #11 ),
 .UNSPECIFIED., .F., .F. ) 
 B_SPLINE_CURVE_WITH_KNOTS ( ( 4, 4 ),
 ( 3.141592653589792672, 4.712388980384689674 ),
 .UNSPECIFIED. ) 
 CURVE ( )  GEOMETRIC_REPRESENTATION_ITEM ( )  RATIONAL_B_SPLINE_CURVE ( ( 1.000000000000000000, 0.8047378541243649375, 0.8047378541243649375, 1.000000000000000000 ) ) 
 REPRESENTATION_ITEM ( '' )  );
#4409 = DIRECTION ( 'NONE',  ( 2.268048424280313797E-17, -0.9805806756909203337, -0.1961161351381835172 ) ) ;
#4410 = DIRECTION ( 'NONE',  ( 0.000000000000000000, 0.000000000000000000, -1.000000000000000000 ) ) ;
#4411 = APPROVAL_PERSON_ORGANIZATION ( #1572, #2863, #4684 ) ;
#4412 = EDGE_CURVE ( 'NONE', #67, #1222, #434, .T. ) ;
#4413 = CARTESIAN_POINT ( 'NONE',  ( 34.92191802394986411, -51.02450305841116318, 99.78524366769609344 ) ) ;
#4414 = LINE ( 'NONE', #4108, #3381 ) ;
#4415 = ORIENTED_EDGE ( 'NONE', *, *, #1082, .T. ) ;
#4416 = EDGE_CURVE ( 'NONE', #870, #1968, #389, .T. ) ;
#4417 = ORIENTED_EDGE ( 'NONE', *, *, #2501, .F. ) ;
#4418 = CARTESIAN_POINT ( 'NONE',  ( 36.00000000000000711, -47.00000000000000000, 29.99999999999998579 ) ) ;
#4419 = ORIENTED_EDGE ( 'NONE', *, *, #4805, .F. ) ;
#4420 = CARTESIAN_POINT ( 'NONE',  ( -24.00000000000000711, -59.50000000000000000, 36.99999999999999289 ) ) ;
#4421 = ORIENTED_EDGE ( 'NONE', *, *, #1518, .F. ) ;
#4422 = LINE ( 'NONE', #3682, #4124 ) ;
#4423 = FACE_OUTER_BOUND ( 'NONE', #16, .T. ) ;
#4424 = EDGE_LOOP ( 'NONE', ( #4695, #96, #2941, #3260 ) ) ;
#4425 = CARTESIAN_POINT ( 'NONE',  ( -45.00000000000000711, -47.00000000000000000, 1.734723475976807094E-15 ) ) ;
#4426 = ADVANCED_FACE ( 'NONE', ( #2692 ), #2996, .T. ) ;
#4427 = CARTESIAN_POINT ( 'NONE',  ( 25.00000000000000355, -44.50000000000000000, 29.99999999999998579 ) ) ;
#4428 = DIRECTION ( 'NONE',  ( -0.000000000000000000, -0.000000000000000000, -1.000000000000000000 ) ) ;
#4429 = LINE ( 'NONE', #1026, #4143 ) ;
#4430 = LINE ( 'NONE', #4050, #3804 ) ;
#4431 =( BOUNDED_CURVE ( )  B_SPLINE_CURVE ( 3, ( #2904, #2529, #4025, #573 ),
 .UNSPECIFIED., .F., .T. ) 
 B_SPLINE_CURVE_WITH_KNOTS ( ( 4, 4 ),
 ( 3.141592653589796225, 4.712388980384689674 ),
 .UNSPECIFIED. ) 
 CURVE ( )  GEOMETRIC_REPRESENTATION_ITEM ( )  RATIONAL_B_SPLINE_CURVE ( ( 1.000000000000000000, 0.8047378541243658256, 0.8047378541243658256, 1.000000000000000000 ) ) 
 REPRESENTATION_ITEM ( '' )  );
#4432 = CARTESIAN_POINT ( 'NONE',  ( 34.62135917111785943, -51.12125149291802018, 100.5108569264944123 ) ) ;
#4433 = CARTESIAN_POINT ( 'NONE',  ( 26.99999999999997868, -59.50000000000000000, 98.99999999999998579 ) ) ;
#4434 = DIRECTION ( 'NONE',  ( 0.000000000000000000, 0.000000000000000000, 1.000000000000000000 ) ) ;
#4435 = EDGE_CURVE ( 'NONE', #3206, #3674, #2253, .T. ) ;
#4436 = VERTEX_POINT ( 'NONE', #4188 ) ;
#4437 = ORIENTED_EDGE ( 'NONE', *, *, #235, .T. ) ;
#4438 = EDGE_CURVE ( 'NONE', #2156, #4279, #4521, .T. ) ;
#4439 = CYLINDRICAL_SURFACE ( 'NONE', #268, 1.000000000000000888 ) ;
#4440 = ADVANCED_FACE ( 'NONE', ( #1871, #1500 ), #2224, .F. ) ;
#4441 = CIRCLE ( 'NONE', #2953, 1.000000000000000888 ) ;
#4442 = ORIENTED_EDGE ( 'NONE', *, *, #3024, .F. ) ;
#4443 = DIRECTION ( 'NONE',  ( 0.000000000000000000, 0.000000000000000000, -1.000000000000000000 ) ) ;
#4444 = CARTESIAN_POINT ( 'NONE',  ( -24.99999999999999289, -43.50000000000000000, 46.99999999999999289 ) ) ;
#4445 = ORIENTED_EDGE ( 'NONE', *, *, #2947, .F. ) ;
#4446 = CARTESIAN_POINT ( 'NONE',  ( -35.00000000000000000, -46.99999999999988631, 14.99999999999998579 ) ) ;
#4447 = LINE ( 'NONE', #679, #3857 ) ;
#4448 = ORIENTED_EDGE ( 'NONE', *, *, #1758, .F. ) ;
#4449 = CARTESIAN_POINT ( 'NONE',  ( -24.00000000000000355, -1.000000000000000000, 29.99999999999999645 ) ) ;
#4450 = DIRECTION ( 'NONE',  ( 1.000000000000000000, 0.000000000000000000, -1.836970198721029688E-16 ) ) ;
#4451 = DIRECTION ( 'NONE',  ( 0.000000000000000000, -1.000000000000000000, 0.000000000000000000 ) ) ;
#4452 = FACE_OUTER_BOUND ( 'NONE', #2795, .T. ) ;
#4453 = PLANE ( 'NONE',  #1227 ) ;
#4454 = DIRECTION ( 'NONE',  ( -1.000000000000000000, 0.000000000000000000, -0.000000000000000000 ) ) ;
#4455 = CARTESIAN_POINT ( 'NONE',  ( 24.00000000000000711, -59.50000000000000000, 36.99999999999999289 ) ) ;
#4456 = AXIS2_PLACEMENT_3D ( 'NONE', #2973, #4212, #460 ) ;
#4457 = CC_DESIGN_DATE_AND_TIME_ASSIGNMENT ( #2712, #859, ( #3932 ) ) ;
#4458 = CARTESIAN_POINT ( 'NONE',  ( 35.00000000000000000, -50.71980390271855299, 97.99999999999997158 ) ) ;
#4459 = CYLINDRICAL_SURFACE ( 'NONE', #3291, 1.000000000000000888 ) ;
#4460 = DIRECTION ( 'NONE',  ( 1.000000000000000000, 0.000000000000000000, -1.982541115402065603E-16 ) ) ;
#4461 =( BOUNDED_CURVE ( )  B_SPLINE_CURVE ( 3, ( #3015, #3717, #1461, #3420 ),
 .UNSPECIFIED., .F., .T. ) 
 B_SPLINE_CURVE_WITH_KNOTS ( ( 4, 4 ),
 ( 3.141592653589790007, 4.712388980384688786 ),
 .UNSPECIFIED. ) 
 CURVE ( )  GEOMETRIC_REPRESENTATION_ITEM ( )  RATIONAL_B_SPLINE_CURVE ( ( 1.000000000000000000, 0.8047378541243644934, 0.8047378541243644934, 1.000000000000000000 ) ) 
 REPRESENTATION_ITEM ( '' )  );
#4462 = CARTESIAN_POINT ( 'NONE',  ( 0.000000000000000000, -48.00000000000000000, 0.000000000000000000 ) ) ;
#4463 = VERTEX_POINT ( 'NONE', #3778 ) ;
#4464 = CIRCLE ( 'NONE', #191, 2.000000000000001776 ) ;
#4465 = CARTESIAN_POINT ( 'NONE',  ( 26.21475633189245968, -51.30939297255606846, 101.9219180237794404 ) ) ;
#4466 = AXIS2_PLACEMENT_3D ( 'NONE', #4682, #2802, #2348 ) ;
#4467 = ORIENTED_EDGE ( 'NONE', *, *, #4813, .T. ) ;
#4468 = CYLINDRICAL_SURFACE ( 'NONE', #2019, 1.000000000000000888 ) ;
#4469 = VERTEX_POINT ( 'NONE', #1121 ) ;
#4470 = DIRECTION ( 'NONE',  ( -1.000000000000000000, 0.000000000000000000, 0.000000000000000000 ) ) ;
#4471 = LINE ( 'NONE', #4064, #1045 ) ;
#4472 = AXIS2_PLACEMENT_3D ( 'NONE', #4215, #1218, #2284 ) ;
#4473 = EDGE_CURVE ( 'NONE', #1226, #3856, #4084, .T. ) ;
#4474 = DIRECTION ( 'NONE',  ( -2.891205793294678819E-16, 1.000000000000000000, 0.000000000000000000 ) ) ;
#4475 = ORIENTED_EDGE ( 'NONE', *, *, #592, .F. ) ;
#4476 = CARTESIAN_POINT ( 'NONE',  ( 11.50000000000000355, 6.000000000000004441, -1.387778780781445676E-14 ) ) ;
#4477 = EDGE_CURVE ( 'NONE', #73, #1658, #2645, .T. ) ;
#4478 = AXIS2_PLACEMENT_3D ( 'NONE', #4433, #4811, #2618 ) ;
#4479 = EDGE_CURVE ( 'NONE', #2523, #3044, #1898, .T. ) ;
#4480 = DIRECTION ( 'NONE',  ( 3.469446951953615668E-16, 1.094278377492748201E-31, -1.000000000000000000 ) ) ;
#4481 = ORIENTED_EDGE ( 'NONE', *, *, #1011, .T. ) ;
#4482 = CARTESIAN_POINT ( 'NONE',  ( 23.99999999999997868, -50.91980390271855583, 98.99999999999998579 ) ) ;
#4483 = EDGE_CURVE ( 'NONE', #2135, #2817, #1411, .T. ) ;
#4484 = CIRCLE ( 'NONE', #2995, 1.000000000000000888 ) ;
#4485 = DIRECTION ( 'NONE',  ( 0.000000000000000000, 0.000000000000000000, -1.000000000000000000 ) ) ;
#4486 = CARTESIAN_POINT ( 'NONE',  ( 24.00000000000000000, -47.00000000000000000, 37.99999999999999289 ) ) ;
#4487 = DIRECTION ( 'NONE',  ( 0.000000000000000000, 1.000000000000000000, 0.000000000000000000 ) ) ;
#4488 = CARTESIAN_POINT ( 'NONE',  ( -59.00000000000000711, -31.00000000000001066, 1.000000000000003997 ) ) ;
#4489 = CIRCLE ( 'NONE', #3146, 1.000000000000000888 ) ;
#4490 = FACE_OUTER_BOUND ( 'NONE', #2931, .T. ) ;
#4491 = DIRECTION ( 'NONE',  ( -1.000000000000000000, 0.000000000000000000, 0.000000000000000000 ) ) ;
#4492 = DIRECTION ( 'NONE',  ( -2.891205793294678819E-16, 1.000000000000000000, 5.731934358295346469E-32 ) ) ;
#4493 = VECTOR ( 'NONE', #4831, 1000.000000000000000 ) ;
#4494 = CARTESIAN_POINT ( 'NONE',  ( -60.00000000000000711, -31.00000000000000000, 29.00000000000000000 ) ) ;
#4495 = ORIENTED_EDGE ( 'NONE', *, *, #2236, .F. ) ;
#4496 = AXIS2_PLACEMENT_3D ( 'NONE', #1482, #1103, #4145 ) ;
#4497 = VERTEX_POINT ( 'NONE', #4162 ) ;
#4498 = EDGE_CURVE ( 'NONE', #3554, #4655, #1734, .T. ) ;
#4499 = CARTESIAN_POINT ( 'NONE',  ( 24.99999999999999645, 0.000000000000000000, 45.99999999999999289 ) ) ;
#4500 =( BOUNDED_CURVE ( )  B_SPLINE_CURVE ( 3, ( #4755, #3933, #2508, #3228 ),
 .UNSPECIFIED., .F., .T. ) 
 B_SPLINE_CURVE_WITH_KNOTS ( ( 4, 4 ),
 ( 0.000000000000000000, 1.570796326794896558 ),
 .UNSPECIFIED. ) 
 CURVE ( )  GEOMETRIC_REPRESENTATION_ITEM ( )  RATIONAL_B_SPLINE_CURVE ( ( 1.000000000000000000, 0.8047378541243649375, 0.8047378541243649375, 1.000000000000000000 ) ) 
 REPRESENTATION_ITEM ( '' )  );
#4501 = ORIENTED_EDGE ( 'NONE', *, *, #189, .F. ) ;
#4502 = DIRECTION ( 'NONE',  ( 1.000000000000000000, 2.891205793294678819E-16, 0.000000000000000000 ) ) ;
#4503 = LINE ( 'NONE', #673, #4225 ) ;
#4504 = DIRECTION ( 'NONE',  ( 0.000000000000000000, 1.000000000000000000, 0.000000000000000000 ) ) ;
#4505 = ORIENTED_EDGE ( 'NONE', *, *, #2461, .T. ) ;
#4506 = DIRECTION ( 'NONE',  ( -1.000000000000000000, -0.000000000000000000, -0.000000000000000000 ) ) ;
#4507 = CONICAL_SURFACE ( 'NONE', #155, 3.774999999999959055, 0.7853981633974415066 ) ;
#4508 = EDGE_CURVE ( 'NONE', #2291, #1039, #2933, .T. ) ;
#4509 = ORIENTED_EDGE ( 'NONE', *, *, #313, .T. ) ;
#4510 = PLANE ( 'NONE',  #2474 ) ;
#4511 = CARTESIAN_POINT ( 'NONE',  ( -59.00000000000000711, -32.00000000000000000, 29.00000000000000000 ) ) ;
#4512 = FACE_OUTER_BOUND ( 'NONE', #1442, .T. ) ;
#4513 = ADVANCED_FACE ( 'NONE', ( #3065 ), #4507, .F. ) ;
#4514 = DIRECTION ( 'NONE',  ( 1.000000000000000000, -0.000000000000000000, -0.000000000000000000 ) ) ;
#4515 = FACE_OUTER_BOUND ( 'NONE', #1177, .T. ) ;
#4516 = CIRCLE ( 'NONE', #238, 5.250000000000000000 ) ;
#4517 = ORIENTED_EDGE ( 'NONE', *, *, #3800, .F. ) ;
#4518 = CARTESIAN_POINT ( 'NONE',  ( 34.58578643762690774, -49.49999999999999289, 96.99999999999994316 ) ) ;
#4519 = LINE ( 'NONE', #1143, #3371 ) ;
#4520 = CARTESIAN_POINT ( 'NONE',  ( 0.000000000000000000, 6.000000000000001776, 19.99999999999999645 ) ) ;
#4521 = LINE ( 'NONE', #2969, #4009 ) ;
#4522 = ORIENTED_EDGE ( 'NONE', *, *, #3928, .T. ) ;
#4523 = EDGE_CURVE ( 'NONE', #3279, #1886, #908, .T. ) ;
#4524 = VERTEX_POINT ( 'NONE', #2022 ) ;
#4525 = CIRCLE ( 'NONE', #2546, 1.599999999999999867 ) ;
#4526 = ORIENTED_EDGE ( 'NONE', *, *, #1336, .F. ) ;
#4527 = CARTESIAN_POINT ( 'NONE',  ( 24.99999999999998224, -50.91980390271855583, 98.99999999999998579 ) ) ;
#4528 = AXIS2_PLACEMENT_3D ( 'NONE', #3633, #1708, #3245 ) ;
#4529 = CARTESIAN_POINT ( 'NONE',  ( 33.17157287525380838, -50.33922322702762386, 101.1961161351381975 ) ) ;
#4530 = FACE_OUTER_BOUND ( 'NONE', #2259, .T. ) ;
#4531 = ORIENTED_EDGE ( 'NONE', *, *, #3627, .T. ) ;
#4532 = PRODUCT_DEFINITION_SHAPE ( 'NONE', 'NONE',  #1313 ) ;
#4533 = VERTEX_POINT ( 'NONE', #3895 ) ;
#4534 = LINE ( 'NONE', #4425, #3115 ) ;
#4535 = CYLINDRICAL_SURFACE ( 'NONE', #4112, 1.000000000000000888 ) ;
#4536 = DIRECTION ( 'NONE',  ( -1.000000000000000000, 0.000000000000000000, 0.000000000000000000 ) ) ;
#4537 = DIRECTION ( 'NONE',  ( 3.469446951953615668E-16, 0.000000000000000000, -1.000000000000000000 ) ) ;
#4538 = CARTESIAN_POINT ( 'NONE',  ( 45.00000000000000711, 9.000000000000001776, 29.99999999999998579 ) ) ;
#4539 = VERTEX_POINT ( 'NONE', #2360 ) ;
#4540 = CYLINDRICAL_SURFACE ( 'NONE', #68, 1.000000000000000888 ) ;
#4541 = CARTESIAN_POINT ( 'NONE',  ( 34.00000000000000000, -58.49999999999999289, -1.285879139104720949E-14 ) ) ;
#4542 = CARTESIAN_POINT ( 'NONE',  ( 24.00000000000000355, -1.000000000000000888, 29.99999999999998579 ) ) ;
#4543 = ADVANCED_FACE ( 'NONE', ( #1651 ), #1216, .T. ) ;
#4544 = EDGE_CURVE ( 'NONE', #2679, #3178, #4688, .T. ) ;
#4545 = DIRECTION ( 'NONE',  ( 1.885568995626964287E-16, -1.000000000000000000, -0.000000000000000000 ) ) ;
#4546 = ORIENTED_EDGE ( 'NONE', *, *, #2848, .T. ) ;
#4547 = CARTESIAN_POINT ( 'NONE',  ( 26.99999999999997868, -50.33922322702763807, 101.1961161351381833 ) ) ;
#4548 = ORIENTED_EDGE ( 'NONE', *, *, #152, .F. ) ;
#4549 = EDGE_LOOP ( 'NONE', ( #4182, #3309, #872, #3998 ) ) ;
#4550 = DIRECTION ( 'NONE',  ( 0.000000000000000000, 0.9805806756909194455, 0.1961161351381880413 ) ) ;
#4551 = AXIS2_PLACEMENT_3D ( 'NONE', #2960, #1389, #251 ) ;
#4552 = CYLINDRICAL_SURFACE ( 'NONE', #1769, 3.000000000000002665 ) ;
#4553 = FACE_OUTER_BOUND ( 'NONE', #2706, .T. ) ;
#4554 = EDGE_LOOP ( 'NONE', ( #2343, #2364, #963, #849 ) ) ;
#4555 = VECTOR ( 'NONE', #4180, 1000.000000000000000 ) ;
#4556 = CARTESIAN_POINT ( 'NONE',  ( -25.05205465069958137, -50.04392238272045290, 99.71961191360222188 ) ) ;
#4557 = ORIENTED_EDGE ( 'NONE', *, *, #94, .T. ) ;
#4558 = CARTESIAN_POINT ( 'NONE',  ( 23.00000000000000355, 0.9999999999999991118, 28.99999999999998934 ) ) ;
#4559 = DIRECTION ( 'NONE',  ( 1.982541115402065603E-16, -0.000000000000000000, 1.000000000000000000 ) ) ;
#4560 = EDGE_CURVE ( 'NONE', #1847, #3674, #3404, .T. ) ;
#4561 = CARTESIAN_POINT ( 'NONE',  ( 0.000000000000000000, 0.000000000000000000, 46.99999999999999289 ) ) ;
#4562 = CARTESIAN_POINT ( 'NONE',  ( 24.99999999999999645, -59.50000000000000000, 46.99999999999999289 ) ) ;
#4563 = CARTESIAN_POINT ( 'NONE',  ( 25.00000000000000000, -48.00000000000000000, 40.99999999999999289 ) ) ;
#4564 = VERTEX_POINT ( 'NONE', #3875 ) ;
#4565 = DIRECTION ( 'NONE',  ( 0.000000000000000000, 0.000000000000000000, 1.000000000000000000 ) ) ;
#4566 = VECTOR ( 'NONE', #4132, 1000.000000000000000 ) ;
#4567 = CARTESIAN_POINT ( 'NONE',  ( 32.00000000000000000, -51.31980390271855441, 100.9999999999999858 ) ) ;
#4568 = DIRECTION ( 'NONE',  ( -1.000000000000000000, 0.000000000000000000, -0.000000000000000000 ) ) ;
#4569 = EDGE_CURVE ( 'NONE', #1131, #3678, #320, .T. ) ;
#4570 = CARTESIAN_POINT ( 'NONE',  ( 24.00000000000000711, -50.49999999999999289, 102.0000000000000000 ) ) ;
#4571 = AXIS2_PLACEMENT_3D ( 'NONE', #4226, #1720, #2515 ) ;
#4572 = ADVANCED_FACE ( 'NONE', ( #2717 ), #3852, .F. ) ;
#4573 = CARTESIAN_POINT ( 'NONE',  ( 34.00000000000000000, -47.49999999999999289, 97.99999999999997158 ) ) ;
#4574 = ORIENTED_EDGE ( 'NONE', *, *, #648, .T. ) ;
#4575 = TOROIDAL_SURFACE ( 'NONE', #3076, 2.000000000000000000, 1.000000000000000000 ) ;
#4576 = ORIENTED_EDGE ( 'NONE', *, *, #891, .T. ) ;
#4577 = VECTOR ( 'NONE', #1856, 1000.000000000000000 ) ;
#4578 = ORIENTED_EDGE ( 'NONE', *, *, #2575, .T. ) ;
#4579 = CYLINDRICAL_SURFACE ( 'NONE', #4309, 0.9999999999999997780 ) ;
#4580 = DIRECTION ( 'NONE',  ( 0.000000000000000000, -1.000000000000000000, 0.000000000000000000 ) ) ;
#4581 = DIRECTION ( 'NONE',  ( 3.154042683594195121E-16, 1.000000000000000000, -0.000000000000000000 ) ) ;
#4582 = ORIENTED_EDGE ( 'NONE', *, *, #4305, .T. ) ;
#4583 = VERTEX_POINT ( 'NONE', #840 ) ;
#4584 = CARTESIAN_POINT ( 'NONE',  ( 1.836970198721017855E-16, 1.000000000000000000, 0.9999999999999935607 ) ) ;
#4585 = DIRECTION ( 'NONE',  ( -0.000000000000000000, -0.000000000000000000, -1.000000000000000000 ) ) ;
#4586 = LINE ( 'NONE', #5, #1808 ) ;
#4587 = DIRECTION ( 'NONE',  ( -0.000000000000000000, -1.000000000000000000, -0.000000000000000000 ) ) ;
#4588 = CYLINDRICAL_SURFACE ( 'NONE', #2900, 1.000000000000000888 ) ;
#4589 = ORIENTED_EDGE ( 'NONE', *, *, #491, .T. ) ;
#4590 = EDGE_CURVE ( 'NONE', #63, #2053, #88, .T. ) ;
#4591 = DIRECTION ( 'NONE',  ( 0.000000000000000000, 0.000000000000000000, 1.000000000000000000 ) ) ;
#4592 = CARTESIAN_POINT ( 'NONE',  ( -23.00000000000001421, -1.000000000000000000, 0.9999999999999978906 ) ) ;
#4593 = DIRECTION ( 'NONE',  ( 0.000000000000000000, 0.000000000000000000, 1.000000000000000000 ) ) ;
#4594 = ADVANCED_FACE ( 'NONE', ( #2000 ), #109, .T. ) ;
#4595 = DIRECTION ( 'NONE',  ( 0.000000000000000000, 0.000000000000000000, -1.000000000000000000 ) ) ;
#4596 = FACE_OUTER_BOUND ( 'NONE', #3963, .T. ) ;
#4597 = VERTEX_POINT ( 'NONE', #4649 ) ;
#4598 = ORIENTED_EDGE ( 'NONE', *, *, #4590, .T. ) ;
#4599 = ADVANCED_FACE ( 'NONE', ( #4596 ), #4104, .T. ) ;
#4600 = VERTEX_POINT ( 'NONE', #1243 ) ;
#4601 = CARTESIAN_POINT ( 'NONE',  ( -44.58578643762690774, -47.58578643762690064, 30.00000000000000355 ) ) ;
#4602 = LINE ( 'NONE', #3210, #1884 ) ;
#4603 = ORIENTED_EDGE ( 'NONE', *, *, #1626, .F. ) ;
#4604 = EDGE_CURVE ( 'NONE', #870, #1156, #4729, .T. ) ;
#4605 = ADVANCED_FACE ( 'NONE', ( #2382 ), #3163, .F. ) ;
#4606 = ORIENTED_EDGE ( 'NONE', *, *, #2320, .T. ) ;
#4607 = CARTESIAN_POINT ( 'NONE',  ( -31.99999999999995381, 10.00000000000000000, 98.99999999999998579 ) ) ;
#4608 = DIRECTION ( 'NONE',  ( 0.000000000000000000, 0.000000000000000000, 1.000000000000000000 ) ) ;
#4609 = DIRECTION ( 'NONE',  ( 0.000000000000000000, 0.000000000000000000, -1.000000000000000000 ) ) ;
#4610 = CARTESIAN_POINT ( 'NONE',  ( -24.00000000000000000, -59.08578643762690064, 37.41421356237308515 ) ) ;
#4611 = FACE_BOUND ( 'NONE', #934, .T. ) ;
#4612 = ORIENTED_EDGE ( 'NONE', *, *, #3377, .F. ) ;
#4613 = APPLICATION_PROTOCOL_DEFINITION ( 'international standard', 'config_control_design', 1994, #1702 ) ;
#4614 = FACE_OUTER_BOUND ( 'NONE', #2227, .T. ) ;
#4615 = DIRECTION ( 'NONE',  ( 0.000000000000000000, -1.000000000000000000, 3.469446951953614189E-16 ) ) ;
#4616 = DIRECTION ( 'NONE',  ( -0.000000000000000000, -1.000000000000000000, -0.000000000000000000 ) ) ;
#4617 = DIRECTION ( 'NONE',  ( 0.000000000000000000, 0.000000000000000000, 1.000000000000000000 ) ) ;
#4618 = ORIENTED_EDGE ( 'NONE', *, *, #2388, .T. ) ;
#4619 = CARTESIAN_POINT ( 'NONE',  ( 24.02535694920673137, -50.01580597545619611, 99.57902987728277822 ) ) ;
#4620 = VECTOR ( 'NONE', #289, 1000.000000000000000 ) ;
#4621 = EDGE_CURVE ( 'NONE', #1732, #2773, #3556, .T. ) ;
#4622 = ORIENTED_EDGE ( 'NONE', *, *, #4030, .F. ) ;
#4623 = ADVANCED_FACE ( 'NONE', ( #3914 ), #3547, .F. ) ;
#4624 = EDGE_CURVE ( 'NONE', #2630, #4390, #1671, .T. ) ;
#4625 = VECTOR ( 'NONE', #4114, 1000.000000000000000 ) ;
#4626 = EDGE_LOOP ( 'NONE', ( #4139, #1725, #2070, #2779 ) ) ;
#4627 = DIRECTION ( 'NONE',  ( 0.000000000000000000, -0.7071067811865474617, -0.7071067811865474617 ) ) ;
#4628 = VECTOR ( 'NONE', #545, 999.9999999999998863 ) ;
#4629 = CARTESIAN_POINT ( 'NONE',  ( -31.99999999999995381, -59.50000000000000000, 100.9999999999999858 ) ) ;
#4630 = EDGE_LOOP ( 'NONE', ( #3481, #3831, #799, #968 ) ) ;
#4631 = VERTEX_POINT ( 'NONE', #1792 ) ;
#4632 = ORIENTED_EDGE ( 'NONE', *, *, #2738, .T. ) ;
#4633 = ADVANCED_FACE ( 'NONE', ( #4758 ), #1766, .T. ) ;
#4634 = EDGE_CURVE ( 'NONE', #4095, #3699, #2886, .T. ) ;
#4635 = LINE ( 'NONE', #3885, #1689 ) ;
#4636 = DIRECTION ( 'NONE',  ( 0.000000000000000000, 0.000000000000000000, -1.000000000000000000 ) ) ;
#4637 = VECTOR ( 'NONE', #2013, 1000.000000000000000 ) ;
#4638 = LINE ( 'NONE', #1232, #3790 ) ;
#4639 = CIRCLE ( 'NONE', #1464, 1.600000000000000755 ) ;
#4640 = LINE ( 'NONE', #1234, #1865 ) ;
#4641 = DIRECTION ( 'NONE',  ( 0.000000000000000000, 1.000000000000000000, 0.000000000000000000 ) ) ;
#4642 = ORIENTED_EDGE ( 'NONE', *, *, #559, .F. ) ;
#4643 = EDGE_CURVE ( 'NONE', #3023, #2523, #4385, .T. ) ;
#4644 =( NAMED_UNIT ( * ) SI_UNIT ( $, .STERADIAN. ) SOLID_ANGLE_UNIT ( ) );
#4645 = CARTESIAN_POINT ( 'NONE',  ( -34.99999999999995737, -51.50000000000000000, 97.99999999999997158 ) ) ;
#4646 = CYLINDRICAL_SURFACE ( 'NONE', #3464, 1.000000000000000888 ) ;
#4647 = LINE ( 'NONE', #2407, #4380 ) ;
#4648 = CIRCLE ( 'NONE', #4716, 1.000000000000000888 ) ;
#4649 = CARTESIAN_POINT ( 'NONE',  ( 36.00000000000000711, -28.99999999999999645, 29.99999999999998579 ) ) ;
#4650 = VERTEX_POINT ( 'NONE', #2558 ) ;
#4651 = VERTEX_POINT ( 'NONE', #252 ) ;
#4652 = CIRCLE ( 'NONE', #3375, 2.000000000000001776 ) ;
#4653 = ORIENTED_EDGE ( 'NONE', *, *, #4233, .T. ) ;
#4654 = VECTOR ( 'NONE', #630, 1000.000000000000000 ) ;
#4655 = VERTEX_POINT ( 'NONE', #3205 ) ;
#4656 = EDGE_CURVE ( 'NONE', #1882, #216, #618, .T. ) ;
#4657 = EDGE_LOOP ( 'NONE', ( #1477, #1062, #2813, #1279 ) ) ;
#4658 = ORIENTED_EDGE ( 'NONE', *, *, #2502, .T. ) ;
#4659 = LOCAL_TIME ( 23, 26, 43.00000000000000000, #1616 ) ;
#4660 = DIRECTION ( 'NONE',  ( -0.000000000000000000, -1.000000000000000000, -0.000000000000000000 ) ) ;
#4661 = CIRCLE ( 'NONE', #220, 1.600000000000000311 ) ;
#4662 = FACE_OUTER_BOUND ( 'NONE', #550, .T. ) ;
#4663 = ADVANCED_FACE ( 'NONE', ( #4005 ), #1344, .T. ) ;
#4664 = CARTESIAN_POINT ( 'NONE',  ( 34.58578643762690774, -43.50000000000000000, 41.99999999999999289 ) ) ;
#4665 = CARTESIAN_POINT ( 'NONE',  ( -44.58578643762690774, 9.585786437626905965, 1.964969489525344515E-15 ) ) ;
#4666 = ORIENTED_EDGE ( 'NONE', *, *, #2305, .T. ) ;
#4667 = DIRECTION ( 'NONE',  ( -1.836970198721029688E-16, 0.000000000000000000, -1.000000000000000000 ) ) ;
#4668 = CYLINDRICAL_SURFACE ( 'NONE', #843, 1.000000000000000888 ) ;
#4669 = EDGE_CURVE ( 'NONE', #1600, #3733, #2483, .T. ) ;
#4670 = EDGE_CURVE ( 'NONE', #3600, #2776, #3588, .T. ) ;
#4671 = AXIS2_PLACEMENT_3D ( 'NONE', #409, #1923, #3427 ) ;
#4672 = CARTESIAN_POINT ( 'NONE',  ( 24.00000000000000355, -27.00000000000000000, 30.99999999999998934 ) ) ;
#4673 = ORIENTED_EDGE ( 'NONE', *, *, #624, .F. ) ;
#4674 = EDGE_LOOP ( 'NONE', ( #1615, #2256, #435, #522 ) ) ;
#4675 = ORIENTED_EDGE ( 'NONE', *, *, #3125, .F. ) ;
#4676 = ADVANCED_FACE ( 'NONE', ( #4808 ), #1390, .F. ) ;
#4677 = ORIENTED_EDGE ( 'NONE', *, *, #245, .T. ) ;
#4678 = ORIENTED_EDGE ( 'NONE', *, *, #161, .T. ) ;
#4679 = ORIENTED_EDGE ( 'NONE', *, *, #2161, .T. ) ;
#4680 = LINE ( 'NONE', #2446, #4220 ) ;
#4681 = CARTESIAN_POINT ( 'NONE',  ( -33.99999999998976108, -49.99159254346695747, 99.45796271733478022 ) ) ;
#4682 = CARTESIAN_POINT ( 'NONE',  ( -45.00000000000000711, 0.000000000000000000, 0.000000000000000000 ) ) ;
#4683 = ORIENTED_EDGE ( 'NONE', *, *, #183, .T. ) ;
#4684 = APPROVAL_ROLE ( '' ) ;
#4685 = CARTESIAN_POINT ( 'NONE',  ( 35.00000000000000000, -47.00000000000000000, 29.99999999999998579 ) ) ;
#4686 = DIRECTION ( 'NONE',  ( 0.000000000000000000, 0.000000000000000000, -1.000000000000000000 ) ) ;
#4687 = CYLINDRICAL_SURFACE ( 'NONE', #3440, 1.000000000000002220 ) ;
#4688 = LINE ( 'NONE', #1578, #2617 ) ;
#4689 = EDGE_LOOP ( 'NONE', ( #3597, #3439, #82 ) ) ;
#4690 = DIRECTION ( 'NONE',  ( -1.000000000000000000, 0.000000000000000000, 2.168404344971006896E-16 ) ) ;
#4691 = ADVANCED_FACE ( 'NONE', ( #4710 ), #2695, .T. ) ;
#4692 = EDGE_CURVE ( 'NONE', #514, #4248, #4516, .T. ) ;
#4693 = AXIS2_PLACEMENT_3D ( 'NONE', #3660, #3931, #4706 ) ;
#4694 = ORIENTED_EDGE ( 'NONE', *, *, #2848, .F. ) ;
#4695 = ORIENTED_EDGE ( 'NONE', *, *, #714, .F. ) ;
#4696 = CARTESIAN_POINT ( 'NONE',  ( -45.00000000000000711, -34.00000000000000000, 28.99999999999999645 ) ) ;
#4697 = ORIENTED_EDGE ( 'NONE', *, *, #2731, .T. ) ;
#4698 = VERTEX_POINT ( 'NONE', #2104 ) ;
#4699 = AXIS2_PLACEMENT_3D ( 'NONE', #1806, #2186, #4821 ) ;
#4700 = CARTESIAN_POINT ( 'NONE',  ( 35.00000000000000000, -50.91421356237309226, 46.58578643762689353 ) ) ;
#4701 = CARTESIAN_POINT ( 'NONE',  ( -31.99999999999995381, -50.50000000000000000, 101.9999999999999716 ) ) ;
#4702 = CIRCLE ( 'NONE', #2570, 1.600000000000000089 ) ;
#4703 = CC_DESIGN_PERSON_AND_ORGANIZATION_ASSIGNMENT ( #150, #56, ( #3932 ) ) ;
#4704 = CARTESIAN_POINT ( 'NONE',  ( -34.99999999999998579, -51.50000000000000000, 45.99999999999999289 ) ) ;
#4705 = VERTEX_POINT ( 'NONE', #4338 ) ;
#4706 = DIRECTION ( 'NONE',  ( -1.000000000000000000, 0.000000000000000000, 1.982541115402065849E-16 ) ) ;
#4707 = EDGE_CURVE ( 'NONE', #1968, #3044, #933, .T. ) ;
#4708 = CARTESIAN_POINT ( 'NONE',  ( 0.000000000000000000, 10.00000000000000000, 19.99999999999999645 ) ) ;
#4709 = DIRECTION ( 'NONE',  ( 0.000000000000000000, -1.000000000000000000, 0.000000000000000000 ) ) ;
#4710 = FACE_OUTER_BOUND ( 'NONE', #4549, .T. ) ;
#4711 = ORIENTED_EDGE ( 'NONE', *, *, #4233, .F. ) ;
#4712 = AXIS2_PLACEMENT_3D ( 'NONE', #4157, #3321, #2276 ) ;
#4713 = EDGE_CURVE ( 'NONE', #1593, #4600, #4430, .T. ) ;
#4714 = CARTESIAN_POINT ( 'NONE',  ( -45.00000000000000711, -47.99999999999999289, 29.58578643762690419 ) ) ;
#4715 = LINE ( 'NONE', #1368, #986 ) ;
#4716 = AXIS2_PLACEMENT_3D ( 'NONE', #332, #2222, #1465 ) ;
#4717 = EDGE_LOOP ( 'NONE', ( #4578, #509, #3833, #893 ) ) ;
#4718 = CARTESIAN_POINT ( 'NONE',  ( -25.77090655248800033, -50.25908996247429883, 100.7954498123715013 ) ) ;
#4719 = AXIS2_PLACEMENT_3D ( 'NONE', #587, #3583, #2882 ) ;
#4720 = ORIENTED_EDGE ( 'NONE', *, *, #3550, .T. ) ;
#4721 = CARTESIAN_POINT ( 'NONE',  ( 24.00000000000000000, -44.50000000000000000, 40.99999999999999289 ) ) ;
#4722 = VECTOR ( 'NONE', #2576, 1000.000000000000000 ) ;
#4723 = ORIENTED_EDGE ( 'NONE', *, *, #3298, .T. ) ;
#4724 = ORIENTED_EDGE ( 'NONE', *, *, #1237, .T. ) ;
#4725 = CARTESIAN_POINT ( 'NONE',  ( 24.99999999999998224, -49.93922322702763950, 99.19611613513818327 ) ) ;
#4726 = ORIENTED_EDGE ( 'NONE', *, *, #3061, .T. ) ;
#4727 = AXIS2_PLACEMENT_3D ( 'NONE', #544, #3615, #4337 ) ;
#4728 = DIRECTION ( 'NONE',  ( 3.469446951953615668E-16, 0.000000000000000000, 1.000000000000000000 ) ) ;
#4729 =( BOUNDED_CURVE ( )  B_SPLINE_CURVE ( 3, ( #2772, #4272, #3936, #863 ),
 .UNSPECIFIED., .F., .T. ) 
 B_SPLINE_CURVE_WITH_KNOTS ( ( 4, 4 ),
 ( 3.141592653589793116, 4.712388980384689674 ),
 .UNSPECIFIED. ) 
 CURVE ( )  GEOMETRIC_REPRESENTATION_ITEM ( )  RATIONAL_B_SPLINE_CURVE ( ( 1.000000000000000000, 0.8047378541243649375, 0.8047378541243649375, 1.000000000000000000 ) ) 
 REPRESENTATION_ITEM ( '' )  );
#4730 = PLANE ( 'NONE',  #4466 ) ;
#4731 = DIRECTION ( 'NONE',  ( 0.000000000000000000, -1.000000000000000000, -0.000000000000000000 ) ) ;
#4732 = VERTEX_POINT ( 'NONE', #3956 ) ;
#4733 = AXIS2_PLACEMENT_3D ( 'NONE', #2652, #4581, #1128 ) ;
#4734 = DIRECTION ( 'NONE',  ( 4.625929269271485914E-16, -0.000000000000000000, 1.000000000000000000 ) ) ;
#4735 = EDGE_CURVE ( 'NONE', #2332, #947, #1854, .T. ) ;
#4736 = CARTESIAN_POINT ( 'NONE',  ( 45.00000000000000711, -47.00000000000000000, 0.9999999999999854561 ) ) ;
#4737 = LINE ( 'NONE', #2020, #1399 ) ;
#4738 = CARTESIAN_POINT ( 'NONE',  ( 34.00000000000000000, -59.50000000000000000, 98.99999999999998579 ) ) ;
#4739 = LINE ( 'NONE', #590, #1891 ) ;
#4740 = CARTESIAN_POINT ( 'NONE',  ( -25.00000000000000355, -27.00000000000000000, 29.99999999999999645 ) ) ;
#4741 = CARTESIAN_POINT ( 'NONE',  ( -45.00000000000000711, -30.00000000000000000, 29.00000000000000000 ) ) ;
#4742 = EDGE_CURVE ( 'NONE', #2214, #1755, #4739, .T. ) ;
#4743 = EDGE_LOOP ( 'NONE', ( #4069, #463, #2311, #1372, #316, #668, #1737 ) ) ;
#4744 = ORIENTED_EDGE ( 'NONE', *, *, #2036, .T. ) ;
#4745 = DIRECTION ( 'NONE',  ( 0.000000000000000000, 0.000000000000000000, -1.000000000000000000 ) ) ;
#4746 = ORIENTED_EDGE ( 'NONE', *, *, #1064, .F. ) ;
#4747 = CYLINDRICAL_SURFACE ( 'NONE', #974, 1.000000000000000888 ) ;
#4748 = CARTESIAN_POINT ( 'NONE',  ( -34.99999999999999289, 0.9999999999999991118, 28.99999999999999645 ) ) ;
#4749 = EDGE_CURVE ( 'NONE', #3567, #73, #1492, .T. ) ;
#4750 = ORIENTED_EDGE ( 'NONE', *, *, #3891, .F. ) ;
#4751 = ADVANCED_FACE ( 'NONE', ( #4490 ), #3746, .T. ) ;
#4752 = CARTESIAN_POINT ( 'NONE',  ( 24.00000000000000355, -29.00000000000000000, 29.99999999999998579 ) ) ;
#4753 = ORIENTED_EDGE ( 'NONE', *, *, #1467, .T. ) ;
#4754 = CARTESIAN_POINT ( 'NONE',  ( 32.78524366810692925, -51.30939297255607556, 101.9219180237796820 ) ) ;
#4755 = CARTESIAN_POINT ( 'NONE',  ( 26.99999999999997868, -51.31980390271855441, 102.0000000000000000 ) ) ;
#4756 = DIRECTION ( 'NONE',  ( 0.000000000000000000, 1.000000000000000000, 0.000000000000000000 ) ) ;
#4757 = DIRECTION ( 'NONE',  ( -0.000000000000000000, -1.000000000000000000, -0.000000000000000000 ) ) ;
#4758 = FACE_OUTER_BOUND ( 'NONE', #1700, .T. ) ;
#4759 = DIRECTION ( 'NONE',  ( 0.000000000000000000, -1.000000000000000000, 0.000000000000000000 ) ) ;
#4760 = LINE ( 'NONE', #3236, #1963 ) ;
#4761 = ORIENTED_EDGE ( 'NONE', *, *, #206, .T. ) ;
#4762 = EDGE_CURVE ( 'NONE', #2383, #348, #2187, .T. ) ;
#4763 = VECTOR ( 'NONE', #1809, 1000.000000000000000 ) ;
#4764 = EDGE_CURVE ( 'NONE', #1882, #4524, #2991, .T. ) ;
#4765 = EDGE_CURVE ( 'NONE', #37, #1857, #608, .T. ) ;
#4766 = ORIENTED_EDGE ( 'NONE', *, *, #2734, .F. ) ;
#4767 = VECTOR ( 'NONE', #4342, 1000.000000000000000 ) ;
#4768 = DIRECTION ( 'NONE',  ( 0.000000000000000000, 0.000000000000000000, -1.000000000000000000 ) ) ;
#4769 = AXIS2_PLACEMENT_3D ( 'NONE', #4177, #4660, #780 ) ;
#4770 = ORIENTED_EDGE ( 'NONE', *, *, #3800, .T. ) ;
#4771 = CARTESIAN_POINT ( 'NONE',  ( -25.00000000000000000, -59.50000000000000000, 36.99999999999999289 ) ) ;
#4772 = CARTESIAN_POINT ( 'NONE',  ( 35.00000000000000000, -48.00000000000000000, 14.99999999999998579 ) ) ;
#4773 = AXIS2_PLACEMENT_3D ( 'NONE', #2451, #2854, #3950 ) ;
#4774 = ORIENTED_EDGE ( 'NONE', *, *, #400, .T. ) ;
#4775 = DIRECTION ( 'NONE',  ( -0.000000000000000000, 1.000000000000000000, 0.000000000000000000 ) ) ;
#4776 = DIRECTION ( 'NONE',  ( 0.000000000000000000, 1.000000000000000000, 0.000000000000000000 ) ) ;
#4777 = EDGE_CURVE ( 'NONE', #1222, #1039, #710, .T. ) ;
#4778 = VECTOR ( 'NONE', #1577, 1000.000000000000000 ) ;
#4779 = ORIENTED_EDGE ( 'NONE', *, *, #733, .T. ) ;
#4780 = CARTESIAN_POINT ( 'NONE',  ( -35.00000000000000000, 10.00000000000000178, 14.99999999999998579 ) ) ;
#4781 = FACE_OUTER_BOUND ( 'NONE', #3258, .T. ) ;
#4782 = CARTESIAN_POINT ( 'NONE',  ( 24.00000000000000355, -29.00000000000000000, 30.99999999999998934 ) ) ;
#4783 = EDGE_CURVE ( 'NONE', #1901, #2626, #1140, .T. ) ;
#4784 = DIRECTION ( 'NONE',  ( 0.000000000000000000, 0.000000000000000000, 1.000000000000000000 ) ) ;
#4785 = AXIS2_PLACEMENT_3D ( 'NONE', #277, #2103, #3320 ) ;
#4786 = CARTESIAN_POINT ( 'NONE',  ( -45.00000000000002842, -49.49999999999999289, 96.99999999999995737 ) ) ;
#4787 = LINE ( 'NONE', #2131, #2408 ) ;
#4788 = CARTESIAN_POINT ( 'NONE',  ( -24.00000000000001421, -47.00000000000000000, 0.9999999999999970024 ) ) ;
#4789 = ADVANCED_BREP_SHAPE_REPRESENTATION ( 'lift__R', ( #4207, #4260 ), #1654 ) ;
#4790 = ORIENTED_EDGE ( 'NONE', *, *, #1503, .F. ) ;
#4791 = ORIENTED_EDGE ( 'NONE', *, *, #577, .F. ) ;
#4792 = DIRECTION ( 'NONE',  ( -1.000000000000000000, 0.000000000000000000, 1.836970198721029688E-16 ) ) ;
#4793 = ORIENTED_EDGE ( 'NONE', *, *, #1149, .F. ) ;
#4795 = CARTESIAN_POINT ( 'NONE',  ( 35.00000000000000000, 10.00000000000000178, 14.99999999999998579 ) ) ;
#4794 = VECTOR ( 'NONE', #4160, 1000.000000000000000 ) ;
#4796 = DIRECTION ( 'NONE',  ( 0.000000000000000000, 1.000000000000000000, 0.000000000000000000 ) ) ;
#4797 = ORIENTED_EDGE ( 'NONE', *, *, #3489, .T. ) ;
#4798 = DIRECTION ( 'NONE',  ( 0.000000000000000000, 0.000000000000000000, 1.000000000000000000 ) ) ;
#4799 = CIRCLE ( 'NONE', #209, 1.000000000000000888 ) ;
#4800 = LINE ( 'NONE', #4043, #678 ) ;
#4801 = ORIENTED_EDGE ( 'NONE', *, *, #2878, .F. ) ;
#4802 = CARTESIAN_POINT ( 'NONE',  ( 31.99999999999999289, -51.31980390271855441, 102.0000000000000000 ) ) ;
#4803 = AXIS2_PLACEMENT_3D ( 'NONE', #836, #3135, #4593 ) ;
#4804 = CARTESIAN_POINT ( 'NONE',  ( -33.99999999999997868, -43.50000000000000000, 41.99999999999999289 ) ) ;
#4805 = EDGE_CURVE ( 'NONE', #2572, #494, #1325, .T. ) ;
#4806 = CARTESIAN_POINT ( 'NONE',  ( 24.99999999999998224, -58.50000000000000000, 98.99999999999998579 ) ) ;
#4807 = CYLINDRICAL_SURFACE ( 'NONE', #4551, 1.000000000000000000 ) ;
#4808 = FACE_OUTER_BOUND ( 'NONE', #4397, .T. ) ;
#4809 = CARTESIAN_POINT ( 'NONE',  ( -35.99999999999999289, -47.00000000000000000, 31.00000000000000000 ) ) ;
#4810 = EDGE_CURVE ( 'NONE', #2225, #3408, #1519, .T. ) ;
#4811 = DIRECTION ( 'NONE',  ( -0.000000000000000000, -1.000000000000000000, -0.000000000000000000 ) ) ;
#4812 = CARTESIAN_POINT ( 'NONE',  ( -60.00000000000000711, -34.00000000000000000, 29.99999999999998579 ) ) ;
#4813 = EDGE_CURVE ( 'NONE', #2568, #1089, #3060, .T. ) ;
#4814 = ORIENTED_EDGE ( 'NONE', *, *, #1469, .T. ) ;
#4815 = CARTESIAN_POINT ( 'NONE',  ( 32.00000000000000000, -59.50000000000000000, 100.9999999999999858 ) ) ;
#4816 = AXIS2_PLACEMENT_3D ( 'NONE', #958, #2130, #174 ) ;
#4817 = ORIENTED_EDGE ( 'NONE', *, *, #3720, .T. ) ;
#4818 = DIRECTION ( 'NONE',  ( 0.000000000000000000, 0.000000000000000000, -1.000000000000000000 ) ) ;
#4819 = ORIENTED_EDGE ( 'NONE', *, *, #3823, .T. ) ;
#4820 = VERTEX_POINT ( 'NONE', #3038 ) ;
#4821 = DIRECTION ( 'NONE',  ( 0.000000000000000000, 0.000000000000000000, -1.000000000000000000 ) ) ;
#4822 = ORIENTED_EDGE ( 'NONE', *, *, #3395, .T. ) ;
#4823 = CYLINDRICAL_SURFACE ( 'NONE', #3042, 1.000000000000000000 ) ;
#4824 = DIRECTION ( 'NONE',  ( 1.000000000000000000, 0.000000000000000000, 0.000000000000000000 ) ) ;
#4825 = ORIENTED_EDGE ( 'NONE', *, *, #3374, .F. ) ;
#4826 = DIRECTION ( 'NONE',  ( 0.000000000000000000, 0.000000000000000000, 1.000000000000000000 ) ) ;
#4827 = CARTESIAN_POINT ( 'NONE',  ( 24.99999999999999645, -58.50000000000000000, 46.99999999999999289 ) ) ;
#4828 = DIRECTION ( 'NONE',  ( 0.000000000000000000, 0.000000000000000000, -1.000000000000000000 ) ) ;
#4829 = CARTESIAN_POINT ( 'NONE',  ( -60.00000000000000711, -34.00000000000000000, 29.00000000000000000 ) ) ;
#4830 = LINE ( 'NONE', #3368, #4868 ) ;
#4831 = DIRECTION ( 'NONE',  ( -3.469446951953615668E-16, 0.000000000000000000, -1.000000000000000000 ) ) ;
#4832 = CARTESIAN_POINT ( 'NONE',  ( 44.00000000000000711, -47.00000000000000000, 0.000000000000000000 ) ) ;
#4833 = DIRECTION ( 'NONE',  ( -1.000000000000000000, -2.891205793294678819E-16, -0.000000000000000000 ) ) ;
#4834 = DIRECTION ( 'NONE',  ( -1.000000000000000000, 0.000000000000000000, 0.000000000000000000 ) ) ;
#4835 = ORIENTED_EDGE ( 'NONE', *, *, #2553, .F. ) ;
#4836 = EDGE_CURVE ( 'NONE', #493, #3023, #2964, .T. ) ;
#4837 = CARTESIAN_POINT ( 'NONE',  ( 26.99999999999997868, -51.31980390271855441, 102.0000000000000000 ) ) ;
#4838 = EDGE_LOOP ( 'NONE', ( #502, #2753, #3006, #3045 ) ) ;
#4839 = ADVANCED_FACE ( 'NONE', ( #1866 ), #1434, .T. ) ;
#4840 = CARTESIAN_POINT ( 'NONE',  ( 45.00000000000000711, 0.000000000000000000, 0.000000000000000000 ) ) ;
#4841 = ADVANCED_FACE ( 'NONE', ( #1053 ), #4540, .T. ) ;
#4842 = VERTEX_POINT ( 'NONE', #3370 ) ;
#4843 = DIRECTION ( 'NONE',  ( 0.000000000000000000, 0.000000000000000000, 1.000000000000000000 ) ) ;
#4844 = LINE ( 'NONE', #1402, #2085 ) ;
#4845 = DIRECTION ( 'NONE',  ( 0.000000000000000000, 0.000000000000000000, -1.000000000000000000 ) ) ;
#4846 = EDGE_LOOP ( 'NONE', ( #3549, #1750, #344, #720 ) ) ;
#4847 = LINE ( 'NONE', #2526, #2008 ) ;
#4848 = CIRCLE ( 'NONE', #3502, 2.000000000000001776 ) ;
#4849 = CYLINDRICAL_SURFACE ( 'NONE', #212, 1.000000000000000888 ) ;
#4850 = EDGE_LOOP ( 'NONE', ( #4119, #3700, #2865, #3879 ) ) ;
#4851 = TOROIDAL_SURFACE ( 'NONE', #4693, 2.000000000000000000, 1.000000000000000000 ) ;
#4852 = FACE_OUTER_BOUND ( 'NONE', #1553, .T. ) ;
#4853 = CARTESIAN_POINT ( 'NONE',  ( -25.00000000000000000, -43.50000000000000000, 41.99999999999999289 ) ) ;
#4854 = PLANE ( 'NONE',  #3617 ) ;
#4855 = CYLINDRICAL_SURFACE ( 'NONE', #4056, 1.000000000000000888 ) ;
#4856 = CARTESIAN_POINT ( 'NONE',  ( 44.00000000000000711, 10.00000000000000000, 28.99999999999998224 ) ) ;
#4857 = VECTOR ( 'NONE', #2263, 1000.000000000000000 ) ;
#4858 = CARTESIAN_POINT ( 'NONE',  ( -59.00000000000000711, -34.00000000000000000, 30.00000000000000355 ) ) ;
#4859 = DIRECTION ( 'NONE',  ( 0.000000000000000000, 0.000000000000000000, -1.000000000000000000 ) ) ;
#4860 = DIRECTION ( 'NONE',  ( 1.000000000000000000, -0.000000000000000000, 0.000000000000000000 ) ) ;
#4861 = EDGE_LOOP ( 'NONE', ( #1931, #3284, #3478, #703 ) ) ;
#4862 = VECTOR ( 'NONE', #3355, 1000.000000000000000 ) ;
#4863 = ORIENTED_EDGE ( 'NONE', *, *, #2812, .F. ) ;
#4864 = CARTESIAN_POINT ( 'NONE',  ( -45.00000000000000711, 0.000000000000000000, 0.000000000000000000 ) ) ;
#4865 = EDGE_LOOP ( 'NONE', ( #1905, #535, #2672, #2746 ) ) ;
#4866 = DIRECTION ( 'NONE',  ( 0.000000000000000000, -1.000000000000000000, 0.000000000000000000 ) ) ;
#4867 = CARTESIAN_POINT ( 'NONE',  ( -44.00000000000000711, 9.000000000000001776, 1.653273178848926867E-15 ) ) ;
#4868 = VECTOR ( 'NONE', #1433, 1000.000000000000000 ) ;
#4869 = CARTESIAN_POINT ( 'NONE',  ( 6.429395695523604153E-16, 0.000000000000000000, 6.749999999999989342 ) ) ;
#4870 = ORIENTED_EDGE ( 'NONE', *, *, #2878, .T. ) ;
#4871 = DIRECTION ( 'NONE',  ( -3.469446951953615668E-16, 0.000000000000000000, -1.000000000000000000 ) ) ;
#4872 = EDGE_CURVE ( 'NONE', #2776, #2304, #4281, .T. ) ;
#4873 = VECTOR ( 'NONE', #455, 1000.000000000000000 ) ;
#4874 = EDGE_LOOP ( 'NONE', ( #4870, #3883, #1107, #2918 ) ) ;
#4875 = DIRECTION ( 'NONE',  ( -1.000000000000000000, 0.000000000000000000, 0.000000000000000000 ) ) ;
#4876 = AXIS2_PLACEMENT_3D ( 'NONE', #4511, #1109, #3767 ) ;
#4877 = DIRECTION ( 'NONE',  ( 0.000000000000000000, -1.000000000000000000, 0.000000000000000000 ) ) ;
#4878 = LINE ( 'NONE', #1491, #1000 ) ;
#4879 = DIRECTION ( 'NONE',  ( 1.885568995626964287E-16, -1.000000000000000000, -0.000000000000000000 ) ) ;
#4880 = CARTESIAN_POINT ( 'NONE',  ( 26.99999999999997868, -51.31980390271855441, 100.9999999999999858 ) ) ;
#4881 = EDGE_LOOP ( 'NONE', ( #1441, #894, #820, #1678 ) ) ;
#4882 = ADVANCED_FACE ( 'NONE', ( #1918 ), #4079, .T. ) ;
#4883 = CARTESIAN_POINT ( 'NONE',  ( -31.99999999999995381, -58.49999999999999289, 102.0000000000000000 ) ) ;
#4884 = DIRECTION ( 'NONE',  ( 1.000000000000000000, 0.000000000000000000, -4.625929269271482956E-16 ) ) ;
#4885 = CIRCLE ( 'NONE', #1323, 0.9999999999999997780 ) ;
#4886 = LOCAL_TIME ( 23, 26, 43.00000000000000000, #1192 ) ;
#4887 = CARTESIAN_POINT ( 'NONE',  ( -60.00000000000000711, -31.00000000000001066, 1.000000000000004219 ) ) ;
#4888 = ORIENTED_EDGE ( 'NONE', *, *, #2537, .T. ) ;
#4889 = VECTOR ( 'NONE', #1471, 1000.000000000000000 ) ;
#4890 = ORIENTED_EDGE ( 'NONE', *, *, #4669, .F. ) ;
#4891 = DIRECTION ( 'NONE',  ( -0.000000000000000000, 1.000000000000000000, -0.000000000000000000 ) ) ;
#4892 = ORIENTED_EDGE ( 'NONE', *, *, #456, .T. ) ;
#4893 = SPHERICAL_SURFACE ( 'NONE', #3518, 1.000000000000000000 ) ;
#4894 = CARTESIAN_POINT ( 'NONE',  ( 6.429395695523604153E-16, 10.00000000000000000, 6.749999999999989342 ) ) ;
#4895 = ORIENTED_EDGE ( 'NONE', *, *, #387, .T. ) ;
#4896 = DIRECTION ( 'NONE',  ( -1.000000000000000000, 0.000000000000000000, 2.168404344971006896E-16 ) ) ;
ENDSEC;
END-ISO-10303-21;
