ISO-10303-21;
HEADER;
FILE_DESCRIPTION (( 'STEP AP203' ),
    '1' );
FILE_NAME ('motor_plate_R.STEP',
    '2026-06-26T14:24:25',
    ( '' ),
    ( '' ),
    'SwSTEP 2.0',
    'SolidWorks 2021',
    '' );
FILE_SCHEMA (( 'CONFIG_CONTROL_DESIGN' ));
ENDSEC;

DATA;
#1 = DIRECTION ( 'NONE',  ( 0.000000000000000000, 0.000000000000000000, 1.000000000000000000 ) ) ;
#2 = ADVANCED_FACE ( 'NONE', ( #1502 ), #1111, .F. ) ;
#3 = LINE ( 'NONE', #1531, #2531 ) ;
#4 = CARTESIAN_POINT ( 'NONE',  ( 26.70000000000000284, 28.99999999999999645, 0.000000000000000000 ) ) ;
#5 = LINE ( 'NONE', #1489, #251 ) ;
#6 = CARTESIAN_POINT ( 'NONE',  ( -46.99999999999999289, 0.000000000000000000, 69.00000000000000000 ) ) ;
#7 = VERTEX_POINT ( 'NONE', #263 ) ;
#8 = CYLINDRICAL_SURFACE ( 'NONE', #28, 1.000000000000000000 ) ;
#9 = EDGE_LOOP ( 'NONE', ( #1163, #851, #2748 ) ) ;
#10 = CARTESIAN_POINT ( 'NONE',  ( 26.70000000000000284, 28.99999999999999645, 5.941154273188000268 ) ) ;
#11 = DIRECTION ( 'NONE',  ( 0.000000000000000000, 0.000000000000000000, -1.000000000000000000 ) ) ;
#12 = CARTESIAN_POINT ( 'NONE',  ( 44.00000000000002842, 8.000000000000000000, 67.00000000000000000 ) ) ;
#13 = EDGE_CURVE ( 'NONE', #2065, #402, #3133, .T. ) ;
#14 = DIRECTION ( 'NONE',  ( 0.000000000000000000, 1.000000000000000000, -0.000000000000000000 ) ) ;
#15 = CARTESIAN_POINT ( 'NONE',  ( -0.000000000000000000, 0.000000000000000000, 67.00000000000000000 ) ) ;
#16 = DIRECTION ( 'NONE',  ( 0.000000000000000000, 0.000000000000000000, 1.000000000000000000 ) ) ;
#17 = ORIENTED_EDGE ( 'NONE', *, *, #2767, .F. ) ;
#18 = CARTESIAN_POINT ( 'NONE',  ( 9.000000000000015987, 0.000000000000000000, 41.99999999999998579 ) ) ;
#19 = ORIENTED_EDGE ( 'NONE', *, *, #1327, .F. ) ;
#20 = DIRECTION ( 'NONE',  ( 0.000000000000000000, 1.000000000000000000, 0.000000000000000000 ) ) ;
#21 = CYLINDRICAL_SURFACE ( 'NONE', #1458, 1.000000000000000888 ) ;
#22 = AXIS2_PLACEMENT_3D ( 'NONE', #37, #1526, #1480 ) ;
#23 = EDGE_CURVE ( 'NONE', #1982, #1172, #3054, .T. ) ;
#24 = VECTOR ( 'NONE', #2044, 1000.000000000000000 ) ;
#25 = CARTESIAN_POINT ( 'NONE',  ( -45.99999999999999289, 8.000000000000000000, 69.00000000000000000 ) ) ;
#26 = CARTESIAN_POINT ( 'NONE',  ( -23.99999999999999289, 10.00000000000000000, 10.61769145362397637 ) ) ;
#27 = DIRECTION ( 'NONE',  ( -1.000000000000000000, 0.000000000000000000, 0.000000000000000000 ) ) ;
#28 = AXIS2_PLACEMENT_3D ( 'NONE', #1511, #51, #2473 ) ;
#29 = VECTOR ( 'NONE', #1305, 1000.000000000000000 ) ;
#30 = EDGE_CURVE ( 'NONE', #1019, #2345, #2077, .T. ) ;
#31 = CARTESIAN_POINT ( 'NONE',  ( -64.00000000000000000, 19.00000000000000000, 69.00000000000000000 ) ) ;
#32 = ORIENTED_EDGE ( 'NONE', *, *, #444, .F. ) ;
#33 = EDGE_CURVE ( 'NONE', #2715, #1228, #1332, .T. ) ;
#34 = VECTOR ( 'NONE', #2184, 1000.000000000000000 ) ;
#35 = CARTESIAN_POINT ( 'NONE',  ( -64.00000000000000000, 0.000000000000000000, 25.00000000000000000 ) ) ;
#36 = VECTOR ( 'NONE', #482, 1000.000000000000000 ) ;
#37 = CARTESIAN_POINT ( 'NONE',  ( 35.00000000000002132, 9.000000000000000000, 48.00000000000000000 ) ) ;
#38 = ORIENTED_EDGE ( 'NONE', *, *, #2383, .F. ) ;
#39 = CARTESIAN_POINT ( 'NONE',  ( -64.00000000000000000, 18.00000000000000000, 69.00000000000000000 ) ) ;
#40 = VECTOR ( 'NONE', #1529, 1000.000000000000000 ) ;
#41 = EDGE_CURVE ( 'NONE', #378, #612, #1736, .T. ) ;
#42 = CARTESIAN_POINT ( 'NONE',  ( -64.00000000000000000, 1.000000000000000000, 69.00000000000000000 ) ) ;
#43 = VECTOR ( 'NONE', #2761, 1000.000000000000000 ) ;
#44 = CARTESIAN_POINT ( 'NONE',  ( -22.75000000000002842, 48.44699582058231613, 67.00000000000000000 ) ) ;
#45 = CARTESIAN_POINT ( 'NONE',  ( -21.24999999999999645, 27.99999999999999645, 24.00000000000000000 ) ) ;
#46 = CARTESIAN_POINT ( 'NONE',  ( -35.00000000000002132, 9.000000000000000000, 50.67499999999999716 ) ) ;
#47 = CYLINDRICAL_SURFACE ( 'NONE', #670, 1.000000000000000888 ) ;
#48 = ORIENTED_EDGE ( 'NONE', *, *, #2893, .F. ) ;
#49 = DIRECTION ( 'NONE',  ( -1.000000000000000000, 0.000000000000000000, 0.000000000000000000 ) ) ;
#50 = ORIENTED_EDGE ( 'NONE', *, *, #315, .F. ) ;
#51 = DIRECTION ( 'NONE',  ( -1.000000000000000000, 0.000000000000000000, 1.836970198721029934E-16 ) ) ;
#52 = ORIENTED_EDGE ( 'NONE', *, *, #972, .F. ) ;
#53 = ADVANCED_FACE ( 'NONE', ( #1516 ), #2741, .T. ) ;
#54 = CARTESIAN_POINT ( 'NONE',  ( -44.00000000000000000, 28.99999999999999645, 24.00000000000000000 ) ) ;
#55 = FACE_OUTER_BOUND ( 'NONE', #2093, .T. ) ;
#56 = PLANE ( 'NONE',  #2742 ) ;
#57 = EDGE_CURVE ( 'NONE', #1246, #3038, #3183, .T. ) ;
#58 = FACE_OUTER_BOUND ( 'NONE', #1424, .T. ) ;
#59 = EDGE_LOOP ( 'NONE', ( #1032, #2441, #1979, #499, #1008, #69, #1524, #3174, #560 ) ) ;
#60 = CARTESIAN_POINT ( 'NONE',  ( -26.70000000000000284, 28.99999999999999645, 0.000000000000000000 ) ) ;
#61 = ORIENTED_EDGE ( 'NONE', *, *, #2504, .T. ) ;
#62 = CYLINDRICAL_SURFACE ( 'NONE', #607, 1.000000000000000888 ) ;
#63 = CARTESIAN_POINT ( 'NONE',  ( 21.29999999999999361, 10.00000000000000000, 9.058845726811981081 ) ) ;
#64 = ORIENTED_EDGE ( 'NONE', *, *, #2012, .F. ) ;
#65 = CARTESIAN_POINT ( 'NONE',  ( -50.00000000000000000, 19.00000000000000000, 24.00000000000000000 ) ) ;
#66 = LINE ( 'NONE', #3072, #1254 ) ;
#67 = EDGE_CURVE ( 'NONE', #1128, #3124, #712, .T. ) ;
#68 = EDGE_CURVE ( 'NONE', #2591, #1654, #583, .T. ) ;
#69 = ORIENTED_EDGE ( 'NONE', *, *, #580, .F. ) ;
#70 = EDGE_CURVE ( 'NONE', #1219, #1272, #3036, .T. ) ;
#71 = DIRECTION ( 'NONE',  ( -1.000000000000000000, -0.000000000000000000, -0.000000000000000000 ) ) ;
#72 = CARTESIAN_POINT ( 'NONE',  ( 21.29999999999999361, 0.000000000000000000, 9.058845726811981081 ) ) ;
#73 = AXIS2_PLACEMENT_3D ( 'NONE', #2660, #3130, #2678 ) ;
#74 = DIRECTION ( 'NONE',  ( 0.000000000000000000, 1.000000000000000000, -0.000000000000000000 ) ) ;
#75 = ORIENTED_EDGE ( 'NONE', *, *, #1095, .T. ) ;
#76 = VECTOR ( 'NONE', #2965, 1000.000000000000000 ) ;
#77 = AXIS2_PLACEMENT_3D ( 'NONE', #1043, #2238, #528 ) ;
#78 = DIRECTION ( 'NONE',  ( 1.000000000000000000, 0.000000000000000000, 0.000000000000000000 ) ) ;
#79 = EDGE_LOOP ( 'NONE', ( #1585, #38, #1147, #2687 ) ) ;
#80 = VECTOR ( 'NONE', #770, 1000.000000000000000 ) ;
#81 = DIRECTION ( 'NONE',  ( 0.000000000000000000, -0.000000000000000000, 1.000000000000000000 ) ) ;
#82 = ORIENTED_EDGE ( 'NONE', *, *, #451, .T. ) ;
#83 = EDGE_LOOP ( 'NONE', ( #1263, #283, #128, #2052 ) ) ;
#84 = EDGE_CURVE ( 'NONE', #2609, #1100, #1804, .T. ) ;
#85 = VECTOR ( 'NONE', #902, 1000.000000000000000 ) ;
#86 = EDGE_CURVE ( 'NONE', #2702, #2866, #2553, .T. ) ;
#87 = VERTEX_POINT ( 'NONE', #3069 ) ;
#88 = DIRECTION ( 'NONE',  ( 0.7071067811865505703, 0.7071067811865444641, -2.453269466693398128E-16 ) ) ;
#90 = VECTOR ( 'NONE', #903, 1000.000000000000000 ) ;
#89 = DIRECTION ( 'NONE',  ( 1.000000000000000000, 0.000000000000000000, 0.000000000000000000 ) ) ;
#91 = PRODUCT_RELATED_PRODUCT_CATEGORY ( 'detail', '', ( #1204 ) ) ;
#92 = ORIENTED_EDGE ( 'NONE', *, *, #708, .F. ) ;
#93 = VECTOR ( 'NONE', #600, 1000.000000000000000 ) ;
#94 = EDGE_CURVE ( 'NONE', #2665, #141, #2589, .T. ) ;
#95 = PLANE ( 'NONE',  #200 ) ;
#96 = CARTESIAN_POINT ( 'NONE',  ( 44.00000000000000000, 27.99999999999999645, 0.9999999999999837907 ) ) ;
#97 = CARTESIAN_POINT ( 'NONE',  ( 9.000000000000015987, 0.000000000000000000, 41.99999999999998579 ) ) ;
#98 = ORIENTED_EDGE ( 'NONE', *, *, #1867, .F. ) ;
#99 = EDGE_CURVE ( 'NONE', #2966, #1304, #1125, .T. ) ;
#100 = LINE ( 'NONE', #1567, #1291 ) ;
#101 = VERTEX_POINT ( 'NONE', #3086 ) ;
#102 = DIRECTION ( 'NONE',  ( 0.000000000000000000, 0.000000000000000000, -1.000000000000000000 ) ) ;
#103 = ORIENTED_EDGE ( 'NONE', *, *, #2263, .T. ) ;
#104 = ORIENTED_EDGE ( 'NONE', *, *, #115, .F. ) ;
#105 = ORIENTED_EDGE ( 'NONE', *, *, #776, .F. ) ;
#106 = CARTESIAN_POINT ( 'NONE',  ( 45.00000000000000000, 11.00000000000000000, 0.9999999999999870104 ) ) ;
#107 = CARTESIAN_POINT ( 'NONE',  ( 44.00000000000002842, 0.000000000000000000, 67.00000000000000000 ) ) ;
#108 = EDGE_CURVE ( 'NONE', #483, #87, #2603, .T. ) ;
#109 = VERTEX_POINT ( 'NONE', #2331 ) ;
#110 =( BOUNDED_CURVE ( )  B_SPLINE_CURVE ( 3, ( #1117, #2445, #2394, #211 ),
 .UNSPECIFIED., .F., .T. ) 
 B_SPLINE_CURVE_WITH_KNOTS ( ( 4, 4 ),
 ( 1.570796326794896780, 3.141592653589793560 ),
 .UNSPECIFIED. ) 
 CURVE ( )  GEOMETRIC_REPRESENTATION_ITEM ( )  RATIONAL_B_SPLINE_CURVE ( ( 1.000000000000000000, 0.8047378541243649375, 0.8047378541243649375, 1.000000000000000000 ) ) 
 REPRESENTATION_ITEM ( '' )  );
#111 = CARTESIAN_POINT ( 'NONE',  ( -47.99999999999999289, 18.00000000000000000, 70.00000000000000000 ) ) ;
#112 = CARTESIAN_POINT ( 'NONE',  ( -22.25000000000000000, 28.99999999999999645, 24.00000000000000000 ) ) ;
#113 = COORDINATED_UNIVERSAL_TIME_OFFSET ( 9, 0, .AHEAD. ) ;
#114 = ORIENTED_EDGE ( 'NONE', *, *, #13, .T. ) ;
#115 = EDGE_CURVE ( 'NONE', #1595, #2106, #1604, .T. ) ;
#116 = CARTESIAN_POINT ( 'NONE',  ( 23.99999999999999645, 10.00000000000000000, 4.382308546376008529 ) ) ;
#117 = CARTESIAN_POINT ( 'NONE',  ( -65.00000000000000000, 19.00000000000000000, 24.00000000000000000 ) ) ;
#118 = ORIENTED_EDGE ( 'NONE', *, *, #973, .F. ) ;
#119 = DIRECTION ( 'NONE',  ( 0.000000000000000000, 0.000000000000000000, 1.000000000000000000 ) ) ;
#120 = ORIENTED_EDGE ( 'NONE', *, *, #963, .F. ) ;
#121 = CARTESIAN_POINT ( 'NONE',  ( -22.75000000000002842, 9.000000000000000000, 67.00000000000000000 ) ) ;
#122 = ORIENTED_EDGE ( 'NONE', *, *, #41, .T. ) ;
#123 = CARTESIAN_POINT ( 'NONE',  ( -64.00000000000000000, 18.00000000000000000, 0.000000000000000000 ) ) ;
#124 = EDGE_LOOP ( 'NONE', ( #1730, #1612, #2138, #2316 ) ) ;
#125 = LINE ( 'NONE', #147, #1955 ) ;
#126 = DIRECTION ( 'NONE',  ( 0.000000000000000000, 0.000000000000000000, 1.000000000000000000 ) ) ;
#127 = FACE_OUTER_BOUND ( 'NONE', #3078, .T. ) ;
#128 = ORIENTED_EDGE ( 'NONE', *, *, #1013, .T. ) ;
#129 = DIRECTION ( 'NONE',  ( -0.000000000000000000, -0.000000000000000000, -1.000000000000000000 ) ) ;
#130 = CIRCLE ( 'NONE', #2723, 1.000000000000000222 ) ;
#131 = CARTESIAN_POINT ( 'NONE',  ( 23.99999999999999645, 0.000000000000000000, 4.382308546376009417 ) ) ;
#132 = ORIENTED_EDGE ( 'NONE', *, *, #1465, .T. ) ;
#133 = EDGE_CURVE ( 'NONE', #2685, #1926, #1404, .T. ) ;
#134 = CARTESIAN_POINT ( 'NONE',  ( 35.00000000000002132, 1.999999999999999112, 45.32500000000000284 ) ) ;
#135 = VECTOR ( 'NONE', #1221, 1000.000000000000000 ) ;
#136 = ORIENTED_EDGE ( 'NONE', *, *, #70, .T. ) ;
#137 = CARTESIAN_POINT ( 'NONE',  ( -9.000000000000000000, 0.000000000000000000, 43.04999999999999716 ) ) ;
#138 = ORIENTED_EDGE ( 'NONE', *, *, #503, .T. ) ;
#139 = FACE_OUTER_BOUND ( 'NONE', #2868, .T. ) ;
#140 = AXIS2_PLACEMENT_3D ( 'NONE', #2521, #1264, #1020 ) ;
#141 = VERTEX_POINT ( 'NONE', #362 ) ;
#142 = EDGE_CURVE ( 'NONE', #2427, #1616, #379, .T. ) ;
#143 = CARTESIAN_POINT ( 'NONE',  ( 9.000000000000008882, 0.000000000000000000, 46.94999999999999574 ) ) ;
#144 = VECTOR ( 'NONE', #1657, 1000.000000000000227 ) ;
#145 = ORIENTED_EDGE ( 'NONE', *, *, #816, .T. ) ;
#146 = AXIS2_PLACEMENT_3D ( 'NONE', #448, #749, #2699 ) ;
#147 = CARTESIAN_POINT ( 'NONE',  ( 44.00000000000000711, 28.99999999999999645, 24.00000000000000000 ) ) ;
#148 = LINE ( 'NONE', #945, #1083 ) ;
#149 =( NAMED_UNIT ( * ) SI_UNIT ( $, .STERADIAN. ) SOLID_ANGLE_UNIT ( ) );
#150 = ORIENTED_EDGE ( 'NONE', *, *, #506, .F. ) ;
#151 = AXIS2_PLACEMENT_3D ( 'NONE', #1879, #2340, #2874 ) ;
#152 = CARTESIAN_POINT ( 'NONE',  ( 44.00000000000000000, 11.00000000000000000, 0.9999999999999837907 ) ) ;
#153 = CARTESIAN_POINT ( 'NONE',  ( 0.000000000000000000, 28.99999999999999645, 24.00000000000000000 ) ) ;
#154 = CARTESIAN_POINT ( 'NONE',  ( 21.29999999999999361, 10.00000000000000000, 5.941154273188001156 ) ) ;
#155 = VERTEX_POINT ( 'NONE', #137 ) ;
#156 = EDGE_CURVE ( 'NONE', #856, #860, #1534, .T. ) ;
#157 = ORIENTED_EDGE ( 'NONE', *, *, #94, .F. ) ;
#158 = DIRECTION ( 'NONE',  ( 0.000000000000000000, 0.000000000000000000, -1.000000000000000000 ) ) ;
#159 = VERTEX_POINT ( 'NONE', #2828 ) ;
#160 = VERTEX_POINT ( 'NONE', #885 ) ;
#161 = CARTESIAN_POINT ( 'NONE',  ( 22.75000000000002842, 28.99999999999999645, 24.00000000000000000 ) ) ;
#162 = CARTESIAN_POINT ( 'NONE',  ( 45.00000000000002842, 0.000000000000000000, 13.99999999999998579 ) ) ;
#163 = DIRECTION ( 'NONE',  ( 0.000000000000000000, 0.000000000000000000, 1.000000000000000000 ) ) ;
#164 = ORIENTED_EDGE ( 'NONE', *, *, #2795, .T. ) ;
#165 = FACE_OUTER_BOUND ( 'NONE', #1153, .T. ) ;
#166 = DIRECTION ( 'NONE',  ( 0.000000000000000000, -1.000000000000000000, 0.000000000000000000 ) ) ;
#167 = CARTESIAN_POINT ( 'NONE',  ( -23.99999999999999645, 10.00000000000000000, 4.382308546376014746 ) ) ;
#168 = DIRECTION ( 'NONE',  ( -0.000000000000000000, 1.000000000000000000, -0.000000000000000000 ) ) ;
#169 = ORIENTED_EDGE ( 'NONE', *, *, #391, .T. ) ;
#170 = EDGE_LOOP ( 'NONE', ( #311, #2600, #939, #2429, #2434, #2707, #2668 ) ) ;
#171 = CARTESIAN_POINT ( 'NONE',  ( 35.00000000000002132, 1.999999999999999112, 50.67499999999999716 ) ) ;
#172 = ORIENTED_EDGE ( 'NONE', *, *, #1522, .T. ) ;
#173 = ORIENTED_EDGE ( 'NONE', *, *, #1899, .F. ) ;
#174 = CARTESIAN_POINT ( 'NONE',  ( 45.00000000000002842, 8.000000000000000000, 67.00000000000000000 ) ) ;
#175 = CARTESIAN_POINT ( 'NONE',  ( 45.00000000000000711, 8.000000000000000000, 23.00000000000000000 ) ) ;
#176 = DIRECTION ( 'NONE',  ( -0.000000000000000000, 1.000000000000000000, -0.000000000000000000 ) ) ;
#177 = COORDINATED_UNIVERSAL_TIME_OFFSET ( 9, 0, .AHEAD. ) ;
#178 = ORIENTED_EDGE ( 'NONE', *, *, #2097, .F. ) ;
#179 = PLANE ( 'NONE',  #1488 ) ;
#180 = CARTESIAN_POINT ( 'NONE',  ( 45.00000000000000711, 9.000000000000000000, 23.00000000000000000 ) ) ;
#181 = CARTESIAN_POINT ( 'NONE',  ( -21.29999999999999361, 28.99999999999999645, 5.941154273188006485 ) ) ;
#182 = VECTOR ( 'NONE', #399, 1000.000000000000000 ) ;
#183 = DIRECTION ( 'NONE',  ( -1.000000000000000000, 0.000000000000000000, 0.000000000000000000 ) ) ;
#184 = ORIENTED_EDGE ( 'NONE', *, *, #2338, .F. ) ;
#185 = ORIENTED_EDGE ( 'NONE', *, *, #2878, .T. ) ;
#186 = CARTESIAN_POINT ( 'NONE',  ( -50.00000000000000000, 9.000000000000000000, 24.00000000000000000 ) ) ;
#187 = ORIENTED_EDGE ( 'NONE', *, *, #861, .T. ) ;
#188 = AXIS2_PLACEMENT_3D ( 'NONE', #96, #325, #2060 ) ;
#189 = EDGE_CURVE ( 'NONE', #155, #701, #814, .T. ) ;
#190 = VECTOR ( 'NONE', #1273, 1000.000000000000000 ) ;
#191 = ORIENTED_EDGE ( 'NONE', *, *, #1562, .T. ) ;
#192 = DIRECTION ( 'NONE',  ( 1.000000000000000000, 0.000000000000000000, 0.000000000000000000 ) ) ;
#194 = AXIS2_PLACEMENT_3D ( 'NONE', #1619, #634, #1148 ) ;
#193 = DIRECTION ( 'NONE',  ( 0.8660254037844387076, 0.000000000000000000, 0.4999999999999997780 ) ) ;
#195 = APPROVAL_ROLE ( '' ) ;
#196 = ORIENTED_EDGE ( 'NONE', *, *, #323, .T. ) ;
#197 = EDGE_CURVE ( 'NONE', #1106, #2918, #1236, .T. ) ;
#198 = AXIS2_PLACEMENT_3D ( 'NONE', #2585, #827, #1801 ) ;
#199 = CARTESIAN_POINT ( 'NONE',  ( 22.25000000000000000, 27.99999999999999645, -7.017744970997084106E-15 ) ) ;
#200 = AXIS2_PLACEMENT_3D ( 'NONE', #1104, #602, #2578 ) ;
#201 = DIRECTION ( 'NONE',  ( 0.000000000000000000, 0.000000000000000000, -1.000000000000000000 ) ) ;
#202 = DIRECTION ( 'NONE',  ( 1.000000000000000000, -0.000000000000000000, 0.000000000000000000 ) ) ;
#203 = AXIS2_PLACEMENT_3D ( 'NONE', #162, #1877, #726 ) ;
#204 = CARTESIAN_POINT ( 'NONE',  ( -26.70000000000000284, 10.00000000000000000, 5.941154273188007373 ) ) ;
#205 = VECTOR ( 'NONE', #2113, 1000.000000000000000 ) ;
#206 = VERTEX_POINT ( 'NONE', #632 ) ;
#207 = CARTESIAN_POINT ( 'NONE',  ( -21.25000000000003197, 10.00000000000000888, 66.00000000000000000 ) ) ;
#208 = ORIENTED_EDGE ( 'NONE', *, *, #133, .F. ) ;
#209 = ORIENTED_EDGE ( 'NONE', *, *, #779, .T. ) ;
#210 = DIRECTION ( 'NONE',  ( -0.8660254037844387076, 0.000000000000000000, 0.5000000000000001110 ) ) ;
#211 = CARTESIAN_POINT ( 'NONE',  ( 44.00000000000000711, 9.000000000000000000, 24.00000000000000000 ) ) ;
#212 = SECURITY_CLASSIFICATION_LEVEL ( 'unclassified' ) ;
#213 = ORIENTED_EDGE ( 'NONE', *, *, #1231, .F. ) ;
#214 = CARTESIAN_POINT ( 'NONE',  ( -64.00000000000000000, 0.000000000000000000, 69.00000000000000000 ) ) ;
#215 = FACE_OUTER_BOUND ( 'NONE', #799, .T. ) ;
#216 = CARTESIAN_POINT ( 'NONE',  ( 0.000000000000000000, 0.000000000000000000, 68.00000000000000000 ) ) ;
#217 = DIRECTION ( 'NONE',  ( 0.000000000000000000, 1.000000000000000000, -0.000000000000000000 ) ) ;
#218 = ADVANCED_FACE ( 'NONE', ( #1617 ), #980, .T. ) ;
#219 = EDGE_LOOP ( 'NONE', ( #1674, #2325, #2372 ) ) ;
#220 = CARTESIAN_POINT ( 'NONE',  ( 21.25000000000000000, 28.99999999999999645, 11.99999999999999289 ) ) ;
#221 = ADVANCED_FACE ( 'NONE', ( #165 ), #1220, .T. ) ;
#222 = EDGE_CURVE ( 'NONE', #1554, #1019, #1486, .T. ) ;
#223 = EDGE_CURVE ( 'NONE', #863, #2952, #2896, .T. ) ;
#224 = ORIENTED_EDGE ( 'NONE', *, *, #551, .F. ) ;
#225 = VERTEX_POINT ( 'NONE', #1416 ) ;
#226 = DIRECTION ( 'NONE',  ( 0.000000000000000000, 0.000000000000000000, -1.000000000000000000 ) ) ;
#227 = CARTESIAN_POINT ( 'NONE',  ( -21.75000000000002487, 47.44699582058231613, 68.00000000000000000 ) ) ;
#228 = DATE_AND_TIME ( #427, #1051 ) ;
#229 = EDGE_LOOP ( 'NONE', ( #788, #1242, #2907, #2186 ) ) ;
#230 = CARTESIAN_POINT ( 'NONE',  ( 45.00000000000002842, 1.000000000000000000, 14.99999999999998579 ) ) ;
#231 = ADVANCED_FACE ( 'NONE', ( #2435 ), #2169, .T. ) ;
#232 = LINE ( 'NONE', #1012, #2419 ) ;
#233 = ADVANCED_FACE ( 'NONE', ( #2915 ), #997, .T. ) ;
#234 = DIRECTION ( 'NONE',  ( 0.000000000000000000, 0.000000000000000000, 1.000000000000000000 ) ) ;
#235 = ORIENTED_EDGE ( 'NONE', *, *, #369, .F. ) ;
#236 = EDGE_CURVE ( 'NONE', #328, #1219, #1946, .T. ) ;
#237 = LINE ( 'NONE', #1241, #2516 ) ;
#238 = APPLICATION_CONTEXT ( 'configuration controlled 3d designs of mechanical parts and assemblies' ) ;
#239 = ORIENTED_EDGE ( 'NONE', *, *, #806, .F. ) ;
#240 = DIRECTION ( 'NONE',  ( 0.000000000000000000, 0.000000000000000000, 1.000000000000000000 ) ) ;
#241 = EDGE_LOOP ( 'NONE', ( #1609, #652, #1641, #2389, #1124, #2161, #1828 ) ) ;
#242 = DIRECTION ( 'NONE',  ( -1.000000000000000000, 0.000000000000000000, 1.836970198721029934E-16 ) ) ;
#243 = LINE ( 'NONE', #1514, #2788 ) ;
#244 = EDGE_CURVE ( 'NONE', #2685, #3031, #715, .T. ) ;
#245 = AXIS2_PLACEMENT_3D ( 'NONE', #809, #1294, #27 ) ;
#246 = DIRECTION ( 'NONE',  ( 0.000000000000000000, 2.168404344971010840E-16, 1.000000000000000000 ) ) ;
#247 = VECTOR ( 'NONE', #88, 1000.000000000000227 ) ;
#248 = CARTESIAN_POINT ( 'NONE',  ( -44.00000000000000000, 28.99999999999999645, 23.00000000000000000 ) ) ;
#249 = CARTESIAN_POINT ( 'NONE',  ( 44.00000000000002842, 1.000000000000000000, 67.00000000000000000 ) ) ;
#250 = CIRCLE ( 'NONE', #1704, 1.000000000000000888 ) ;
#251 = VECTOR ( 'NONE', #3199, 1000.000000000000000 ) ;
#252 = DIRECTION ( 'NONE',  ( -0.5000000000000001110, 0.000000000000000000, 0.8660254037844385966 ) ) ;
#253 = CIRCLE ( 'NONE', #1958, 1.000000000000000888 ) ;
#254 = DIRECTION ( 'NONE',  ( 0.000000000000000000, -0.000000000000000000, -1.000000000000000000 ) ) ;
#255 = ORIENTED_EDGE ( 'NONE', *, *, #67, .F. ) ;
#256 = VERTEX_POINT ( 'NONE', #2944 ) ;
#257 = ADVANCED_FACE ( 'NONE', ( #480 ), #3195, .T. ) ;
#258 = AXIS2_PLACEMENT_3D ( 'NONE', #527, #1278, #2237 ) ;
#259 = DIRECTION ( 'NONE',  ( -1.000000000000000000, 0.000000000000000000, 0.000000000000000000 ) ) ;
#260 = ORIENTED_EDGE ( 'NONE', *, *, #1075, .F. ) ;
#261 = CARTESIAN_POINT ( 'NONE',  ( -20.24999999999998224, 9.000000000000000000, 13.99999999999999645 ) ) ;
#262 = DIRECTION ( 'NONE',  ( -0.000000000000000000, -1.000000000000000000, -0.000000000000000000 ) ) ;
#263 = CARTESIAN_POINT ( 'NONE',  ( 21.75000000000002487, 47.44699582058231613, 68.00000000000000000 ) ) ;
#264 = CC_DESIGN_DATE_AND_TIME_ASSIGNMENT ( #1187, #2396, ( #2004 ) ) ;
#265 = CARTESIAN_POINT ( 'NONE',  ( 1.591863895602246081E-15, 10.00000000000000178, 12.99999999999999822 ) ) ;
#266 = CARTESIAN_POINT ( 'NONE',  ( 44.00000000000002842, 1.000000000000000000, 67.00000000000000000 ) ) ;
#267 = DIRECTION ( 'NONE',  ( -1.000000000000000000, 0.000000000000000000, 1.224510688924804848E-16 ) ) ;
#268 = CARTESIAN_POINT ( 'NONE',  ( -26.70000000000000284, 0.000000000000000000, 9.058845726811982857 ) ) ;
#269 = ORIENTED_EDGE ( 'NONE', *, *, #1157, .F. ) ;
#270 = CARTESIAN_POINT ( 'NONE',  ( 26.70000000000000284, 0.000000000000000000, 5.941154273188000268 ) ) ;
#271 = ORIENTED_EDGE ( 'NONE', *, *, #1921, .F. ) ;
#272 = DIRECTION ( 'NONE',  ( -0.000000000000000000, 0.000000000000000000, -1.000000000000000000 ) ) ;
#273 = CYLINDRICAL_SURFACE ( 'NONE', #733, 1.000000000000000888 ) ;
#274 = DIRECTION ( 'NONE',  ( 0.000000000000000000, -1.000000000000000000, 0.000000000000000000 ) ) ;
#275 = LINE ( 'NONE', #2214, #1412 ) ;
#276 = CARTESIAN_POINT ( 'NONE',  ( 22.25000000000000000, 28.99999999999999645, -7.017744970997085684E-15 ) ) ;
#277 = ADVANCED_FACE ( 'NONE', ( #445 ), #732, .F. ) ;
#278 = FACE_OUTER_BOUND ( 'NONE', #2569, .T. ) ;
#279 = ORIENTED_EDGE ( 'NONE', *, *, #1577, .F. ) ;
#280 = DIRECTION ( 'NONE',  ( -1.836970198721030181E-16, 0.000000000000000000, -1.000000000000000000 ) ) ;
#281 = AXIS2_PLACEMENT_3D ( 'NONE', #2461, #317, #246 ) ;
#282 = LINE ( 'NONE', #1004, #2567 ) ;
#283 = ORIENTED_EDGE ( 'NONE', *, *, #2755, .T. ) ;
#284 = DIRECTION ( 'NONE',  ( -0.000000000000000000, 1.000000000000000000, -0.000000000000000000 ) ) ;
#285 = DIRECTION ( 'NONE',  ( 0.000000000000000000, 0.000000000000000000, 1.000000000000000000 ) ) ;
#286 = CIRCLE ( 'NONE', #717, 2.674999999999996714 ) ;
#287 = APPROVAL ( #977, 'UNSPECIFIED' ) ;
#288 = CARTESIAN_POINT ( 'NONE',  ( 22.75000000000002132, 47.44699582058231613, 67.00000000000000000 ) ) ;
#289 = CARTESIAN_POINT ( 'NONE',  ( -47.99999999999999289, 18.00000000000000000, 70.00000000000000000 ) ) ;
#290 = DIRECTION ( 'NONE',  ( 4.205390244792259339E-16, -0.000000000000000000, 1.000000000000000000 ) ) ;
#291 = AXIS2_PLACEMENT_3D ( 'NONE', #836, #2085, #2351 ) ;
#292 = AXIS2_PLACEMENT_3D ( 'NONE', #975, #2954, #1425 ) ;
#293 = DIRECTION ( 'NONE',  ( -0.000000000000000000, 1.000000000000000000, -0.000000000000000000 ) ) ;
#294 = VERTEX_POINT ( 'NONE', #1930 ) ;
#295 = AXIS2_PLACEMENT_3D ( 'NONE', #933, #3134, #2405 ) ;
#296 = CARTESIAN_POINT ( 'NONE',  ( 45.00000000000002842, 10.00000000000000000, -1.561251128379126701E-14 ) ) ;
#297 =( BOUNDED_CURVE ( )  B_SPLINE_CURVE ( 3, ( #2911, #426, #1414, #2381 ),
 .UNSPECIFIED., .F., .T. ) 
 B_SPLINE_CURVE_WITH_KNOTS ( ( 4, 4 ),
 ( 0.000000000000000000, 1.570796326794897446 ),
 .UNSPECIFIED. ) 
 CURVE ( )  GEOMETRIC_REPRESENTATION_ITEM ( )  RATIONAL_B_SPLINE_CURVE ( ( 1.000000000000000000, 0.8047378541243648264, 0.8047378541243648264, 1.000000000000000000 ) ) 
 REPRESENTATION_ITEM ( '' )  );
#298 = CC_DESIGN_PERSON_AND_ORGANIZATION_ASSIGNMENT ( #2912, #1218, ( #2004 ) ) ;
#299 = CIRCLE ( 'NONE', #2843, 1.050000000000002265 ) ;
#300 = DIRECTION ( 'NONE',  ( 0.000000000000000000, 1.000000000000000000, -0.000000000000000000 ) ) ;
#301 = ORIENTED_EDGE ( 'NONE', *, *, #1160, .T. ) ;
#302 = DIRECTION ( 'NONE',  ( -0.000000000000000000, -1.000000000000000000, -0.000000000000000000 ) ) ;
#303 = EDGE_CURVE ( 'NONE', #1595, #384, #1535, .T. ) ;
#304 = CIRCLE ( 'NONE', #1551, 1.000000000000000888 ) ;
#305 = DIRECTION ( 'NONE',  ( -1.000000000000000000, 0.000000000000000000, 4.336808689942013792E-16 ) ) ;
#306 = LINE ( 'NONE', #2527, #995 ) ;
#307 = CARTESIAN_POINT ( 'NONE',  ( -21.29999999999999361, 0.000000000000000000, 5.941154273188006485 ) ) ;
#308 = DIRECTION ( 'NONE',  ( 4.205390244792259339E-16, -0.000000000000000000, 1.000000000000000000 ) ) ;
#309 = ADVANCED_FACE ( 'NONE', ( #2196 ), #711, .T. ) ;
#310 = DIRECTION ( 'NONE',  ( 0.000000000000000000, 0.000000000000000000, 1.000000000000000000 ) ) ;
#311 = ORIENTED_EDGE ( 'NONE', *, *, #1339, .F. ) ;
#312 = CARTESIAN_POINT ( 'NONE',  ( 21.29999999999999361, 28.99999999999999645, 5.941154273188001156 ) ) ;
#313 = EDGE_CURVE ( 'NONE', #1635, #2609, #658, .T. ) ;
#314 = ORIENTED_EDGE ( 'NONE', *, *, #2914, .T. ) ;
#315 = EDGE_CURVE ( 'NONE', #402, #957, #657, .T. ) ;
#316 = FACE_OUTER_BOUND ( 'NONE', #3093, .T. ) ;
#317 = DIRECTION ( 'NONE',  ( -7.295189183284983628E-32, 1.000000000000000000, -1.734723475976807094E-16 ) ) ;
#318 = ORIENTED_EDGE ( 'NONE', *, *, #707, .F. ) ;
#319 = LINE ( 'NONE', #2282, #2244 ) ;
#320 = ADVANCED_FACE ( 'NONE', ( #430 ), #179, .F. ) ;
#321 = CARTESIAN_POINT ( 'NONE',  ( -45.00000000000000000, 1.000000000000000000, 15.00000000000000178 ) ) ;
#322 = ORIENTED_EDGE ( 'NONE', *, *, #3110, .F. ) ;
#323 = EDGE_CURVE ( 'NONE', #1128, #384, #1917, .T. ) ;
#324 = DIRECTION ( 'NONE',  ( 0.000000000000000000, -1.000000000000000000, 0.000000000000000000 ) ) ;
#325 = DIRECTION ( 'NONE',  ( 0.000000000000000000, 1.000000000000000000, 0.000000000000000000 ) ) ;
#326 = DIRECTION ( 'NONE',  ( -4.205390244792259339E-16, 0.000000000000000000, -1.000000000000000000 ) ) ;
#327 = CYLINDRICAL_SURFACE ( 'NONE', #1913, 1.000000000000000000 ) ;
#328 = VERTEX_POINT ( 'NONE', #2959 ) ;
#329 = DIRECTION ( 'NONE',  ( 4.205390244792259339E-16, 0.000000000000000000, 1.000000000000000000 ) ) ;
#330 = VERTEX_POINT ( 'NONE', #44 ) ;
#331 = CARTESIAN_POINT ( 'NONE',  ( 28.12500000000011369, 16.87500000000005684, 13.99999999999998579 ) ) ;
#332 = DIRECTION ( 'NONE',  ( 0.000000000000000000, -1.000000000000000000, 0.000000000000000000 ) ) ;
#333 = ORIENTED_EDGE ( 'NONE', *, *, #2657, .F. ) ;
#334 = ADVANCED_FACE ( 'NONE', ( #2528 ), #758, .T. ) ;
#335 = VECTOR ( 'NONE', #2083, 1000.000000000000000 ) ;
#336 = FACE_BOUND ( 'NONE', #2953, .T. ) ;
#337 = LINE ( 'NONE', #1342, #1945 ) ;
#338 = AXIS2_PLACEMENT_3D ( 'NONE', #2235, #1779, #2493 ) ;
#339 = CARTESIAN_POINT ( 'NONE',  ( 9.000000000000008882, 9.000000000000000000, 46.94999999999999574 ) ) ;
#340 = EDGE_LOOP ( 'NONE', ( #1880, #2330 ) ) ;
#341 = CIRCLE ( 'NONE', #1590, 1.000000000000000888 ) ;
#342 = VECTOR ( 'NONE', #1866, 1000.000000000000114 ) ;
#343 = DIRECTION ( 'NONE',  ( -0.000000000000000000, -1.084202172485503448E-15, -1.000000000000000000 ) ) ;
#344 = CIRCLE ( 'NONE', #2151, 1.000000000000000888 ) ;
#345 = DIRECTION ( 'NONE',  ( -0.000000000000000000, -1.000000000000000000, -0.000000000000000000 ) ) ;
#346 = ORIENTED_EDGE ( 'NONE', *, *, #2827, .T. ) ;
#347 = CARTESIAN_POINT ( 'NONE',  ( -21.75000000000002487, 0.000000000000000000, 68.00000000000000000 ) ) ;
#348 = ORIENTED_EDGE ( 'NONE', *, *, #2590, .T. ) ;
#349 = LINE ( 'NONE', #3172, #510 ) ;
#351 = CIRCLE ( 'NONE', #2785, 1.050000000000002265 ) ;
#350 = LINE ( 'NONE', #2573, #948 ) ;
#352 = EDGE_LOOP ( 'NONE', ( #2931, #2691, #1811, #1835, #3178, #2888, #357, #729 ) ) ;
#353 = VECTOR ( 'NONE', #1055, 1000.000000000000000 ) ;
#354 = CARTESIAN_POINT ( 'NONE',  ( 9.000000000000008882, 9.000000000000000000, 47.99999999999999289 ) ) ;
#355 = ADVANCED_FACE ( 'NONE', ( #55 ), #2225, .T. ) ;
#356 = LOCAL_TIME ( 23, 24, 25.00000000000000000, #3164 ) ;
#357 = ORIENTED_EDGE ( 'NONE', *, *, #2746, .T. ) ;
#358 = DIRECTION ( 'NONE',  ( 0.000000000000000000, -1.000000000000000000, 0.000000000000000000 ) ) ;
#359 = ORIENTED_EDGE ( 'NONE', *, *, #1977, .F. ) ;
#360 = DIRECTION ( 'NONE',  ( 0.8660254037844387076, 0.000000000000000000, -0.5000000000000001110 ) ) ;
#361 = VERTEX_POINT ( 'NONE', #2256 ) ;
#362 = CARTESIAN_POINT ( 'NONE',  ( 44.00000000000000711, 10.00000000000000000, 13.99999999999998401 ) ) ;
#363 = ORIENTED_EDGE ( 'NONE', *, *, #942, .T. ) ;
#364 = FACE_OUTER_BOUND ( 'NONE', #2799, .T. ) ;
#365 = ORIENTED_EDGE ( 'NONE', *, *, #2436, .F. ) ;
#366 = CARTESIAN_POINT ( 'NONE',  ( -26.70000000000000284, 10.00000000000000000, 5.941154273188008261 ) ) ;
#367 = EDGE_CURVE ( 'NONE', #671, #1633, #2000, .T. ) ;
#368 = ADVANCED_BREP_SHAPE_REPRESENTATION ( 'motor_plate_R', ( #3064, #151 ), #3157 ) ;
#369 = EDGE_CURVE ( 'NONE', #206, #1938, #1504, .T. ) ;
#370 = ORIENTED_EDGE ( 'NONE', *, *, #566, .F. ) ;
#371 = DIRECTION ( 'NONE',  ( -0.000000000000000000, 1.000000000000000000, -0.000000000000000000 ) ) ;
#372 = LINE ( 'NONE', #3076, #505 ) ;
#373 = VERTEX_POINT ( 'NONE', #2014 ) ;
#374 = DIRECTION ( 'NONE',  ( -4.205390244792259339E-16, 0.000000000000000000, -1.000000000000000000 ) ) ;
#375 = CARTESIAN_POINT ( 'NONE',  ( 44.00000000000000000, 8.000000000000000000, -1.850371707708594129E-14 ) ) ;
#376 = VERTEX_POINT ( 'NONE', #1267 ) ;
#377 = CARTESIAN_POINT ( 'NONE',  ( -8.999999999999992895, 9.000000000000000000, 49.05000000000000426 ) ) ;
#378 = VERTEX_POINT ( 'NONE', #2743 ) ;
#379 = LINE ( 'NONE', #2349, #2820 ) ;
#380 = ORIENTED_EDGE ( 'NONE', *, *, #2532, .T. ) ;
#381 = CARTESIAN_POINT ( 'NONE',  ( -60.00000000000000711, 9.000000000000000000, 68.00000000000000000 ) ) ;
#382 = ORIENTED_EDGE ( 'NONE', *, *, #958, .F. ) ;
#383 = DIRECTION ( 'NONE',  ( 3.154042683594195614E-16, 0.000000000000000000, 1.000000000000000000 ) ) ;
#384 = VERTEX_POINT ( 'NONE', #526 ) ;
#385 = EDGE_CURVE ( 'NONE', #2832, #1635, #793, .T. ) ;
#386 = LINE ( 'NONE', #842, #1295 ) ;
#387 = CARTESIAN_POINT ( 'NONE',  ( 0.000000000000000000, 28.99999999999999645, 24.00000000000000000 ) ) ;
#388 = SPHERICAL_SURFACE ( 'NONE', #2529, 1.000000000000000000 ) ;
#389 = ORIENTED_EDGE ( 'NONE', *, *, #731, .F. ) ;
#390 = VECTOR ( 'NONE', #2619, 1000.000000000000000 ) ;
#391 = EDGE_CURVE ( 'NONE', #101, #3120, #927, .T. ) ;
#392 = CARTESIAN_POINT ( 'NONE',  ( -21.25000000000000355, 10.00000000000000178, 6.702340702637665925E-15 ) ) ;
#393 = CIRCLE ( 'NONE', #188, 0.9999999999999997780 ) ;
#394 = CARTESIAN_POINT ( 'NONE',  ( -21.29999999999999361, 28.99999999999999645, 9.058845726811986410 ) ) ;
#395 = PLANE ( 'NONE',  #1146 ) ;
#396 = AXIS2_PLACEMENT_3D ( 'NONE', #1418, #565, #2538 ) ;
#397 = EDGE_CURVE ( 'NONE', #3184, #3070, #1741, .T. ) ;
#398 = EDGE_LOOP ( 'NONE', ( #1527, #2558, #452, #1749 ) ) ;
#399 = DIRECTION ( 'NONE',  ( -0.000000000000000000, -1.000000000000000000, -0.000000000000000000 ) ) ;
#400 = ORIENTED_EDGE ( 'NONE', *, *, #762, .F. ) ;
#401 = DIRECTION ( 'NONE',  ( -0.000000000000000000, -1.000000000000000000, -0.000000000000000000 ) ) ;
#402 = VERTEX_POINT ( 'NONE', #2970 ) ;
#403 = EDGE_CURVE ( 'NONE', #1062, #1857, #1737, .T. ) ;
#404 = ORIENTED_EDGE ( 'NONE', *, *, #2436, .T. ) ;
#405 = DIRECTION ( 'NONE',  ( 0.000000000000000000, 0.000000000000000000, 1.000000000000000000 ) ) ;
#406 = CIRCLE ( 'NONE', #2629, 1.049999999999995381 ) ;
#407 = EDGE_CURVE ( 'NONE', #225, #1415, #536, .T. ) ;
#408 = DIRECTION ( 'NONE',  ( 0.000000000000000000, 0.000000000000000000, 1.000000000000000000 ) ) ;
#409 = DIRECTION ( 'NONE',  ( 0.000000000000000000, -1.000000000000000000, 0.000000000000000000 ) ) ;
#410 = ORIENTED_EDGE ( 'NONE', *, *, #189, .F. ) ;
#411 = EDGE_CURVE ( 'NONE', #1633, #1128, #2464, .T. ) ;
#412 = VECTOR ( 'NONE', #844, 1000.000000000000000 ) ;
#413 = DIRECTION ( 'NONE',  ( -0.8660254037844387076, 0.000000000000000000, 0.5000000000000001110 ) ) ;
#414 = DIRECTION ( 'NONE',  ( 0.000000000000000000, 0.000000000000000000, 1.000000000000000000 ) ) ;
#415 = CARTESIAN_POINT ( 'NONE',  ( 21.25000000000000000, 10.00000000000000178, 12.99999999999999467 ) ) ;
#416 = CARTESIAN_POINT ( 'NONE',  ( -35.00000000000002132, 1.999999999999999112, 50.67499999999999716 ) ) ;
#417 = ORIENTED_EDGE ( 'NONE', *, *, #1636, .F. ) ;
#418 = VERTEX_POINT ( 'NONE', #1985 ) ;
#419 = EDGE_CURVE ( 'NONE', #704, #1097, #2772, .T. ) ;
#420 = CARTESIAN_POINT ( 'NONE',  ( -22.25000000000000355, 28.99999999999999645, 13.00000000000000178 ) ) ;
#421 = ORIENTED_EDGE ( 'NONE', *, *, #86, .F. ) ;
#422 = EDGE_CURVE ( 'NONE', #2058, #2835, #2353, .T. ) ;
#423 = VERTEX_POINT ( 'NONE', #2506 ) ;
#424 = CARTESIAN_POINT ( 'NONE',  ( -46.99999999999999289, 19.00000000000000000, 69.00000000000000000 ) ) ;
#425 = DIRECTION ( 'NONE',  ( 1.000000000000000000, -0.000000000000000000, 0.000000000000000000 ) ) ;
#426 = CARTESIAN_POINT ( 'NONE',  ( -21.25000000000000000, 28.58578643762690064, 13.00000000000000000 ) ) ;
#427 = CALENDAR_DATE ( 2026, 26, 6 ) ;
#428 = ORIENTED_EDGE ( 'NONE', *, *, #3110, .T. ) ;
#429 =( BOUNDED_CURVE ( )  B_SPLINE_CURVE ( 3, ( #2124, #476, #910, #1893 ),
 .UNSPECIFIED., .F., .T. ) 
 B_SPLINE_CURVE_WITH_KNOTS ( ( 4, 4 ),
 ( 1.570796326794896558, 3.141592653589793116 ),
 .UNSPECIFIED. ) 
 CURVE ( )  GEOMETRIC_REPRESENTATION_ITEM ( )  RATIONAL_B_SPLINE_CURVE ( ( 1.000000000000000000, 0.8047378541243649375, 0.8047378541243649375, 1.000000000000000000 ) ) 
 REPRESENTATION_ITEM ( '' )  );
#430 = FACE_OUTER_BOUND ( 'NONE', #124, .T. ) ;
#431 = LINE ( 'NONE', #1557, #342 ) ;
#432 = LINE ( 'NONE', #1432, #2424 ) ;
#433 = PLANE ( 'NONE',  #2684 ) ;
#434 = ORIENTED_EDGE ( 'NONE', *, *, #2958, .F. ) ;
#435 = ORIENTED_EDGE ( 'NONE', *, *, #315, .T. ) ;
#436 = DIRECTION ( 'NONE',  ( 1.000000000000000000, -0.000000000000000000, 0.000000000000000000 ) ) ;
#437 = ORIENTED_EDGE ( 'NONE', *, *, #503, .F. ) ;
#438 = ORIENTED_EDGE ( 'NONE', *, *, #796, .F. ) ;
#439 = DIRECTION ( 'NONE',  ( 0.000000000000000000, 0.000000000000000000, 1.000000000000000000 ) ) ;
#440 = CARTESIAN_POINT ( 'NONE',  ( -35.00000000000002132, 1.999999999999999112, 48.00000000000000000 ) ) ;
#441 = ADVANCED_FACE ( 'NONE', ( #1308 ), #3001, .T. ) ;
#442 = VERTEX_POINT ( 'NONE', #493 ) ;
#443 = EDGE_CURVE ( 'NONE', #1497, #2391, #1767, .T. ) ;
#444 = EDGE_CURVE ( 'NONE', #159, #3184, #2756, .T. ) ;
#445 = FACE_OUTER_BOUND ( 'NONE', #2620, .T. ) ;
#446 = LINE ( 'NONE', #2509, #3028 ) ;
#447 = DIRECTION ( 'NONE',  ( 0.000000000000000000, 1.000000000000000000, 0.000000000000000000 ) ) ;
#448 = CARTESIAN_POINT ( 'NONE',  ( 44.00000000000000711, 27.99999999999999645, 23.00000000000000000 ) ) ;
#449 = AXIS2_PLACEMENT_3D ( 'NONE', #1539, #2734, #545 ) ;
#450 = EDGE_CURVE ( 'NONE', #3193, #1926, #1989, .T. ) ;
#451 = EDGE_CURVE ( 'NONE', #2609, #1686, #1360, .T. ) ;
#452 = ORIENTED_EDGE ( 'NONE', *, *, #1296, .F. ) ;
#453 = CARTESIAN_POINT ( 'NONE',  ( 21.66421356237309581, 28.99999999999999645, 24.00000000000000000 ) ) ;
#454 = ORIENTED_EDGE ( 'NONE', *, *, #2746, .F. ) ;
#455 = AXIS2_PLACEMENT_3D ( 'NONE', #249, #713, #2437 ) ;
#456 = VERTEX_POINT ( 'NONE', #1624 ) ;
#457 = PLANE ( 'NONE',  #2627 ) ;
#459 = VECTOR ( 'NONE', #1574, 1000.000000000000000 ) ;
#458 = PLANE ( 'NONE',  #203 ) ;
#460 = ORIENTED_EDGE ( 'NONE', *, *, #2147, .F. ) ;
#461 = DIRECTION ( 'NONE',  ( 4.205390244792259339E-16, 0.000000000000000000, 1.000000000000000000 ) ) ;
#462 = VECTOR ( 'NONE', #672, 1000.000000000000000 ) ;
#463 = CARTESIAN_POINT ( 'NONE',  ( -44.00000000000000000, 10.00000000000000000, 1.000000000000000000 ) ) ;
#464 = EDGE_CURVE ( 'NONE', #597, #87, #372, .T. ) ;
#465 = FACE_OUTER_BOUND ( 'NONE', #1322, .T. ) ;
#466 = AXIS2_PLACEMENT_3D ( 'NONE', #1276, #1288, #3208 ) ;
#467 = DIRECTION ( 'NONE',  ( 0.8660254037844385966, 0.000000000000000000, -0.5000000000000001110 ) ) ;
#468 = AXIS2_PLACEMENT_3D ( 'NONE', #296, #2019, #81 ) ;
#469 = EDGE_CURVE ( 'NONE', #631, #294, #896, .T. ) ;
#470 = EDGE_LOOP ( 'NONE', ( #2554, #3085 ) ) ;
#471 = CARTESIAN_POINT ( 'NONE',  ( 45.00000000000000000, 27.99999999999999645, 0.9999999999999833467 ) ) ;
#472 = ORIENTED_EDGE ( 'NONE', *, *, #1138, .T. ) ;
#473 = ORIENTED_EDGE ( 'NONE', *, *, #979, .T. ) ;
#474 = DIRECTION ( 'NONE',  ( 1.000000000000000000, 0.000000000000000000, 0.000000000000000000 ) ) ;
#475 = ADVANCED_FACE ( 'NONE', ( #3096 ), #1087, .F. ) ;
#476 = CARTESIAN_POINT ( 'NONE',  ( -65.00000000000000000, 0.4142135623730951455, 24.41421356237309581 ) ) ;
#477 = EDGE_CURVE ( 'NONE', #1240, #2665, #2671, .T. ) ;
#478 = ORIENTED_EDGE ( 'NONE', *, *, #1937, .F. ) ;
#479 = ADVANCED_FACE ( 'NONE', ( #823 ), #1564, .T. ) ;
#480 = FACE_OUTER_BOUND ( 'NONE', #1962, .T. ) ;
#481 = CARTESIAN_POINT ( 'NONE',  ( -45.00000000000000000, 9.000000000000000000, 24.00000000000000000 ) ) ;
#482 = DIRECTION ( 'NONE',  ( 1.577021341797097314E-16, -0.000000000000000000, 1.000000000000000000 ) ) ;
#483 = VERTEX_POINT ( 'NONE', #2027 ) ;
#484 = CARTESIAN_POINT ( 'NONE',  ( -26.70000000000000284, 10.00000000000000000, 9.058845726811982857 ) ) ;
#485 = ORIENTED_EDGE ( 'NONE', *, *, #2377, .T. ) ;
#486 = CC_DESIGN_DATE_AND_TIME_ASSIGNMENT ( #228, #1961, ( #1270 ) ) ;
#487 = DIRECTION ( 'NONE',  ( 0.000000000000000000, 0.000000000000000000, -1.000000000000000000 ) ) ;
#488 = ORIENTED_EDGE ( 'NONE', *, *, #407, .F. ) ;
#489 = CARTESIAN_POINT ( 'NONE',  ( -35.00000000000002132, 1.999999999999999112, 45.32500000000000284 ) ) ;
#490 = CARTESIAN_POINT ( 'NONE',  ( -45.00000000000000000, 9.000000000000000000, 23.00000000000000000 ) ) ;
#491 = CARTESIAN_POINT ( 'NONE',  ( -45.00000000000000000, 0.000000000000000000, 66.00000000000000000 ) ) ;
#492 = EDGE_CURVE ( 'NONE', #2070, #856, #1785, .T. ) ;
#493 = CARTESIAN_POINT ( 'NONE',  ( -35.00000000000002132, 9.000000000000000000, 45.32500000000000284 ) ) ;
#494 = CARTESIAN_POINT ( 'NONE',  ( -44.00000000000000000, 10.00000000000000000, 14.00000000000000000 ) ) ;
#495 = EDGE_CURVE ( 'NONE', #206, #361, #574, .T. ) ;
#496 = CARTESIAN_POINT ( 'NONE',  ( -22.25000000000000355, 28.99999999999999645, 11.99999999999999822 ) ) ;
#497 = DIRECTION ( 'NONE',  ( 0.000000000000000000, 8.673617379884027583E-16, -1.000000000000000000 ) ) ;
#498 = ORIENTED_EDGE ( 'NONE', *, *, #1017, .F. ) ;
#499 = ORIENTED_EDGE ( 'NONE', *, *, #2738, .T. ) ;
#500 = AXIS2_PLACEMENT_3D ( 'NONE', #928, #1664, #2645 ) ;
#501 = CARTESIAN_POINT ( 'NONE',  ( -64.00000000000000000, 19.00000000000000000, 0.000000000000000000 ) ) ;
#502 = EDGE_LOOP ( 'NONE', ( #3005, #485 ) ) ;
#503 = EDGE_CURVE ( 'NONE', #1370, #2721, #393, .T. ) ;
#504 = CARTESIAN_POINT ( 'NONE',  ( 22.75000000000002842, 8.000000000000000000, 68.00000000000000000 ) ) ;
#505 = VECTOR ( 'NONE', #858, 1000.000000000000000 ) ;
#506 = EDGE_CURVE ( 'NONE', #141, #3158, #2080, .T. ) ;
#507 = CARTESIAN_POINT ( 'NONE',  ( 22.75000000000002842, 28.99999999999999645, 23.00000000000000000 ) ) ;
#508 = AXIS2_PLACEMENT_3D ( 'NONE', #2476, #2233, #1996 ) ;
#509 = ORIENTED_EDGE ( 'NONE', *, *, #2375, .F. ) ;
#510 = VECTOR ( 'NONE', #956, 1000.000000000000000 ) ;
#511 = DIRECTION ( 'NONE',  ( 0.000000000000000000, -1.000000000000000000, 0.000000000000000000 ) ) ;
#512 = FACE_OUTER_BOUND ( 'NONE', #2926, .T. ) ;
#513 = CARTESIAN_POINT ( 'NONE',  ( -60.00000000000000711, 9.000000000000000000, 68.00000000000000000 ) ) ;
#514 = CIRCLE ( 'NONE', #2993, 2.674999999999996714 ) ;
#515 = CIRCLE ( 'NONE', #2994, 1.000000000000000888 ) ;
#516 = EDGE_CURVE ( 'NONE', #423, #1686, #2289, .T. ) ;
#517 = CARTESIAN_POINT ( 'NONE',  ( -22.75000000000002842, 49.00000000000000000, 67.00000000000000000 ) ) ;
#518 = ORIENTED_EDGE ( 'NONE', *, *, #1235, .T. ) ;
#519 = AXIS2_PLACEMENT_3D ( 'NONE', #865, #1814, #280 ) ;
#520 = FACE_OUTER_BOUND ( 'NONE', #352, .T. ) ;
#521 = ORIENTED_EDGE ( 'NONE', *, *, #1138, .F. ) ;
#522 = DIRECTION ( 'NONE',  ( 1.000000000000000000, 0.000000000000000000, -0.000000000000000000 ) ) ;
#523 = CARTESIAN_POINT ( 'NONE',  ( 21.25000000000000000, 10.00000000000000000, 13.99999999999998757 ) ) ;
#524 = ADVANCED_FACE ( 'NONE', ( #2092 ), #2323, .F. ) ;
#525 = ORIENTED_EDGE ( 'NONE', *, *, #1463, .F. ) ;
#526 = CARTESIAN_POINT ( 'NONE',  ( -65.00000000000000000, 18.00000000000000000, 69.00000000000000000 ) ) ;
#527 = CARTESIAN_POINT ( 'NONE',  ( 9.000000000000015987, 9.000000000000000000, 41.99999999999998579 ) ) ;
#528 = DIRECTION ( 'NONE',  ( 0.000000000000000000, 0.000000000000000000, -1.000000000000000000 ) ) ;
#529 = DIRECTION ( 'NONE',  ( -0.8660254037844387076, 0.000000000000000000, -0.4999999999999999445 ) ) ;
#530 = ORIENTED_EDGE ( 'NONE', *, *, #681, .F. ) ;
#531 =( BOUNDED_CURVE ( )  B_SPLINE_CURVE ( 3, ( #1085, #2090, #2857, #111 ),
 .UNSPECIFIED., .F., .T. ) 
 B_SPLINE_CURVE_WITH_KNOTS ( ( 4, 4 ),
 ( 3.141592653589793116, 4.712388980384689674 ),
 .UNSPECIFIED. ) 
 CURVE ( )  GEOMETRIC_REPRESENTATION_ITEM ( )  RATIONAL_B_SPLINE_CURVE ( ( 1.000000000000000000, 0.8047378541243649375, 0.8047378541243649375, 1.000000000000000000 ) ) 
 REPRESENTATION_ITEM ( '' )  );
#532 = DIRECTION ( 'NONE',  ( 0.000000000000000000, 1.000000000000000000, -0.000000000000000000 ) ) ;
#533 = ORIENTED_EDGE ( 'NONE', *, *, #776, .T. ) ;
#534 = CARTESIAN_POINT ( 'NONE',  ( -49.99999999999999289, 19.00000000000000000, 68.00000000000000000 ) ) ;
#535 = CARTESIAN_POINT ( 'NONE',  ( -49.99999999999999289, 9.000000000000000000, 68.00000000000000000 ) ) ;
#536 = LINE ( 'NONE', #1530, #660 ) ;
#537 = FACE_OUTER_BOUND ( 'NONE', #79, .T. ) ;
#538 = FACE_OUTER_BOUND ( 'NONE', #1649, .T. ) ;
#539 = CARTESIAN_POINT ( 'NONE',  ( -22.75000000000002842, 27.99999999999999645, 23.00000000000000000 ) ) ;
#540 = VERTEX_POINT ( 'NONE', #1394 ) ;
#541 = ADVANCED_FACE ( 'NONE', ( #2579 ), #2072, .F. ) ;
#542 = EDGE_CURVE ( 'NONE', #2070, #860, #130, .T. ) ;
#543 = LINE ( 'NONE', #1570, #2636 ) ;
#544 = AXIS2_PLACEMENT_3D ( 'NONE', #12, #3209, #2224 ) ;
#545 = DIRECTION ( 'NONE',  ( 0.000000000000000000, -0.4138029443011839725, -0.9103664774626047951 ) ) ;
#546 = ORIENTED_EDGE ( 'NONE', *, *, #2254, .F. ) ;
#547 = CARTESIAN_POINT ( 'NONE',  ( -65.00000000000000000, 9.000000000000000000, 24.00000000000000000 ) ) ;
#548 = AXIS2_PLACEMENT_3D ( 'NONE', #1234, #2927, #697 ) ;
#549 = CARTESIAN_POINT ( 'NONE',  ( 22.75000000000002842, 48.44699582058231613, 67.00000000000000000 ) ) ;
#550 = VECTOR ( 'NONE', #1915, 1000.000000000000000 ) ;
#551 = EDGE_CURVE ( 'NONE', #1385, #1677, #337, .T. ) ;
#553 = VECTOR ( 'NONE', #300, 1000.000000000000000 ) ;
#552 = CARTESIAN_POINT ( 'NONE',  ( -8.999999999999992895, 0.000000000000000000, 48.00000000000000000 ) ) ;
#554 = DIRECTION ( 'NONE',  ( 1.000000000000000000, -0.000000000000000000, -0.000000000000000000 ) ) ;
#555 = CARTESIAN_POINT ( 'NONE',  ( 9.000000000000015987, 0.000000000000000000, 41.99999999999998579 ) ) ;
#556 = DIRECTION ( 'NONE',  ( -0.000000000000000000, 1.000000000000000000, -0.000000000000000000 ) ) ;
#557 = VECTOR ( 'NONE', #158, 1000.000000000000000 ) ;
#558 = AXIS2_PLACEMENT_3D ( 'NONE', #2615, #2386, #1400 ) ;
#559 = DIRECTION ( 'NONE',  ( -4.205390244792259339E-16, 0.000000000000000000, -1.000000000000000000 ) ) ;
#560 = ORIENTED_EDGE ( 'NONE', *, *, #1921, .T. ) ;
#561 = VECTOR ( 'NONE', #2789, 1000.000000000000000 ) ;
#562 = CARTESIAN_POINT ( 'NONE',  ( 22.75000000000002487, 9.000000000000000000, 67.58578643762692195 ) ) ;
#563 = EDGE_LOOP ( 'NONE', ( #1687, #2281, #1816, #1793 ) ) ;
#564 = AXIS2_PLACEMENT_3D ( 'NONE', #42, #2192, #1960 ) ;
#565 = DIRECTION ( 'NONE',  ( 0.5000000000000004441, 0.000000000000000000, 0.8660254037844384856 ) ) ;
#566 = EDGE_CURVE ( 'NONE', #109, #2292, #297, .T. ) ;
#567 = EDGE_LOOP ( 'NONE', ( #2622, #1131, #684, #164, #3097, #533 ) ) ;
#568 = DIRECTION ( 'NONE',  ( -0.5000000000000001110, 0.000000000000000000, -0.8660254037844387076 ) ) ;
#569 = APPROVAL_PERSON_ORGANIZATION ( #3147, #3115, #195 ) ;
#570 = DIRECTION ( 'NONE',  ( -0.000000000000000000, 0.000000000000000000, 1.000000000000000000 ) ) ;
#571 = EDGE_CURVE ( 'NONE', #7, #2702, #1894, .T. ) ;
#572 = ORIENTED_EDGE ( 'NONE', *, *, #1072, .F. ) ;
#573 = CARTESIAN_POINT ( 'NONE',  ( 9.000000000000008882, 0.000000000000000000, 47.99999999999999289 ) ) ;
#574 = LINE ( 'NONE', #603, #1034 ) ;
#575 = FACE_OUTER_BOUND ( 'NONE', #609, .T. ) ;
#576 = EDGE_CURVE ( 'NONE', #2782, #922, #1427, .T. ) ;
#577 = EDGE_CURVE ( 'NONE', #1106, #721, #1836, .T. ) ;
#578 = FACE_OUTER_BOUND ( 'NONE', #1786, .T. ) ;
#579 = DESIGN_CONTEXT ( 'detailed design', #1039, 'design' ) ;
#580 = EDGE_CURVE ( 'NONE', #877, #1172, #148, .T. ) ;
#581 = DIRECTION ( 'NONE',  ( 0.000000000000000000, 0.000000000000000000, 1.000000000000000000 ) ) ;
#582 = ORIENTED_EDGE ( 'NONE', *, *, #2498, .T. ) ;
#583 = LINE ( 'NONE', #63, #1189 ) ;
#584 = ORIENTED_EDGE ( 'NONE', *, *, #403, .T. ) ;
#585 = DIRECTION ( 'NONE',  ( 2.871334727630347821E-16, 0.4138029443011839725, 0.9103664774626046841 ) ) ;
#586 = DIRECTION ( 'NONE',  ( -0.8660254037844385966, 0.000000000000000000, 0.5000000000000000000 ) ) ;
#587 = EDGE_LOOP ( 'NONE', ( #473, #3090, #2760, #917 ) ) ;
#588 = DIRECTION ( 'NONE',  ( 0.000000000000000000, 0.000000000000000000, 1.000000000000000000 ) ) ;
#589 = DIRECTION ( 'NONE',  ( 0.000000000000000000, -1.000000000000000000, 0.000000000000000000 ) ) ;
#590 = PERSON_AND_ORGANIZATION ( #2376, #2482 ) ;
#591 = ORIENTED_EDGE ( 'NONE', *, *, #13, .F. ) ;
#592 = ADVANCED_FACE ( 'NONE', ( #1155 ), #1170, .F. ) ;
#593 = DIRECTION ( 'NONE',  ( 0.000000000000000000, 0.000000000000000000, 1.000000000000000000 ) ) ;
#594 = CYLINDRICAL_SURFACE ( 'NONE', #2310, 1.000000000000000888 ) ;
#595 = ORIENTED_EDGE ( 'NONE', *, *, #2793, .F. ) ;
#596 = ORIENTED_EDGE ( 'NONE', *, *, #133, .T. ) ;
#597 = VERTEX_POINT ( 'NONE', #925 ) ;
#598 = ADVANCED_FACE ( 'NONE', ( #911 ), #1660, .F. ) ;
#599 = CARTESIAN_POINT ( 'NONE',  ( -44.00000000000000000, 27.99999999999999645, 23.00000000000000000 ) ) ;
#600 = DIRECTION ( 'NONE',  ( 1.000000000000000000, -0.000000000000000000, -0.000000000000000000 ) ) ;
#601 = ORIENTED_EDGE ( 'NONE', *, *, #2204, .F. ) ;
#602 = DIRECTION ( 'NONE',  ( -0.4999999999999999445, 0.000000000000000000, 0.8660254037844387076 ) ) ;
#603 = CARTESIAN_POINT ( 'NONE',  ( -21.29999999999999361, 10.00000000000000000, 9.058845726811986410 ) ) ;
#604 = CYLINDRICAL_SURFACE ( 'NONE', #1858, 1.000000000000000888 ) ;
#605 = ORIENTED_EDGE ( 'NONE', *, *, #1297, .F. ) ;
#606 = AXIS2_PLACEMENT_3D ( 'NONE', #1638, #409, #487 ) ;
#607 = AXIS2_PLACEMENT_3D ( 'NONE', #2598, #374, #1192 ) ;
#608 = LINE ( 'NONE', #3015, #1597 ) ;
#609 = EDGE_LOOP ( 'NONE', ( #1089, #1188, #2020 ) ) ;
#610 = CIRCLE ( 'NONE', #2422, 2.674999999999996714 ) ;
#611 = CARTESIAN_POINT ( 'NONE',  ( 21.25000000000000000, 28.99999999999999645, 12.99999999999999467 ) ) ;
#612 = VERTEX_POINT ( 'NONE', #3128 ) ;
#613 = CARTESIAN_POINT ( 'NONE',  ( 44.00000000000000711, 27.99999999999999645, 23.00000000000000000 ) ) ;
#614 = VECTOR ( 'NONE', #2864, 1000.000000000000000 ) ;
#615 = ORIENTED_EDGE ( 'NONE', *, *, #753, .T. ) ;
#616 = CARTESIAN_POINT ( 'NONE',  ( 21.29999999999999361, 0.000000000000000000, 5.941154273188001156 ) ) ;
#617 = ORIENTED_EDGE ( 'NONE', *, *, #577, .F. ) ;
#619 = AXIS2_PLACEMENT_3D ( 'NONE', #2143, #1689, #3176 ) ;
#618 = DIRECTION ( 'NONE',  ( 0.000000000000000000, 0.000000000000000000, -1.000000000000000000 ) ) ;
#620 = ADVANCED_FACE ( 'NONE', ( #2873 ), #653, .T. ) ;
#621 = EDGE_LOOP ( 'NONE', ( #2243, #1351, #1438, #1274 ) ) ;
#622 = VECTOR ( 'NONE', #1676, 1000.000000000000000 ) ;
#623 = FACE_OUTER_BOUND ( 'NONE', #1888, .T. ) ;
#624 = DIRECTION ( 'NONE',  ( -0.000000000000000000, 1.000000000000000000, -0.000000000000000000 ) ) ;
#625 = AXIS2_PLACEMENT_3D ( 'NONE', #1310, #2028, #2987 ) ;
#626 = CARTESIAN_POINT ( 'NONE',  ( 45.00000000000000711, 11.00000000000000000, 14.99999999999998579 ) ) ;
#627 = ORIENTED_EDGE ( 'NONE', *, *, #506, .T. ) ;
#628 = CARTESIAN_POINT ( 'NONE',  ( 21.24999999999999645, 10.00000000000000178, -6.702340702637665136E-15 ) ) ;
#629 = CARTESIAN_POINT ( 'NONE',  ( 1.591863895602246081E-15, 28.99999999999999645, 12.99999999999999822 ) ) ;
#630 = DIRECTION ( 'NONE',  ( 0.000000000000000000, -1.000000000000000000, 8.673617379884026597E-16 ) ) ;
#631 = VERTEX_POINT ( 'NONE', #1303 ) ;
#632 = CARTESIAN_POINT ( 'NONE',  ( -21.29999999999999361, 10.00000000000000000, 5.941154273188007373 ) ) ;
#633 = EDGE_LOOP ( 'NONE', ( #1372, #2490, #2806, #3122 ) ) ;
#634 = DIRECTION ( 'NONE',  ( -1.000000000000000000, 0.000000000000000000, 0.000000000000000000 ) ) ;
#635 = ORIENTED_EDGE ( 'NONE', *, *, #2239, .F. ) ;
#636 = LINE ( 'NONE', #2814, #2949 ) ;
#637 = ORIENTED_EDGE ( 'NONE', *, *, #41, .F. ) ;
#638 = CARTESIAN_POINT ( 'NONE',  ( -50.00000000000000000, 19.00000000000000000, 24.00000000000000000 ) ) ;
#639 =( BOUNDED_CURVE ( )  B_SPLINE_CURVE ( 3, ( #2496, #2487, #1508, #1744 ),
 .UNSPECIFIED., .F., .T. ) 
 B_SPLINE_CURVE_WITH_KNOTS ( ( 4, 4 ),
 ( 0.000000000000000000, 1.570796326794896558 ),
 .UNSPECIFIED. ) 
 CURVE ( )  GEOMETRIC_REPRESENTATION_ITEM ( )  RATIONAL_B_SPLINE_CURVE ( ( 1.000000000000000000, 0.8047378541243649375, 0.8047378541243649375, 1.000000000000000000 ) ) 
 REPRESENTATION_ITEM ( '' )  );
#640 = DIRECTION ( 'NONE',  ( 0.000000000000000000, -0.000000000000000000, 1.000000000000000000 ) ) ;
#641 = APPLICATION_PROTOCOL_DEFINITION ( 'international standard', 'config_control_design', 1994, #238 ) ;
#642 = ORIENTED_EDGE ( 'NONE', *, *, #222, .F. ) ;
#643 = DIRECTION ( 'NONE',  ( 1.000000000000000000, 0.000000000000000000, 0.000000000000000000 ) ) ;
#644 = CARTESIAN_POINT ( 'NONE',  ( -45.99999999999999289, 0.000000000000000000, 69.00000000000000000 ) ) ;
#645 = DIRECTION ( 'NONE',  ( 0.000000000000000000, 0.000000000000000000, -1.000000000000000000 ) ) ;
#646 = ORIENTED_EDGE ( 'NONE', *, *, #2056, .F. ) ;
#647 = DIRECTION ( 'NONE',  ( 0.000000000000000000, 1.000000000000000000, 0.000000000000000000 ) ) ;
#648 = ORIENTED_EDGE ( 'NONE', *, *, #2526, .F. ) ;
#649 = EDGE_CURVE ( 'NONE', #2391, #3107, #282, .T. ) ;
#650 = DIRECTION ( 'NONE',  ( -0.8660254037844385966, 0.000000000000000000, -0.5000000000000001110 ) ) ;
#651 = ORIENTED_EDGE ( 'NONE', *, *, #2375, .T. ) ;
#652 = ORIENTED_EDGE ( 'NONE', *, *, #2337, .T. ) ;
#653 = CYLINDRICAL_SURFACE ( 'NONE', #606, 1.000000000000000888 ) ;
#654 = MECHANICAL_CONTEXT ( 'NONE', #238, 'mechanical' ) ;
#655 = ORIENTED_EDGE ( 'NONE', *, *, #912, .T. ) ;
#656 =( BOUNDED_CURVE ( )  B_SPLINE_CURVE ( 3, ( #1784, #562, #1049, #1108 ),
 .UNSPECIFIED., .F., .T. ) 
 B_SPLINE_CURVE_WITH_KNOTS ( ( 4, 4 ),
 ( 3.141592653589793116, 4.712388980384689674 ),
 .UNSPECIFIED. ) 
 CURVE ( )  GEOMETRIC_REPRESENTATION_ITEM ( )  RATIONAL_B_SPLINE_CURVE ( ( 1.000000000000000000, 0.8047378541243649375, 0.8047378541243649375, 1.000000000000000000 ) ) 
 REPRESENTATION_ITEM ( '' )  );
#657 = CIRCLE ( 'NONE', #500, 1.000000000000000888 ) ;
#658 = LINE ( 'NONE', #2628, #2821 ) ;
#659 = FACE_OUTER_BOUND ( 'NONE', #2136, .T. ) ;
#660 = VECTOR ( 'NONE', #1485, 1000.000000000000000 ) ;
#661 = LINE ( 'NONE', #2130, #614 ) ;
#662 = CYLINDRICAL_SURFACE ( 'NONE', #829, 1.000000000000000888 ) ;
#663 = CIRCLE ( 'NONE', #773, 1.000000000000000888 ) ;
#664 = ORIENTED_EDGE ( 'NONE', *, *, #2377, .F. ) ;
#665 = ORIENTED_EDGE ( 'NONE', *, *, #1937, .T. ) ;
#666 = CARTESIAN_POINT ( 'NONE',  ( -64.00000000000000000, 19.00000000000000000, 24.00000000000000000 ) ) ;
#667 = AXIS2_PLACEMENT_3D ( 'NONE', #1873, #703, #2869 ) ;
#668 = ORIENTED_EDGE ( 'NONE', *, *, #1521, .T. ) ;
#669 = EDGE_CURVE ( 'NONE', #1677, #723, #2985, .T. ) ;
#670 = AXIS2_PLACEMENT_3D ( 'NONE', #1782, #3030, #78 ) ;
#671 = VERTEX_POINT ( 'NONE', #1031 ) ;
#672 = DIRECTION ( 'NONE',  ( -0.000000000000000000, -1.000000000000000000, -0.000000000000000000 ) ) ;
#673 = VECTOR ( 'NONE', #1447, 1000.000000000000000 ) ;
#674 = CARTESIAN_POINT ( 'NONE',  ( -45.00000000000000000, 27.99999999999999645, 1.000000000000000888 ) ) ;
#675 = DIRECTION ( 'NONE',  ( 1.000000000000000000, 0.000000000000000000, 0.000000000000000000 ) ) ;
#676 = ORIENTED_EDGE ( 'NONE', *, *, #2263, .F. ) ;
#677 = AXIS2_PLACEMENT_3D ( 'NONE', #2556, #2801, #2833 ) ;
#678 = VECTOR ( 'NONE', #345, 1000.000000000000000 ) ;
#679 = DIRECTION ( 'NONE',  ( 0.000000000000000000, 0.000000000000000000, 1.000000000000000000 ) ) ;
#680 = PLANE ( 'NONE',  #1698 ) ;
#681 = EDGE_CURVE ( 'NONE', #1246, #3158, #1981, .T. ) ;
#682 = CARTESIAN_POINT ( 'NONE',  ( 44.00000000000000711, 9.000000000000000000, 24.00000000000000000 ) ) ;
#683 = DIRECTION ( 'NONE',  ( 0.000000000000000000, -1.000000000000000000, 0.000000000000000000 ) ) ;
#684 = ORIENTED_EDGE ( 'NONE', *, *, #1168, .T. ) ;
#685 = VERTEX_POINT ( 'NONE', #3019 ) ;
#686 = CARTESIAN_POINT ( 'NONE',  ( -22.75000000000002842, 9.000000000000000000, 66.00000000000000000 ) ) ;
#687 = EDGE_CURVE ( 'NONE', #2992, #2832, #341, .T. ) ;
#688 = VERTEX_POINT ( 'NONE', #2205 ) ;
#689 = ORIENTED_EDGE ( 'NONE', *, *, #921, .F. ) ;
#690 = CARTESIAN_POINT ( 'NONE',  ( -21.29999999999999361, 0.000000000000000000, 9.058845726811986410 ) ) ;
#691 = CARTESIAN_POINT ( 'NONE',  ( -23.99999999999999645, 28.99999999999999645, 4.382308546376015634 ) ) ;
#692 = CARTESIAN_POINT ( 'NONE',  ( -8.999999999999992895, 0.000000000000000000, 48.00000000000000000 ) ) ;
#693 = CALENDAR_DATE ( 2026, 26, 6 ) ;
#694 = ORIENTED_EDGE ( 'NONE', *, *, #2838, .F. ) ;
#695 = ADVANCED_FACE ( 'NONE', ( #2008 ), #3007, .F. ) ;
#696 = ADVANCED_FACE ( 'NONE', ( #520 ), #1993, .T. ) ;
#697 = DIRECTION ( 'NONE',  ( 1.000000000000000000, 0.000000000000000000, 0.000000000000000000 ) ) ;
#698 = CARTESIAN_POINT ( 'NONE',  ( 21.25000000000000000, 28.58578643762690064, 12.99999999999999467 ) ) ;
#699 = DIRECTION ( 'NONE',  ( 0.7071067811865444641, -0.7071067811865505703, -2.230244969721262330E-16 ) ) ;
#700 = LINE ( 'NONE', #2663, #1456 ) ;
#701 = VERTEX_POINT ( 'NONE', #1285 ) ;
#702 = ORIENTED_EDGE ( 'NONE', *, *, #2862, .T. ) ;
#703 = DIRECTION ( 'NONE',  ( 1.000000000000000000, 0.000000000000000000, 0.000000000000000000 ) ) ;
#704 = VERTEX_POINT ( 'NONE', #2762 ) ;
#705 = ORIENTED_EDGE ( 'NONE', *, *, #576, .F. ) ;
#706 = LINE ( 'NONE', #3175, #2682 ) ;
#707 = EDGE_CURVE ( 'NONE', #1385, #688, #286, .T. ) ;
#708 = EDGE_CURVE ( 'NONE', #1202, #7, #2518, .T. ) ;
#709 = DIRECTION ( 'NONE',  ( 0.000000000000000000, -1.000000000000000000, 0.000000000000000000 ) ) ;
#710 = VERTEX_POINT ( 'NONE', #2979 ) ;
#711 = CYLINDRICAL_SURFACE ( 'NONE', #1335, 1.000000000000000888 ) ;
#712 = CIRCLE ( 'NONE', #1280, 1.000000000000000888 ) ;
#713 = DIRECTION ( 'NONE',  ( 0.000000000000000000, 0.000000000000000000, 1.000000000000000000 ) ) ;
#714 = DIRECTION ( 'NONE',  ( 1.000000000000000000, -0.000000000000000000, -0.000000000000000000 ) ) ;
#715 = CIRCLE ( 'NONE', #73, 1.049999999999995381 ) ;
#716 = CARTESIAN_POINT ( 'NONE',  ( -26.70000000000000284, 28.99999999999999645, 5.941154273188007373 ) ) ;
#717 = AXIS2_PLACEMENT_3D ( 'NONE', #2456, #1052, #240 ) ;
#718 = ORIENTED_EDGE ( 'NONE', *, *, #2404, .F. ) ;
#719 = CARTESIAN_POINT ( 'NONE',  ( -47.00000000000000000, 19.00000000000000000, 24.00000000000000000 ) ) ;
#720 = ADVANCED_FACE ( 'NONE', ( #1763 ), #8, .T. ) ;
#721 = VERTEX_POINT ( 'NONE', #1970 ) ;
#722 = CIRCLE ( 'NONE', #1950, 1.000000000000000888 ) ;
#723 = VERTEX_POINT ( 'NONE', #2265 ) ;
#724 = DIRECTION ( 'NONE',  ( 0.000000000000000000, 0.000000000000000000, -1.000000000000000000 ) ) ;
#725 = EDGE_CURVE ( 'NONE', #1415, #1595, #2716, .T. ) ;
#727 = AXIS2_PLACEMENT_3D ( 'NONE', #690, #474, #724 ) ;
#726 = DIRECTION ( 'NONE',  ( 1.000000000000000000, 0.000000000000000000, -1.734723475976807094E-16 ) ) ;
#728 = ADVANCED_FACE ( 'NONE', ( #1262 ), #2231, .T. ) ;
#729 = ORIENTED_EDGE ( 'NONE', *, *, #3143, .T. ) ;
#730 = AXIS2_PLACEMENT_3D ( 'NONE', #3170, #2452, #234 ) ;
#731 = EDGE_CURVE ( 'NONE', #1338, #1246, #663, .T. ) ;
#732 = CYLINDRICAL_SURFACE ( 'NONE', #1238, 1.050000000000002265 ) ;
#733 = AXIS2_PLACEMENT_3D ( 'NONE', #2503, #1997, #285 ) ;
#734 = CARTESIAN_POINT ( 'NONE',  ( -35.00000000000002132, 9.000000000000000000, 48.00000000000000000 ) ) ;
#735 = CIRCLE ( 'NONE', #258, 1.050000000000002265 ) ;
#736 = CARTESIAN_POINT ( 'NONE',  ( 23.99999999999999289, 0.000000000000000000, 10.61769145362397282 ) ) ;
#737 = AXIS2_PLACEMENT_3D ( 'NONE', #1268, #1758, #2744 ) ;
#738 = ORIENTED_EDGE ( 'NONE', *, *, #1095, .F. ) ;
#739 = CYLINDRICAL_SURFACE ( 'NONE', #1647, 1.049999999999995381 ) ;
#740 = ORIENTED_EDGE ( 'NONE', *, *, #3012, .T. ) ;
#741 = EDGE_CURVE ( 'NONE', #631, #1103, #2489, .T. ) ;
#742 = ORIENTED_EDGE ( 'NONE', *, *, #2414, .T. ) ;
#743 = SPHERICAL_SURFACE ( 'NONE', #2946, 1.000000000000000000 ) ;
#744 = FACE_OUTER_BOUND ( 'NONE', #1233, .T. ) ;
#745 = EDGE_CURVE ( 'NONE', #159, #2321, #3084, .T. ) ;
#746 = ORIENTED_EDGE ( 'NONE', *, *, #30, .F. ) ;
#747 = DIRECTION ( 'NONE',  ( 0.000000000000000000, 0.000000000000000000, -1.000000000000000000 ) ) ;
#748 = DIRECTION ( 'NONE',  ( 0.000000000000000000, 0.000000000000000000, -1.000000000000000000 ) ) ;
#749 = DIRECTION ( 'NONE',  ( 0.000000000000000000, 1.000000000000000000, 0.000000000000000000 ) ) ;
#750 = DIRECTION ( 'NONE',  ( 0.000000000000000000, 0.000000000000000000, -1.000000000000000000 ) ) ;
#751 = ORIENTED_EDGE ( 'NONE', *, *, #2222, .F. ) ;
#752 = DIRECTION ( 'NONE',  ( -1.000000000000000000, 0.000000000000000000, 0.000000000000000000 ) ) ;
#753 = EDGE_CURVE ( 'NONE', #2695, #802, #787, .T. ) ;
#754 = VERTEX_POINT ( 'NONE', #2247 ) ;
#755 = FACE_OUTER_BOUND ( 'NONE', #170, .T. ) ;
#756 = CARTESIAN_POINT ( 'NONE',  ( -44.00000000000000000, 9.000000000000000000, 24.00000000000000000 ) ) ;
#757 = CARTESIAN_POINT ( 'NONE',  ( -47.99999999999999289, 1.000000000000000000, 69.00000000000000000 ) ) ;
#758 = SPHERICAL_SURFACE ( 'NONE', #2462, 1.000000000000000000 ) ;
#759 = EDGE_CURVE ( 'NONE', #2624, #1857, #1175, .T. ) ;
#760 = CARTESIAN_POINT ( 'NONE',  ( 9.000000000000015987, 9.000000000000000000, 40.94999999999998863 ) ) ;
#761 = CARTESIAN_POINT ( 'NONE',  ( -50.00000000000000000, 9.000000000000000000, 24.00000000000000000 ) ) ;
#762 = EDGE_CURVE ( 'NONE', #1338, #3038, #2831, .T. ) ;
#763 = PLANE ( 'NONE',  #2947 ) ;
#764 = EDGE_CURVE ( 'NONE', #2361, #612, #2115, .T. ) ;
#765 = CARTESIAN_POINT ( 'NONE',  ( -44.00000000000000000, 9.000000000000001776, 23.00000000000000000 ) ) ;
#766 = ORIENTED_EDGE ( 'NONE', *, *, #303, .T. ) ;
#767 = AXIS2_PLACEMENT_3D ( 'NONE', #1174, #1208, #2696 ) ;
#768 = DIRECTION ( 'NONE',  ( -0.000000000000000000, 0.000000000000000000, 1.000000000000000000 ) ) ;
#769 = ORIENTED_EDGE ( 'NONE', *, *, #687, .T. ) ;
#770 = DIRECTION ( 'NONE',  ( -1.000000000000000000, 0.000000000000000000, -0.000000000000000000 ) ) ;
#771 = AXIS2_PLACEMENT_3D ( 'NONE', #2545, #1069, #2596 ) ;
#772 = CARTESIAN_POINT ( 'NONE',  ( 21.25000000000000355, 27.99999999999999645, 21.80000000000000782 ) ) ;
#773 = AXIS2_PLACEMENT_3D ( 'NONE', #2219, #768, #1747 ) ;
#774 = DIRECTION ( 'NONE',  ( -1.000000000000000000, 0.000000000000000000, 0.000000000000000000 ) ) ;
#775 = VECTOR ( 'NONE', #3004, 1000.000000000000000 ) ;
#776 = EDGE_CURVE ( 'NONE', #1005, #1062, #2129, .T. ) ;
#777 = DIRECTION ( 'NONE',  ( 1.000000000000000000, 0.000000000000000000, 0.000000000000000000 ) ) ;
#778 = DIRECTION ( 'NONE',  ( -0.000000000000000000, 1.000000000000000000, -0.000000000000000000 ) ) ;
#779 = EDGE_CURVE ( 'NONE', #1938, #2540, #431, .T. ) ;
#780 = LINE ( 'NONE', #1279, #2887 ) ;
#781 = VECTOR ( 'NONE', #202, 1000.000000000000000 ) ;
#782 = EDGE_CURVE ( 'NONE', #2321, #3070, #2385, .T. ) ;
#783 = CIRCLE ( 'NONE', #1709, 0.9999999999999997780 ) ;
#784 = CARTESIAN_POINT ( 'NONE',  ( 23.99999999999999289, 28.99999999999999645, 10.61769145362397282 ) ) ;
#785 = VERTEX_POINT ( 'NONE', #1900 ) ;
#786 = LOCAL_TIME ( 23, 24, 25.00000000000000000, #177 ) ;
#787 = LINE ( 'NONE', #2749, #1746 ) ;
#788 = ORIENTED_EDGE ( 'NONE', *, *, #1050, .F. ) ;
#789 = CARTESIAN_POINT ( 'NONE',  ( -21.25000000000003197, 10.00000000000000711, 66.00000000000000000 ) ) ;
#790 = EDGE_CURVE ( 'NONE', #721, #2497, #1381, .T. ) ;
#791 = ADVANCED_FACE ( 'NONE', ( #833 ), #62, .T. ) ;
#792 = CARTESIAN_POINT ( 'NONE',  ( 21.25000000000003197, 49.00000000000000000, 66.00000000000000000 ) ) ;
#793 = LINE ( 'NONE', #1518, #2290 ) ;
#794 = DIRECTION ( 'NONE',  ( 0.000000000000000000, -1.000000000000000000, 0.000000000000000000 ) ) ;
#795 = CARTESIAN_POINT ( 'NONE',  ( 0.000000000000000000, 19.00000000000000000, 0.000000000000000000 ) ) ;
#796 = EDGE_CURVE ( 'NONE', #978, #860, #2343, .T. ) ;
#797 = ADVANCED_FACE ( 'NONE', ( #1158 ), #2241, .T. ) ;
#798 = CARTESIAN_POINT ( 'NONE',  ( -65.00000000000000000, 1.000000000000000000, 25.00000000000000000 ) ) ;
#799 = EDGE_LOOP ( 'NONE', ( #1079, #1421, #1214, #136, #2350, #601, #322, #2030, #3129, #2397, #908 ) ) ;
#800 = DIRECTION ( 'NONE',  ( 1.000000000000000000, -0.000000000000000000, 0.000000000000000000 ) ) ;
#801 = DIRECTION ( 'NONE',  ( -0.000000000000000000, 0.000000000000000000, 1.000000000000000000 ) ) ;
#802 = VERTEX_POINT ( 'NONE', #2364 ) ;
#803 = CARTESIAN_POINT ( 'NONE',  ( 35.00000000000002132, 9.000000000000000000, 48.00000000000000000 ) ) ;
#804 = ADVANCED_FACE ( 'NONE', ( #1139, #3117 ), #680, .F. ) ;
#805 = CARTESIAN_POINT ( 'NONE',  ( -22.75000000000004263, 28.99999999999999645, 24.00000000000000000 ) ) ;
#806 = EDGE_CURVE ( 'NONE', #1212, #2992, #1626, .T. ) ;
#807 = DIRECTION ( 'NONE',  ( -0.000000000000000000, 1.000000000000000000, -0.000000000000000000 ) ) ;
#808 = DIRECTION ( 'NONE',  ( 0.000000000000000000, 0.000000000000000000, -1.000000000000000000 ) ) ;
#809 = CARTESIAN_POINT ( 'NONE',  ( 0.000000000000000000, 9.000000000000000000, 64.99999999999998579 ) ) ;
#810 = DIRECTION ( 'NONE',  ( -1.000000000000000000, 0.000000000000000000, 1.224510688924804848E-16 ) ) ;
#811 = ORIENTED_EDGE ( 'NONE', *, *, #687, .F. ) ;
#812 = DIRECTION ( 'NONE',  ( -0.000000000000000000, -1.000000000000000000, -0.000000000000000000 ) ) ;
#813 = EDGE_LOOP ( 'NONE', ( #1733, #1783, #1375, #196 ) ) ;
#814 = CIRCLE ( 'NONE', #2616, 1.050000000000002265 ) ;
#815 = CARTESIAN_POINT ( 'NONE',  ( -44.00000000000000000, 27.99999999999999645, 23.00000000000000000 ) ) ;
#816 = EDGE_CURVE ( 'NONE', #1240, #256, #1842, .T. ) ;
#817 = ORIENTED_EDGE ( 'NONE', *, *, #1829, .T. ) ;
#818 = FACE_OUTER_BOUND ( 'NONE', #2580, .T. ) ;
#819 = DIRECTION ( 'NONE',  ( 0.000000000000000000, -1.000000000000000000, 0.000000000000000000 ) ) ;
#820 = AXIS2_PLACEMENT_3D ( 'NONE', #387, #1594, #2858 ) ;
#822 = VECTOR ( 'NONE', #2197, 1000.000000000000000 ) ;
#821 = LINE ( 'NONE', #1592, #561 ) ;
#823 = FACE_OUTER_BOUND ( 'NONE', #3058, .T. ) ;
#824 = DIRECTION ( 'NONE',  ( -0.000000000000000000, 0.000000000000000000, 1.000000000000000000 ) ) ;
#825 = AXIS2_PLACEMENT_3D ( 'NONE', #1536, #1967, #497 ) ;
#826 = AXIS2_PLACEMENT_3D ( 'NONE', #629, #2599, #810 ) ;
#827 = DIRECTION ( 'NONE',  ( 0.000000000000000000, -1.000000000000000000, 0.000000000000000000 ) ) ;
#828 = ORIENTED_EDGE ( 'NONE', *, *, #156, .F. ) ;
#829 = AXIS2_PLACEMENT_3D ( 'NONE', #1195, #2156, #3155 ) ;
#830 = FACE_OUTER_BOUND ( 'NONE', #1764, .T. ) ;
#831 = ORIENTED_EDGE ( 'NONE', *, *, #1517, .F. ) ;
#832 = AXIS2_PLACEMENT_3D ( 'NONE', #3022, #2283, #1357 ) ;
#833 = FACE_OUTER_BOUND ( 'NONE', #1053, .T. ) ;
#834 = DIRECTION ( 'NONE',  ( -0.000000000000000000, -1.000000000000000000, -0.000000000000000000 ) ) ;
#835 = EDGE_LOOP ( 'NONE', ( #2175, #1392, #2036 ) ) ;
#836 = CARTESIAN_POINT ( 'NONE',  ( -35.00000000000002132, 9.000000000000000000, 48.00000000000000000 ) ) ;
#837 = APPROVAL_PERSON_ORGANIZATION ( #876, #872, #2324 ) ;
#838 = EDGE_CURVE ( 'NONE', #597, #2835, #2673, .T. ) ;
#839 = CARTESIAN_POINT ( 'NONE',  ( -21.25000000000003197, 49.00000000000000000, 66.00000000000000000 ) ) ;
#840 = ORIENTED_EDGE ( 'NONE', *, *, #2767, .T. ) ;
#841 = ADVANCED_FACE ( 'NONE', ( #659 ), #2033, .T. ) ;
#842 = CARTESIAN_POINT ( 'NONE',  ( 20.24999999999997868, 9.000000000000000000, -6.386936434278239067E-15 ) ) ;
#843 = DIRECTION ( 'NONE',  ( -0.000000000000000000, 0.000000000000000000, 1.000000000000000000 ) ) ;
#844 = DIRECTION ( 'NONE',  ( 0.000000000000000000, 1.000000000000000000, -0.000000000000000000 ) ) ;
#845 = ORIENTED_EDGE ( 'NONE', *, *, #2709, .F. ) ;
#846 = ADVANCED_FACE ( 'NONE', ( #1787 ), #2630, .F. ) ;
#847 = CARTESIAN_POINT ( 'NONE',  ( -65.00000000000000000, 0.000000000000000000, 24.00000000000000000 ) ) ;
#848 = ADVANCED_FACE ( 'NONE', ( #316 ), #1317, .T. ) ;
#849 = FACE_OUTER_BOUND ( 'NONE', #913, .T. ) ;
#850 = EDGE_LOOP ( 'NONE', ( #2537, #2637, #75, #224 ) ) ;
#851 = ORIENTED_EDGE ( 'NONE', *, *, #477, .T. ) ;
#852 = ORIENTED_EDGE ( 'NONE', *, *, #2463, .T. ) ;
#853 = PLANE ( 'NONE',  #3194 ) ;
#854 = EDGE_CURVE ( 'NONE', #2919, #1896, #965, .T. ) ;
#855 = DIRECTION ( 'NONE',  ( 0.000000000000000000, 0.000000000000000000, -1.000000000000000000 ) ) ;
#856 = VERTEX_POINT ( 'NONE', #1269 ) ;
#857 = FACE_BOUND ( 'NONE', #470, .T. ) ;
#858 = DIRECTION ( 'NONE',  ( -1.577021341797097314E-16, 0.000000000000000000, -1.000000000000000000 ) ) ;
#859 =( NAMED_UNIT ( * ) PLANE_ANGLE_UNIT ( ) SI_UNIT ( $, .RADIAN. ) );
#860 = VERTEX_POINT ( 'NONE', #463 ) ;
#861 = EDGE_CURVE ( 'NONE', #2119, #442, #2728, .T. ) ;
#862 = DIRECTION ( 'NONE',  ( -0.8660254037844385966, -0.000000000000000000, 0.5000000000000001110 ) ) ;
#863 = VERTEX_POINT ( 'NONE', #2215 ) ;
#864 = ADVANCED_FACE ( 'NONE', ( #215 ), #2928, .F. ) ;
#865 = CARTESIAN_POINT ( 'NONE',  ( 1.836970198721014896E-16, 27.99999999999999645, 0.9999999999999917843 ) ) ;
#866 = ORIENTED_EDGE ( 'NONE', *, *, #649, .T. ) ;
#867 = EDGE_LOOP ( 'NONE', ( #1971, #2418, #3206, #1084, #1286, #1872, #1849, #105 ) ) ;
#868 = VERTEX_POINT ( 'NONE', #761 ) ;
#869 = DIRECTION ( 'NONE',  ( 0.000000000000000000, 0.000000000000000000, -1.000000000000000000 ) ) ;
#870 = DIRECTION ( 'NONE',  ( 0.000000000000000000, 0.000000000000000000, -1.000000000000000000 ) ) ;
#871 = ORIENTED_EDGE ( 'NONE', *, *, #2893, .T. ) ;
#872 = APPROVAL ( #1825, 'UNSPECIFIED' ) ;
#873 = LINE ( 'NONE', #1578, #1754 ) ;
#874 =( BOUNDED_CURVE ( )  B_SPLINE_CURVE ( 3, ( #2955, #1751, #2753, #549 ),
 .UNSPECIFIED., .F., .T. ) 
 B_SPLINE_CURVE_WITH_KNOTS ( ( 4, 4 ),
 ( 1.570796326794898334, 3.141592653589793116 ),
 .UNSPECIFIED. ) 
 CURVE ( )  GEOMETRIC_REPRESENTATION_ITEM ( )  RATIONAL_B_SPLINE_CURVE ( ( 1.000000000000000000, 0.8047378541243654926, 0.8047378541243654926, 1.000000000000000000 ) ) 
 REPRESENTATION_ITEM ( '' )  );
#875 = DIRECTION ( 'NONE',  ( -4.336808689942014285E-16, 3.686287386450718231E-15, -1.000000000000000000 ) ) ;
#876 = PERSON_AND_ORGANIZATION ( #2376, #2482 ) ;
#877 = VERTEX_POINT ( 'NONE', #481 ) ;
#878 = VECTOR ( 'NONE', #1475, 1000.000000000000000 ) ;
#879 = VECTOR ( 'NONE', #650, 1000.000000000000000 ) ;
#880 = DIRECTION ( 'NONE',  ( 0.000000000000000000, -0.000000000000000000, -1.000000000000000000 ) ) ;
#881 = ORIENTED_EDGE ( 'NONE', *, *, #1773, .F. ) ;
#882 = AXIS2_PLACEMENT_3D ( 'NONE', #2800, #2055, #869 ) ;
#883 = FACE_OUTER_BOUND ( 'NONE', #1048, .T. ) ;
#884 = EDGE_LOOP ( 'NONE', ( #2369, #3017, #1885, #3073, #2336, #3141 ) ) ;
#885 = CARTESIAN_POINT ( 'NONE',  ( 44.00000000000002842, 1.000000000000000000, 68.00000000000000000 ) ) ;
#886 = VECTOR ( 'NONE', #931, 1000.000000000000000 ) ;
#887 = ORIENTED_EDGE ( 'NONE', *, *, #236, .T. ) ;
#888 = DIRECTION ( 'NONE',  ( 0.000000000000000000, -1.000000000000000000, 0.000000000000000000 ) ) ;
#889 = EDGE_LOOP ( 'NONE', ( #271, #2089, #3049, #2146 ) ) ;
#891 = VECTOR ( 'NONE', #371, 1000.000000000000000 ) ;
#890 = DIRECTION ( 'NONE',  ( -1.000000000000000000, 0.000000000000000000, 0.000000000000000000 ) ) ;
#892 = EDGE_LOOP ( 'NONE', ( #1625, #1126, #1833, #19, #2913 ) ) ;
#893 = VECTOR ( 'NONE', #2234, 1000.000000000000000 ) ;
#894 = EDGE_CURVE ( 'NONE', #1228, #1272, #1507, .T. ) ;
#895 = CARTESIAN_POINT ( 'NONE',  ( -64.00000000000000000, 0.000000000000000000, 0.000000000000000000 ) ) ;
#896 = LINE ( 'NONE', #2611, #24 ) ;
#897 = VECTOR ( 'NONE', #581, 1000.000000000000000 ) ;
#898 = CARTESIAN_POINT ( 'NONE',  ( -26.70000000000000284, 28.99999999999999645, 9.058845726811982857 ) ) ;
#899 = ORIENTED_EDGE ( 'NONE', *, *, #1723, .F. ) ;
#900 = EDGE_CURVE ( 'NONE', #2695, #456, #232, .T. ) ;
#901 = DIRECTION ( 'NONE',  ( 0.000000000000000000, -0.000000000000000000, -1.000000000000000000 ) ) ;
#902 = DIRECTION ( 'NONE',  ( -1.000000000000000000, -0.000000000000000000, 1.734723475976807094E-16 ) ) ;
#903 = DIRECTION ( 'NONE',  ( -0.000000000000000000, -1.000000000000000000, -0.000000000000000000 ) ) ;
#904 = ORIENTED_EDGE ( 'NONE', *, *, #988, .F. ) ;
#905 = DIRECTION ( 'NONE',  ( 1.000000000000000000, -0.000000000000000000, -0.000000000000000000 ) ) ;
#906 = ORIENTED_EDGE ( 'NONE', *, *, #1723, .T. ) ;
#907 = LINE ( 'NONE', #686, #557 ) ;
#908 = ORIENTED_EDGE ( 'NONE', *, *, #580, .T. ) ;
#909 = VERTEX_POINT ( 'NONE', #2465 ) ;
#910 = CARTESIAN_POINT ( 'NONE',  ( -64.58578643762690774, 2.885785830794728711E-16, 24.00000000000000000 ) ) ;
#911 = FACE_OUTER_BOUND ( 'NONE', #2307, .T. ) ;
#912 = EDGE_CURVE ( 'NONE', #1951, #373, #2183, .T. ) ;
#913 = EDGE_LOOP ( 'NONE', ( #906, #1705, #2826, #1282 ) ) ;
#914 = DIRECTION ( 'NONE',  ( -0.000000000000000000, 1.000000000000000000, -0.000000000000000000 ) ) ;
#915 = DIRECTION ( 'NONE',  ( -0.000000000000000000, 1.000000000000000000, -0.000000000000000000 ) ) ;
#916 = CARTESIAN_POINT ( 'NONE',  ( 35.00000000000002132, 1.999999999999999112, 48.00000000000000000 ) ) ;
#917 = ORIENTED_EDGE ( 'NONE', *, *, #2940, .F. ) ;
#918 = ORIENTED_EDGE ( 'NONE', *, *, #2338, .T. ) ;
#919 = CARTESIAN_POINT ( 'NONE',  ( -45.00000000000000000, 9.000000000000000000, 23.00000000000000000 ) ) ;
#920 = ORIENTED_EDGE ( 'NONE', *, *, #1498, .F. ) ;
#921 = EDGE_CURVE ( 'NONE', #2408, #2392, #2512, .T. ) ;
#922 = VERTEX_POINT ( 'NONE', #1697 ) ;
#923 = DIRECTION ( 'NONE',  ( -0.000000000000000000, 0.000000000000000000, 1.000000000000000000 ) ) ;
#924 = LINE ( 'NONE', #2910, #2525 ) ;
#925 = CARTESIAN_POINT ( 'NONE',  ( -46.99999999999999289, 9.999999999999998224, 67.00000000000000000 ) ) ;
#926 = ORIENTED_EDGE ( 'NONE', *, *, #2176, .T. ) ;
#927 = CIRCLE ( 'NONE', #3136, 1.000000000000000888 ) ;
#928 = CARTESIAN_POINT ( 'NONE',  ( 44.00000000000002842, 8.000000000000000000, 67.00000000000000000 ) ) ;
#929 = DIRECTION ( 'NONE',  ( -0.000000000000000000, 1.000000000000000000, -0.000000000000000000 ) ) ;
#930 = AXIS2_PLACEMENT_3D ( 'NONE', #1611, #624, #2790 ) ;
#931 = DIRECTION ( 'NONE',  ( 0.000000000000000000, -0.000000000000000000, -1.000000000000000000 ) ) ;
#932 = EDGE_CURVE ( 'NONE', #860, #2665, #2973, .T. ) ;
#933 = CARTESIAN_POINT ( 'NONE',  ( -22.25000000000000711, 27.99999999999999645, 7.017744970997085684E-15 ) ) ;
#934 = AXIS2_PLACEMENT_3D ( 'NONE', #1006, #1972, #1777 ) ;
#935 = EDGE_LOOP ( 'NONE', ( #617, #2181, #2140 ) ) ;
#936 = EDGE_LOOP ( 'NONE', ( #3186, #2067, #1260, #2203 ) ) ;
#937 = DIRECTION ( 'NONE',  ( -0.000000000000000000, 1.000000000000000000, -0.000000000000000000 ) ) ;
#938 = VECTOR ( 'NONE', #529, 1000.000000000000000 ) ;
#939 = ORIENTED_EDGE ( 'NONE', *, *, #1215, .T. ) ;
#940 = CIRCLE ( 'NONE', #3149, 1.000000000000000888 ) ;
#941 = ORIENTED_EDGE ( 'NONE', *, *, #725, .T. ) ;
#942 = EDGE_CURVE ( 'NONE', #456, #109, #982, .T. ) ;
#943 = CIRCLE ( 'NONE', #1600, 1.050000000000002265 ) ;
#944 = LINE ( 'NONE', #2642, #2478 ) ;
#945 = CARTESIAN_POINT ( 'NONE',  ( -45.00000000000000000, 9.000000000000000000, 24.00000000000000000 ) ) ;
#946 = PERSON_AND_ORGANIZATION ( #2376, #2482 ) ;
#947 = ORIENTED_EDGE ( 'NONE', *, *, #2309, .T. ) ;
#948 = VECTOR ( 'NONE', #1067, 1000.000000000000000 ) ;
#949 = VECTOR ( 'NONE', #1519, 1000.000000000000000 ) ;
#950 = CARTESIAN_POINT ( 'NONE',  ( -60.00000000000000711, 19.00000000000000000, 68.00000000000000000 ) ) ;
#951 = LINE ( 'NONE', #4, #3191 ) ;
#952 = CARTESIAN_POINT ( 'NONE',  ( 45.00000000000002842, 10.00000000000000000, 13.99999999999998401 ) ) ;
#953 = CYLINDRICAL_SURFACE ( 'NONE', #2047, 1.000000000000000000 ) ;
#954 = ORIENTED_EDGE ( 'NONE', *, *, #1931, .T. ) ;
#955 = ORIENTED_EDGE ( 'NONE', *, *, #551, .T. ) ;
#956 = DIRECTION ( 'NONE',  ( -0.000000000000000000, 1.000000000000000000, -0.000000000000000000 ) ) ;
#957 = VERTEX_POINT ( 'NONE', #1947 ) ;
#958 = EDGE_CURVE ( 'NONE', #2966, #597, #1948, .T. ) ;
#959 = ORIENTED_EDGE ( 'NONE', *, *, #1521, .F. ) ;
#960 = FACE_OUTER_BOUND ( 'NONE', #2121, .T. ) ;
#961 = LINE ( 'NONE', #1154, #622 ) ;
#962 = ORIENTED_EDGE ( 'NONE', *, *, #2300, .F. ) ;
#963 = EDGE_CURVE ( 'NONE', #2061, #1103, #951, .T. ) ;
#964 = DIRECTION ( 'NONE',  ( -0.000000000000000000, 0.000000000000000000, 1.000000000000000000 ) ) ;
#965 = LINE ( 'NONE', #999, #2088 ) ;
#966 = CARTESIAN_POINT ( 'NONE',  ( -64.00000000000000000, 1.000000000000000000, 69.00000000000000000 ) ) ;
#967 = DIRECTION ( 'NONE',  ( 0.000000000000000000, 1.000000000000000000, -0.000000000000000000 ) ) ;
#968 = EDGE_LOOP ( 'NONE', ( #1197, #2802, #1060, #173, #1925, #615, #845, #1355, #2332, #1166 ) ) ;
#969 = ADVANCED_FACE ( 'NONE', ( #2697 ), #1444, .T. ) ;
#970 = CARTESIAN_POINT ( 'NONE',  ( 22.25000000000000711, 28.99999999999999645, 24.00000000000000000 ) ) ;
#971 = ORIENTED_EDGE ( 'NONE', *, *, #492, .F. ) ;
#972 = EDGE_CURVE ( 'NONE', #456, #1580, #1121, .T. ) ;
#973 = EDGE_CURVE ( 'NONE', #2058, #1554, #1256, .T. ) ;
#974 = ORIENTED_EDGE ( 'NONE', *, *, #2104, .F. ) ;
#975 = CARTESIAN_POINT ( 'NONE',  ( 23.99999999999999645, 0.000000000000000000, 4.382308546376009417 ) ) ;
#976 = FACE_OUTER_BOUND ( 'NONE', #621, .T. ) ;
#977 = APPROVAL_STATUS ( 'not_yet_approved' ) ;
#978 = VERTEX_POINT ( 'NONE', #494 ) ;
#979 = EDGE_CURVE ( 'NONE', #2866, #1304, #2974, .T. ) ;
#980 = CYLINDRICAL_SURFACE ( 'NONE', #2459, 1.000000000000000888 ) ;
#981 = CLOSED_SHELL ( 'NONE', ( #1179, #1417, #277, #3029, #1667, #475, #1173, #1663, #2559, #2407, #804, #524, #2, #1136, #1550, #1724, #1969, #1876, #3100, #1171, #846, #2251, #541, #1261, #1980, #1151, #2272, #2480, #2194, #2737, #2135, #2035, #2511, #2881, #2342, #592, #1634, #3077, #1569, #3080, #598, #2216, #2679, #1110, #2025, #696, #864, #728, #320, #1029, #1248, #2013, #1959, #233, #695, #3102, #1009, #1822, #2166, #309, #2661, #2909, #1038, #1384, #2962, #221, #848, #2195, #841, #2240, #2326, #1716, #3027, #3092, #1377, #1680, #257, #2984, #2786, #231, #355, #3166, #1692, #218, #1036, #3121, #2773, #2859, #969, #2712, #479, #2522, #3040, #1230, #620, #1768, #2934, #53, #797, #791, #1840, #720, #2075, #2719, #2675, #334, #441 ) ) ;
#982 = LINE ( 'NONE', #2680, #135 ) ;
#983 = CARTESIAN_POINT ( 'NONE',  ( -21.75000000000002487, 47.44699582058231613, 68.00000000000000000 ) ) ;
#984 = ORIENTED_EDGE ( 'NONE', *, *, #2504, .F. ) ;
#985 = CARTESIAN_POINT ( 'NONE',  ( -49.99999999999999289, 19.00000000000000000, 68.00000000000000000 ) ) ;
#986 = ORIENTED_EDGE ( 'NONE', *, *, #2546, .T. ) ;
#987 = AXIS2_PLACEMENT_3D ( 'NONE', #2401, #643, #2844 ) ;
#988 = EDGE_CURVE ( 'NONE', #1370, #721, #446, .T. ) ;
#989 = AXIS2_PLACEMENT_3D ( 'NONE', #39, #2221, #2997 ) ;
#990 = EDGE_LOOP ( 'NONE', ( #61, #1333, #460, #1672 ) ) ;
#991 = CARTESIAN_POINT ( 'NONE',  ( -9.000000000000000000, 9.000000000000000000, 40.94999999999999574 ) ) ;
#993 = VECTOR ( 'NONE', #293, 1000.000000000000000 ) ;
#992 = CARTESIAN_POINT ( 'NONE',  ( -46.00000000000000000, 9.999999999999998224, 24.00000000000000000 ) ) ;
#994 = ORIENTED_EDGE ( 'NONE', *, *, #1374, .F. ) ;
#995 = VECTOR ( 'NONE', #2711, 1000.000000000000000 ) ;
#996 = EDGE_CURVE ( 'NONE', #2408, #1437, #1781, .T. ) ;
#997 = PLANE ( 'NONE',  #1588 ) ;
#998 = VECTOR ( 'NONE', #1766, 1000.000000000000000 ) ;
#999 = CARTESIAN_POINT ( 'NONE',  ( -1.402404735808356673, 28.99999999999999645, -2.429036255195281324 ) ) ;
#1000 = VECTOR ( 'NONE', #1293, 1000.000000000000000 ) ;
#1001 = CARTESIAN_POINT ( 'NONE',  ( 44.00000000000000000, 11.00000000000000000, 0.9999999999999837907 ) ) ;
#1002 = DIRECTION ( 'NONE',  ( -0.000000000000000000, 1.000000000000000000, -0.000000000000000000 ) ) ;
#1003 = ORIENTED_EDGE ( 'NONE', *, *, #972, .T. ) ;
#1004 = CARTESIAN_POINT ( 'NONE',  ( -47.99999999999999289, 19.00000000000000000, 70.00000000000000000 ) ) ;
#1005 = VERTEX_POINT ( 'NONE', #1058 ) ;
#1006 = CARTESIAN_POINT ( 'NONE',  ( 44.00000000000000000, 27.99999999999999645, 0.9999999999999837907 ) ) ;
#1007 = CARTESIAN_POINT ( 'NONE',  ( 9.000000000000008882, 0.000000000000000000, 49.04999999999999005 ) ) ;
#1008 = ORIENTED_EDGE ( 'NONE', *, *, #23, .T. ) ;
#1009 = ADVANCED_FACE ( 'NONE', ( #538 ), #2745, .T. ) ;
#1010 = CARTESIAN_POINT ( 'NONE',  ( -65.00000000000000000, 0.000000000000000000, 25.00000000000000000 ) ) ;
#1011 = DIRECTION ( 'NONE',  ( 0.000000000000000000, -0.000000000000000000, -1.000000000000000000 ) ) ;
#1012 = CARTESIAN_POINT ( 'NONE',  ( 21.24999999999999645, 27.99999999999999645, -6.702340702637665136E-15 ) ) ;
#1013 = EDGE_CURVE ( 'NONE', #1886, #2540, #3003, .T. ) ;
#1014 = FACE_OUTER_BOUND ( 'NONE', #935, .T. ) ;
#1015 = CARTESIAN_POINT ( 'NONE',  ( 22.75000000000002132, 48.35736229804491870, 66.58619705569881830 ) ) ;
#1016 = ORIENTED_EDGE ( 'NONE', *, *, #2383, .T. ) ;
#1017 = EDGE_CURVE ( 'NONE', #1580, #418, #1024, .T. ) ;
#1018 = DIRECTION ( 'NONE',  ( 0.000000000000000000, 0.000000000000000000, 1.000000000000000000 ) ) ;
#1019 = VERTEX_POINT ( 'NONE', #2988 ) ;
#1020 = DIRECTION ( 'NONE',  ( 1.000000000000000000, 0.000000000000000000, -1.836970198721029934E-16 ) ) ;
#1021 = LINE ( 'NONE', #490, #40 ) ;
#1022 = DIRECTION ( 'NONE',  ( -0.000000000000000000, -0.000000000000000000, 1.000000000000000000 ) ) ;
#1023 = DIRECTION ( 'NONE',  ( 3.154042683594195121E-16, 0.000000000000000000, 1.000000000000000000 ) ) ;
#1024 = LINE ( 'NONE', #276, #1086 ) ;
#1025 = EDGE_CURVE ( 'NONE', #1886, #206, #780, .T. ) ;
#1026 = LINE ( 'NONE', #2514, #993 ) ;
#1027 = ORIENTED_EDGE ( 'NONE', *, *, #2279, .F. ) ;
#1028 = EDGE_CURVE ( 'NONE', #1497, #1128, #1494, .T. ) ;
#1029 = ADVANCED_FACE ( 'NONE', ( #2003 ), #1520, .T. ) ;
#1030 = VECTOR ( 'NONE', #2128, 1000.000000000000000 ) ;
#1031 = CARTESIAN_POINT ( 'NONE',  ( -65.00000000000000000, 18.00000000000000000, 25.00000000000000000 ) ) ;
#1032 = ORIENTED_EDGE ( 'NONE', *, *, #1296, .T. ) ;
#1033 = CARTESIAN_POINT ( 'NONE',  ( -22.75000000000002842, 48.35736229804492581, 66.58619705569881830 ) ) ;
#1034 = VECTOR ( 'NONE', #640, 1000.000000000000000 ) ;
#1035 = CARTESIAN_POINT ( 'NONE',  ( -44.00000000000000000, 27.99999999999999645, 0.000000000000000000 ) ) ;
#1036 = ADVANCED_FACE ( 'NONE', ( #2758 ), #2016, .T. ) ;
#1037 = VECTOR ( 'NONE', #1461, 1000.000000000000000 ) ;
#1038 = ADVANCED_FACE ( 'NONE', ( #2250 ), #2502, .T. ) ;
#1039 = APPLICATION_CONTEXT ( 'configuration controlled 3d designs of mechanical parts and assemblies' ) ;
#1040 = AXIS2_PLACEMENT_3D ( 'NONE', #2764, #2967, #2491 ) ;
#1041 = DIRECTION ( 'NONE',  ( 0.000000000000000000, 1.000000000000000000, 0.000000000000000000 ) ) ;
#1042 = PLANE ( 'NONE',  #2109 ) ;
#1043 = CARTESIAN_POINT ( 'NONE',  ( -64.00000000000000000, 1.000000000000000000, 69.00000000000000000 ) ) ;
#1044 = VECTOR ( 'NONE', #2403, 1000.000000000000000 ) ;
#1045 = CIRCLE ( 'NONE', #3198, 1.000000000000000888 ) ;
#1046 = VECTOR ( 'NONE', #3010, 999.9999999999998863 ) ;
#1047 = CYLINDRICAL_SURFACE ( 'NONE', #2836, 2.674999999999996714 ) ;
#1048 = EDGE_LOOP ( 'NONE', ( #1605, #145, #521, #437 ) ) ;
#1049 = CARTESIAN_POINT ( 'NONE',  ( 22.33578643762693261, 8.585786437626904188, 68.00000000000000000 ) ) ;
#1050 = EDGE_CURVE ( 'NONE', #384, #710, #3140, .T. ) ;
#1051 = LOCAL_TIME ( 23, 24, 25.00000000000000000, #113 ) ;
#1052 = DIRECTION ( 'NONE',  ( 0.000000000000000000, 1.000000000000000000, 0.000000000000000000 ) ) ;
#1053 = EDGE_LOOP ( 'NONE', ( #2288, #2815, #150, #157 ) ) ;
#1054 = CARTESIAN_POINT ( 'NONE',  ( 44.00000000000002842, 0.000000000000000000, 68.00000000000000000 ) ) ;
#1055 = DIRECTION ( 'NONE',  ( -1.000000000000000000, 0.000000000000000000, 1.836970198721029934E-16 ) ) ;
#1056 = DIRECTION ( 'NONE',  ( -1.000000000000000000, 0.000000000000000000, 0.000000000000000000 ) ) ;
#1057 = DIRECTION ( 'NONE',  ( -0.000000000000000000, 1.000000000000000000, -0.000000000000000000 ) ) ;
#1058 = CARTESIAN_POINT ( 'NONE',  ( -21.25000000000000000, 9.999999999999998224, 13.99999999999999645 ) ) ;
#1059 = LINE ( 'NONE', #847, #1953 ) ;
#1060 = ORIENTED_EDGE ( 'NONE', *, *, #2079, .T. ) ;
#1061 = LINE ( 'NONE', #60, #897 ) ;
#1062 = VERTEX_POINT ( 'NONE', #1513 ) ;
#1063 = DIRECTION ( 'NONE',  ( -0.000000000000000000, -0.000000000000000000, 1.000000000000000000 ) ) ;
#1064 = ORIENTED_EDGE ( 'NONE', *, *, #782, .T. ) ;
#1065 = DIRECTION ( 'NONE',  ( 0.000000000000000000, 0.000000000000000000, 1.000000000000000000 ) ) ;
#1066 = EDGE_CURVE ( 'NONE', #957, #1202, #2736, .T. ) ;
#1067 = DIRECTION ( 'NONE',  ( 0.000000000000000000, 0.000000000000000000, 1.000000000000000000 ) ) ;
#1068 = CARTESIAN_POINT ( 'NONE',  ( -22.33578643762693261, 48.03278225820922387, 68.00000000000000000 ) ) ;
#1069 = DIRECTION ( 'NONE',  ( -1.000000000000000000, 0.000000000000000000, 0.000000000000000000 ) ) ;
#1070 = DIRECTION ( 'NONE',  ( 0.000000000000000000, -1.000000000000000000, 0.000000000000000000 ) ) ;
#1071 = CARTESIAN_POINT ( 'NONE',  ( 35.00000000000002132, 9.000000000000000000, 50.67499999999999716 ) ) ;
#1072 = EDGE_CURVE ( 'NONE', #754, #1368, #2023, .T. ) ;
#1073 = ORIENTED_EDGE ( 'NONE', *, *, #745, .F. ) ;
#1074 = DIRECTION ( 'NONE',  ( -0.000000000000000000, 1.000000000000000000, -0.000000000000000000 ) ) ;
#1075 = EDGE_CURVE ( 'NONE', #1338, #2408, #1275, .T. ) ;
#1076 = ORIENTED_EDGE ( 'NONE', *, *, #142, .T. ) ;
#1077 = DIRECTION ( 'NONE',  ( -1.000000000000000000, -0.000000000000000000, -0.000000000000000000 ) ) ;
#1078 = DIRECTION ( 'NONE',  ( 0.000000000000000000, 0.000000000000000000, -1.000000000000000000 ) ) ;
#1079 = ORIENTED_EDGE ( 'NONE', *, *, #1731, .F. ) ;
#1080 = FACE_OUTER_BOUND ( 'NONE', #850, .T. ) ;
#1081 = AXIS2_PLACEMENT_3D ( 'NONE', #1756, #1547, #1 ) ;
#1082 = CARTESIAN_POINT ( 'NONE',  ( 44.00000000000000000, 27.99999999999999645, 0.9999999999999837907 ) ) ;
#1083 = VECTOR ( 'NONE', #2892, 1000.000000000000000 ) ;
#1084 = ORIENTED_EDGE ( 'NONE', *, *, #94, .T. ) ;
#1086 = VECTOR ( 'NONE', #1988, 1000.000000000000000 ) ;
#1085 = CARTESIAN_POINT ( 'NONE',  ( -46.99999999999999289, 19.00000000000000000, 69.00000000000000000 ) ) ;
#1087 = CYLINDRICAL_SURFACE ( 'NONE', #1284, 1.050000000000002265 ) ;
#1088 = DATE_AND_TIME ( #2805, #1760 ) ;
#1089 = ORIENTED_EDGE ( 'NONE', *, *, #921, .T. ) ;
#1090 = AXIS2_PLACEMENT_3D ( 'NONE', #65, #2783, #1101 ) ;
#1091 = CIRCLE ( 'NONE', #1142, 1.000000000000000888 ) ;
#1092 = CARTESIAN_POINT ( 'NONE',  ( 35.00000000000002132, 1.999999999999999112, 48.00000000000000000 ) ) ;
#1093 = ORIENTED_EDGE ( 'NONE', *, *, #1517, .T. ) ;
#1094 = AXIS2_PLACEMENT_3D ( 'NONE', #1340, #1610, #2816 ) ;
#1095 = EDGE_CURVE ( 'NONE', #723, #1677, #610, .T. ) ;
#1096 = FACE_OUTER_BOUND ( 'NONE', #398, .T. ) ;
#1097 = VERTEX_POINT ( 'NONE', #1765 ) ;
#1098 = AXIS2_PLACEMENT_3D ( 'NONE', #1336, #89, #618 ) ;
#1099 = ORIENTED_EDGE ( 'NONE', *, *, #741, .F. ) ;
#1100 = VERTEX_POINT ( 'NONE', #1033 ) ;
#1101 = DIRECTION ( 'NONE',  ( -1.577021341797097314E-16, 0.000000000000000000, -1.000000000000000000 ) ) ;
#1102 = DIRECTION ( 'NONE',  ( 0.000000000000000000, 0.000000000000000000, -1.000000000000000000 ) ) ;
#1103 = VERTEX_POINT ( 'NONE', #10 ) ;
#1104 = CARTESIAN_POINT ( 'NONE',  ( -26.70000000000000284, 0.000000000000000000, 9.058845726811982857 ) ) ;
#1105 = CARTESIAN_POINT ( 'NONE',  ( 0.000000000000000000, 28.99999999999999645, 24.00000000000000000 ) ) ;
#1106 = VERTEX_POINT ( 'NONE', #3009 ) ;
#1107 = CARTESIAN_POINT ( 'NONE',  ( -44.00000000000000000, 28.99999999999999645, 0.9999999999999997780 ) ) ;
#1108 = CARTESIAN_POINT ( 'NONE',  ( 21.75000000000002487, 8.000000000000000000, 68.00000000000000000 ) ) ;
#1109 = ORIENTED_EDGE ( 'NONE', *, *, #2563, .T. ) ;
#1110 = ADVANCED_FACE ( 'NONE', ( #755 ), #1734, .T. ) ;
#1111 = PLANE ( 'NONE',  #2766 ) ;
#1112 = ORIENTED_EDGE ( 'NONE', *, *, #753, .F. ) ;
#1113 = FACE_OUTER_BOUND ( 'NONE', #1408, .T. ) ;
#1114 = DIRECTION ( 'NONE',  ( -0.5000000000000001110, 0.000000000000000000, -0.8660254037844387076 ) ) ;
#1115 = ORIENTED_EDGE ( 'NONE', *, *, #367, .F. ) ;
#1116 = EDGE_CURVE ( 'NONE', #3135, #877, #2752, .T. ) ;
#1117 = CARTESIAN_POINT ( 'NONE',  ( 45.00000000000000711, 8.000000000000000000, 23.00000000000000000 ) ) ;
#1118 = DIRECTION ( 'NONE',  ( 0.000000000000000000, 0.000000000000000000, -1.000000000000000000 ) ) ;
#1119 = LINE ( 'NONE', #2840, #412 ) ;
#1120 = VERTEX_POINT ( 'NONE', #261 ) ;
#1121 =( BOUNDED_CURVE ( )  B_SPLINE_CURVE ( 3, ( #3196, #698, #1679, #1965 ),
 .UNSPECIFIED., .F., .T. ) 
 B_SPLINE_CURVE_WITH_KNOTS ( ( 4, 4 ),
 ( 3.141592653589793116, 4.712388980384689674 ),
 .UNSPECIFIED. ) 
 CURVE ( )  GEOMETRIC_REPRESENTATION_ITEM ( )  RATIONAL_B_SPLINE_CURVE ( ( 1.000000000000000000, 0.8047378541243649375, 0.8047378541243649375, 1.000000000000000000 ) ) 
 REPRESENTATION_ITEM ( '' )  );
#1122 = FACE_OUTER_BOUND ( 'NONE', #2595, .T. ) ;
#1123 = DIRECTION ( 'NONE',  ( 0.000000000000000000, -1.000000000000000000, 0.000000000000000000 ) ) ;
#1124 = ORIENTED_EDGE ( 'NONE', *, *, #2689, .F. ) ;
#1125 = LINE ( 'NONE', #1386, #390 ) ;
#1126 = ORIENTED_EDGE ( 'NONE', *, *, #464, .T. ) ;
#1127 = DIRECTION ( 'NONE',  ( 0.000000000000000000, 0.000000000000000000, -1.000000000000000000 ) ) ;
#1128 = VERTEX_POINT ( 'NONE', #2981 ) ;
#1129 = FACE_OUTER_BOUND ( 'NONE', #2206, .T. ) ;
#1130 = VECTOR ( 'NONE', #1630, 1000.000000000000000 ) ;
#1131 = ORIENTED_EDGE ( 'NONE', *, *, #3116, .T. ) ;
#1132 = CARTESIAN_POINT ( 'NONE',  ( 45.00000000000002842, 0.9999999999999991118, 67.00000000000000000 ) ) ;
#1133 = CARTESIAN_POINT ( 'NONE',  ( 44.58578643762690774, 9.999999999999998224, 13.99999999999998579 ) ) ;
#1134 = DIRECTION ( 'NONE',  ( 0.000000000000000000, 0.000000000000000000, -1.000000000000000000 ) ) ;
#1135 = ORIENTED_EDGE ( 'NONE', *, *, #649, .F. ) ;
#1136 = ADVANCED_FACE ( 'NONE', ( #1541 ), #3021, .F. ) ;
#1137 = AXIS2_PLACEMENT_3D ( 'NONE', #2021, #259, #1018 ) ;
#1138 = EDGE_CURVE ( 'NONE', #2721, #256, #1983, .T. ) ;
#1139 = FACE_BOUND ( 'NONE', #2501, .T. ) ;
#1140 = AXIS2_PLACEMENT_3D ( 'NONE', #2852, #888, #2318 ) ;
#1141 = LINE ( 'NONE', #2099, #34 ) ;
#1142 = AXIS2_PLACEMENT_3D ( 'NONE', #1708, #2692, #226 ) ;
#1143 = DIRECTION ( 'NONE',  ( -4.205390244792259339E-16, 0.000000000000000000, -1.000000000000000000 ) ) ;
#1144 = VERTEX_POINT ( 'NONE', #1750 ) ;
#1145 = DIRECTION ( 'NONE',  ( 0.000000000000000000, 0.000000000000000000, 1.000000000000000000 ) ) ;
#1146 = AXIS2_PLACEMENT_3D ( 'NONE', #2848, #3083, #1383 ) ;
#1147 = ORIENTED_EDGE ( 'NONE', *, *, #2484, .F. ) ;
#1148 = DIRECTION ( 'NONE',  ( 0.000000000000000000, 0.000000000000000000, 1.000000000000000000 ) ) ;
#1149 = ORIENTED_EDGE ( 'NONE', *, *, #2750, .T. ) ;
#1150 = AXIS2_PLACEMENT_3D ( 'NONE', #321, #1575, #1589 ) ;
#1151 = ADVANCED_FACE ( 'NONE', ( #818 ), #2010, .F. ) ;
#1152 = EDGE_CURVE ( 'NONE', #1616, #2715, #3207, .T. ) ;
#1153 = EDGE_LOOP ( 'NONE', ( #3173, #498, #52, #1182 ) ) ;
#1154 = CARTESIAN_POINT ( 'NONE',  ( -1.416666666666784646, -12.66666666666659147, 43.33333333333323623 ) ) ;
#1155 = FACE_OUTER_BOUND ( 'NONE', #1788, .T. ) ;
#1156 = ORIENTED_EDGE ( 'NONE', *, *, #1682, .F. ) ;
#1157 = EDGE_CURVE ( 'NONE', #1097, #442, #1528, .T. ) ;
#1158 = FACE_OUTER_BOUND ( 'NONE', #2921, .T. ) ;
#1159 = CARTESIAN_POINT ( 'NONE',  ( -45.00000000000000000, 27.99999999999999645, 8.266365894244633544E-15 ) ) ;
#1160 = EDGE_CURVE ( 'NONE', #256, #2070, #1287, .T. ) ;
#1161 = DIRECTION ( 'NONE',  ( 0.000000000000000000, 0.000000000000000000, -1.000000000000000000 ) ) ;
#1162 = ORIENTED_EDGE ( 'NONE', *, *, #2204, .T. ) ;
#1163 = ORIENTED_EDGE ( 'NONE', *, *, #816, .F. ) ;
#1164 = LINE ( 'NONE', #1936, #879 ) ;
#1165 = ORIENTED_EDGE ( 'NONE', *, *, #385, .T. ) ;
#1166 = ORIENTED_EDGE ( 'NONE', *, *, #451, .F. ) ;
#1167 = CARTESIAN_POINT ( 'NONE',  ( -64.00000000000000000, 18.00000000000000000, 69.00000000000000000 ) ) ;
#1168 = EDGE_CURVE ( 'NONE', #423, #1358, #1247, .T. ) ;
#1169 = CARTESIAN_POINT ( 'NONE',  ( 23.99999999999999645, 10.00000000000000000, 4.382308546376009417 ) ) ;
#1170 = CYLINDRICAL_SURFACE ( 'NONE', #1445, 1.050000000000002265 ) ;
#1171 = ADVANCED_FACE ( 'NONE', ( #364, #2541, #3088 ), #2555, .T. ) ;
#1172 = VERTEX_POINT ( 'NONE', #1356 ) ;
#1173 = ADVANCED_FACE ( 'NONE', ( #1113 ), #1587, .F. ) ;
#1174 = CARTESIAN_POINT ( 'NONE',  ( -21.75000000000002487, 0.000000000000000000, 67.00000000000000000 ) ) ;
#1175 = LINE ( 'NONE', #628, #2355 ) ;
#1176 = DIRECTION ( 'NONE',  ( -1.000000000000000000, 0.000000000000000000, 1.577021341797097314E-16 ) ) ;
#1177 = FACE_OUTER_BOUND ( 'NONE', #2763, .T. ) ;
#1178 = ORIENTED_EDGE ( 'NONE', *, *, #1943, .T. ) ;
#1179 = ADVANCED_FACE ( 'NONE', ( #1080 ), #3056, .F. ) ;
#1180 = ORIENTED_EDGE ( 'NONE', *, *, #963, .T. ) ;
#1181 = LINE ( 'NONE', #220, #2990 ) ;
#1182 = ORIENTED_EDGE ( 'NONE', *, *, #900, .F. ) ;
#1183 = ORIENTED_EDGE ( 'NONE', *, *, #443, .F. ) ;
#1184 = FACE_OUTER_BOUND ( 'NONE', #3020, .T. ) ;
#1185 = CARTESIAN_POINT ( 'NONE',  ( -8.999999999999992895, 9.000000000000000000, 48.00000000000000000 ) ) ;
#1186 = DIRECTION ( 'NONE',  ( -1.000000000000000000, 0.000000000000000000, -0.000000000000000000 ) ) ;
#1187 = DATE_AND_TIME ( #1232, #356 ) ;
#1188 = ORIENTED_EDGE ( 'NONE', *, *, #2147, .T. ) ;
#1189 = VECTOR ( 'NONE', #1078, 1000.000000000000000 ) ;
#1190 = VECTOR ( 'NONE', #3011, 1000.000000000000000 ) ;
#1191 = DIRECTION ( 'NONE',  ( -1.000000000000000000, 0.000000000000000000, 0.000000000000000000 ) ) ;
#1192 = DIRECTION ( 'NONE',  ( -1.000000000000000000, 0.000000000000000000, 0.000000000000000000 ) ) ;
#1193 = AXIS2_PLACEMENT_3D ( 'NONE', #248, #274, #1727 ) ;
#1194 = DIRECTION ( 'NONE',  ( -0.000000000000000000, 1.000000000000000000, -0.000000000000000000 ) ) ;
#1195 = CARTESIAN_POINT ( 'NONE',  ( 0.000000000000000000, 27.99999999999999645, 23.00000000000000000 ) ) ;
#1196 = VECTOR ( 'NONE', #3035, 1000.000000000000000 ) ;
#1197 = ORIENTED_EDGE ( 'NONE', *, *, #84, .T. ) ;
#1198 = ORIENTED_EDGE ( 'NONE', *, *, #2677, .T. ) ;
#1199 = DIRECTION ( 'NONE',  ( 1.577021341797097314E-16, 0.000000000000000000, 1.000000000000000000 ) ) ;
#1200 = ORIENTED_EDGE ( 'NONE', *, *, #2440, .T. ) ;
#1201 = AXIS2_PLACEMENT_3D ( 'NONE', #2899, #1933, #2929 ) ;
#1202 = VERTEX_POINT ( 'NONE', #2605 ) ;
#1203 = PLANE ( 'NONE',  #292 ) ;
#1204 = PRODUCT ( 'motor_plate_R', 'motor_plate_R', '', ( #654 ) ) ;
#1205 = LINE ( 'NONE', #1169, #1757 ) ;
#1206 = EDGE_LOOP ( 'NONE', ( #1556, #132, #668, #817 ) ) ;
#1207 = CIRCLE ( 'NONE', #1150, 0.9999999999999991118 ) ;
#1208 = DIRECTION ( 'NONE',  ( 0.000000000000000000, -1.000000000000000000, 0.000000000000000000 ) ) ;
#1209 = CARTESIAN_POINT ( 'NONE',  ( -22.33578643762693261, 8.585786437626904188, 68.00000000000000000 ) ) ;
#1210 = LINE ( 'NONE', #1666, #2253 ) ;
#1211 = CARTESIAN_POINT ( 'NONE',  ( 9.000000000000015987, 0.000000000000000000, 40.94999999999998863 ) ) ;
#1212 = VERTEX_POINT ( 'NONE', #2571 ) ;
#1213 = FACE_OUTER_BOUND ( 'NONE', #2651, .T. ) ;
#1214 = ORIENTED_EDGE ( 'NONE', *, *, #2245, .T. ) ;
#1215 = EDGE_CURVE ( 'NONE', #330, #1100, #2891, .T. ) ;
#1216 = FACE_OUTER_BOUND ( 'NONE', #892, .T. ) ;
#1217 = CARTESIAN_POINT ( 'NONE',  ( -44.00000000000000000, 27.99999999999999645, 0.9999999999999997780 ) ) ;
#1218 = PERSON_AND_ORGANIZATION_ROLE ( 'classification_officer' ) ;
#1219 = VERTEX_POINT ( 'NONE', #1388 ) ;
#1220 = CYLINDRICAL_SURFACE ( 'NONE', #2236, 1.000000000000000888 ) ;
#1221 = DIRECTION ( 'NONE',  ( -1.000000000000000000, -0.000000000000000000, 1.224510688924804848E-16 ) ) ;
#1222 = DIRECTION ( 'NONE',  ( -0.000000000000000000, 0.000000000000000000, 1.000000000000000000 ) ) ;
#1223 = DIRECTION ( 'NONE',  ( 0.000000000000000000, 0.000000000000000000, -1.000000000000000000 ) ) ;
#1224 = EDGE_CURVE ( 'NONE', #3107, #710, #1320, .T. ) ;
#1225 = ORIENTED_EDGE ( 'NONE', *, *, #900, .T. ) ;
#1226 = CARTESIAN_POINT ( 'NONE',  ( 21.29999999999999361, 0.000000000000000000, 5.941154273188001156 ) ) ;
#1227 = ORIENTED_EDGE ( 'NONE', *, *, #2634, .T. ) ;
#1228 = VERTEX_POINT ( 'NONE', #381 ) ;
#1229 = CARTESIAN_POINT ( 'NONE',  ( -45.99999999999999289, 8.000000000000000000, 68.00000000000000000 ) ) ;
#1230 = ADVANCED_FACE ( 'NONE', ( #2297 ), #2592, .T. ) ;
#1231 = EDGE_CURVE ( 'NONE', #540, #2624, #3108, .T. ) ;
#1232 = CALENDAR_DATE ( 2026, 26, 6 ) ;
#1233 = EDGE_LOOP ( 'NONE', ( #1316, #438, #178, #2562 ) ) ;
#1234 = CARTESIAN_POINT ( 'NONE',  ( -64.00000000000000000, 18.00000000000000000, 69.00000000000000000 ) ) ;
#1235 = EDGE_CURVE ( 'NONE', #442, #2119, #1496, .T. ) ;
#1236 = CIRCLE ( 'NONE', #3023, 1.000000000000000888 ) ;
#1237 = CARTESIAN_POINT ( 'NONE',  ( 44.00000000000002842, 0.9999999999999991118, 65.99999999999998579 ) ) ;
#1238 = AXIS2_PLACEMENT_3D ( 'NONE', #3167, #1898, #1714 ) ;
#1239 = CARTESIAN_POINT ( 'NONE',  ( -47.99999999999999289, 0.000000000000000000, 69.00000000000000000 ) ) ;
#1240 = VERTEX_POINT ( 'NONE', #106 ) ;
#1241 = CARTESIAN_POINT ( 'NONE',  ( -20.24999999999996447, 9.000000000000000000, 66.00000000000000000 ) ) ;
#1242 = ORIENTED_EDGE ( 'NONE', *, *, #323, .F. ) ;
#1243 = VECTOR ( 'NONE', #1398, 1000.000000000000000 ) ;
#1244 = CARTESIAN_POINT ( 'NONE',  ( 45.00000000000000711, 8.999999999999991118, 14.99999999999998579 ) ) ;
#1245 = CIRCLE ( 'NONE', #825, 1.000000000000000888 ) ;
#1246 = VERTEX_POINT ( 'NONE', #3071 ) ;
#1247 = LINE ( 'NONE', #2207, #1645 ) ;
#1248 = ADVANCED_FACE ( 'NONE', ( #139 ), #1789, .F. ) ;
#1250 = AXIS2_PLACEMENT_3D ( 'NONE', #2564, #2260, #880 ) ;
#1249 = LINE ( 'NONE', #2982, #893 ) ;
#1251 = ORIENTED_EDGE ( 'NONE', *, *, #2498, .F. ) ;
#1252 = VECTOR ( 'NONE', #1683, 1000.000000000000000 ) ;
#1253 = CARTESIAN_POINT ( 'NONE',  ( 0.000000000000000000, 1.000000000000000000, 70.00000000000000000 ) ) ;
#1254 = VECTOR ( 'NONE', #1373, 1000.000000000000114 ) ;
#1255 = CARTESIAN_POINT ( 'NONE',  ( -21.25000000000000000, 28.99999999999999645, 13.00000000000000178 ) ) ;
#1256 = LINE ( 'NONE', #2710, #822 ) ;
#1257 = AXIS2_PLACEMENT_3D ( 'NONE', #1780, #778, #2002 ) ;
#1258 = DIRECTION ( 'NONE',  ( 0.000000000000000000, 0.000000000000000000, 1.000000000000000000 ) ) ;
#1259 = DIRECTION ( 'NONE',  ( -0.000000000000000000, -1.000000000000000000, -0.000000000000000000 ) ) ;
#1260 = ORIENTED_EDGE ( 'NONE', *, *, #2367, .T. ) ;
#1261 = ADVANCED_FACE ( 'NONE', ( #1834 ), #853, .F. ) ;
#1262 = FACE_OUTER_BOUND ( 'NONE', #813, .T. ) ;
#1263 = ORIENTED_EDGE ( 'NONE', *, *, #2398, .F. ) ;
#1264 = DIRECTION ( 'NONE',  ( 1.836970198721029934E-16, -0.000000000000000000, 1.000000000000000000 ) ) ;
#1265 = LINE ( 'NONE', #1543, #998 ) ;
#1266 = CARTESIAN_POINT ( 'NONE',  ( -44.00000000000000000, 11.00000000000000000, 1.000000000000000888 ) ) ;
#1267 = CARTESIAN_POINT ( 'NONE',  ( -22.75000000000002842, 9.000000000000000000, 24.00000000000000000 ) ) ;
#1268 = CARTESIAN_POINT ( 'NONE',  ( -21.25000000000000355, 10.00000000000000888, 6.702340702637665925E-15 ) ) ;
#1269 = CARTESIAN_POINT ( 'NONE',  ( -45.00000000000000000, 11.00000000000000000, 1.000000000000000888 ) ) ;
#1270 = PRODUCT_DEFINITION ( 'UNKNOWN', '', #3047, #579 ) ;
#1271 = DIRECTION ( 'NONE',  ( -0.000000000000000000, 1.000000000000000000, -0.000000000000000000 ) ) ;
#1272 = VERTEX_POINT ( 'NONE', #1606 ) ;
#1273 = DIRECTION ( 'NONE',  ( -0.000000000000000000, 1.000000000000000000, -0.000000000000000000 ) ) ;
#1274 = ORIENTED_EDGE ( 'NONE', *, *, #1815, .T. ) ;
#1275 = LINE ( 'NONE', #1054, #2358 ) ;
#1276 = CARTESIAN_POINT ( 'NONE',  ( 22.75000000000002842, 49.00000000000000000, 66.00000000000000000 ) ) ;
#1277 = DIRECTION ( 'NONE',  ( 1.000000000000000000, -0.000000000000000000, 0.000000000000000000 ) ) ;
#1278 = DIRECTION ( 'NONE',  ( 0.000000000000000000, -1.000000000000000000, 0.000000000000000000 ) ) ;
#1279 = CARTESIAN_POINT ( 'NONE',  ( -21.29999999999999361, 10.00000000000000000, 5.941154273188006485 ) ) ;
#1280 = AXIS2_PLACEMENT_3D ( 'NONE', #2034, #1318, #2280 ) ;
#1281 = LINE ( 'NONE', #2963, #3032 ) ;
#1282 = ORIENTED_EDGE ( 'NONE', *, *, #2607, .F. ) ;
#1283 = CARTESIAN_POINT ( 'NONE',  ( 45.00000000000002842, 0.000000000000000000, 67.00000000000000000 ) ) ;
#1284 = AXIS2_PLACEMENT_3D ( 'NONE', #1796, #3025, #126 ) ;
#1285 = CARTESIAN_POINT ( 'NONE',  ( -9.000000000000000000, 0.000000000000000000, 40.94999999999999574 ) ) ;
#1286 = ORIENTED_EDGE ( 'NONE', *, *, #1290, .T. ) ;
#1287 = LINE ( 'NONE', #2458, #1544 ) ;
#1288 = DIRECTION ( 'NONE',  ( -1.000000000000000000, 0.000000000000000000, 0.000000000000000000 ) ) ;
#1289 = CIRCLE ( 'NONE', #2199, 1.000000000000000888 ) ;
#1290 = EDGE_CURVE ( 'NONE', #141, #2624, #319, .T. ) ;
#1291 = VECTOR ( 'NONE', #862, 1000.000000000000000 ) ;
#1292 = CARTESIAN_POINT ( 'NONE',  ( -44.00000000000000000, 27.99999999999999645, 23.00000000000000000 ) ) ;
#1293 = DIRECTION ( 'NONE',  ( -1.000000000000000000, -0.000000000000000000, -0.000000000000000000 ) ) ;
#1294 = DIRECTION ( 'NONE',  ( 0.000000000000000000, 0.7071067811865500152, -0.7071067811865451302 ) ) ;
#1295 = VECTOR ( 'NONE', #1795, 1000.000000000000000 ) ;
#1296 = EDGE_CURVE ( 'NONE', #2604, #856, #2037, .T. ) ;
#1297 = EDGE_CURVE ( 'NONE', #2992, #1314, #722, .T. ) ;
#1298 = CIRCLE ( 'NONE', #2001, 1.000000000000000888 ) ;
#1299 = LINE ( 'NONE', #2005, #1794 ) ;
#1300 = EDGE_LOOP ( 'NONE', ( #1911, #2382, #1251, #1874 ) ) ;
#1301 = CARTESIAN_POINT ( 'NONE',  ( 22.75000000000002842, 9.000000000000000000, 67.00000000000000000 ) ) ;
#1302 = AXIS2_PLACEMENT_3D ( 'NONE', #35, #3033, #3006 ) ;
#1303 = CARTESIAN_POINT ( 'NONE',  ( 26.70000000000000284, 10.00000000000000000, 5.941154273188000268 ) ) ;
#1304 = VERTEX_POINT ( 'NONE', #121 ) ;
#1305 = DIRECTION ( 'NONE',  ( 1.000000000000000000, -0.000000000000000000, -0.000000000000000000 ) ) ;
#1306 = CARTESIAN_POINT ( 'NONE',  ( -45.00000000000000000, 11.00000000000000000, 13.99999999999999822 ) ) ;
#1307 = CARTESIAN_POINT ( 'NONE',  ( -0.000000000000000000, 0.000000000000000000, 69.00000000000000000 ) ) ;
#1308 = FACE_OUTER_BOUND ( 'NONE', #563, .T. ) ;
#1309 = EDGE_CURVE ( 'NONE', #1240, #1370, #349, .T. ) ;
#1310 = CARTESIAN_POINT ( 'NONE',  ( -65.00000000000000000, 47.44699582058231613, 67.00000000000000000 ) ) ;
#1311 = EDGE_CURVE ( 'NONE', #2292, #1580, #1181, .T. ) ;
#1312 = EDGE_CURVE ( 'NONE', #1686, #2292, #3159, .T. ) ;
#1313 = CARTESIAN_POINT ( 'NONE',  ( -8.999999999999992895, 0.000000000000000000, 48.00000000000000000 ) ) ;
#1314 = VERTEX_POINT ( 'NONE', #1467 ) ;
#1315 = CARTESIAN_POINT ( 'NONE',  ( 0.000000000000000000, 9.000000000000000000, 24.00000000000000000 ) ) ;
#1316 = ORIENTED_EDGE ( 'NONE', *, *, #156, .T. ) ;
#1317 = CYLINDRICAL_SURFACE ( 'NONE', #1448, 1.000000000000000888 ) ;
#1318 = DIRECTION ( 'NONE',  ( 0.000000000000000000, 0.000000000000000000, 1.000000000000000000 ) ) ;
#1319 = ORIENTED_EDGE ( 'NONE', *, *, #542, .T. ) ;
#1320 = LINE ( 'NONE', #2107, #459 ) ;
#1321 = PLANE ( 'NONE',  #3098 ) ;
#1322 = EDGE_LOOP ( 'NONE', ( #509, #3139, #1620, #974 ) ) ;
#1323 = CARTESIAN_POINT ( 'NONE',  ( -26.70000000000000284, 0.000000000000000000, 5.941154273188007373 ) ) ;
#1324 = CARTESIAN_POINT ( 'NONE',  ( -21.25000000000000000, 28.58578643762689708, 23.08873016277918921 ) ) ;
#1325 = PERSON_AND_ORGANIZATION ( #2376, #2482 ) ;
#1326 = ORIENTED_EDGE ( 'NONE', *, *, #942, .F. ) ;
#1327 = EDGE_CURVE ( 'NONE', #2106, #483, #1887, .T. ) ;
#1328 = LINE ( 'NONE', #2274, #2577 ) ;
#1329 = ORIENTED_EDGE ( 'NONE', *, *, #3106, .F. ) ;
#1330 = CARTESIAN_POINT ( 'NONE',  ( 0.000000000000000000, 1.000000000000000000, 67.00000000000000000 ) ) ;
#1331 = ORIENTED_EDGE ( 'NONE', *, *, #806, .T. ) ;
#1332 = LINE ( 'NONE', #2983, #2664 ) ;
#1333 = ORIENTED_EDGE ( 'NONE', *, *, #3143, .F. ) ;
#1334 = DIRECTION ( 'NONE',  ( -0.000000000000000000, 1.000000000000000000, -0.000000000000000000 ) ) ;
#1335 = AXIS2_PLACEMENT_3D ( 'NONE', #2399, #461, #2876 ) ;
#1336 = CARTESIAN_POINT ( 'NONE',  ( 0.000000000000000000, 8.000000000000000000, 67.00000000000000000 ) ) ;
#1337 = VECTOR ( 'NONE', #2769, 1000.000000000000000 ) ;
#1338 = VERTEX_POINT ( 'NONE', #2932 ) ;
#1339 = EDGE_CURVE ( 'NONE', #1304, #376, #907, .T. ) ;
#1341 = AXIS2_PLACEMENT_3D ( 'NONE', #3181, #1487, #2960 ) ;
#1340 = CARTESIAN_POINT ( 'NONE',  ( 0.000000000000000000, 9.000000000000000000, 0.000000000000000000 ) ) ;
#1342 = CARTESIAN_POINT ( 'NONE',  ( 35.00000000000002132, 1.999999999999999112, 50.67499999999999716 ) ) ;
#1343 = CARTESIAN_POINT ( 'NONE',  ( 9.000000000000015987, 9.000000000000000000, 43.04999999999999005 ) ) ;
#1344 = ORIENTED_EDGE ( 'NONE', *, *, #1025, .F. ) ;
#1345 = VECTOR ( 'NONE', #1002, 1000.000000000000000 ) ;
#1346 = CIRCLE ( 'NONE', #198, 1.050000000000002265 ) ;
#1347 = DIRECTION ( 'NONE',  ( 0.000000000000000000, 1.000000000000000000, -1.084202172485503448E-15 ) ) ;
#1348 = ORIENTED_EDGE ( 'NONE', *, *, #68, .T. ) ;
#1349 = AXIS2_PLACEMENT_3D ( 'NONE', #2617, #183, #1884 ) ;
#1350 = DIRECTION ( 'NONE',  ( 0.000000000000000000, -0.000000000000000000, -1.000000000000000000 ) ) ;
#1351 = ORIENTED_EDGE ( 'NONE', *, *, #838, .T. ) ;
#1352 = AXIS2_PLACEMENT_3D ( 'NONE', #107, #819, #2069 ) ;
#1353 = DIRECTION ( 'NONE',  ( 0.000000000000000000, -1.000000000000000000, 0.000000000000000000 ) ) ;
#1354 = EDGE_CURVE ( 'NONE', #418, #2695, #2314, .T. ) ;
#1355 = ORIENTED_EDGE ( 'NONE', *, *, #1168, .F. ) ;
#1356 = CARTESIAN_POINT ( 'NONE',  ( -45.00000000000000000, 0.000000000000000000, 24.00000000000000000 ) ) ;
#1357 = DIRECTION ( 'NONE',  ( 0.000000000000000000, 0.000000000000000000, -1.000000000000000000 ) ) ;
#1358 = VERTEX_POINT ( 'NONE', #1703 ) ;
#1359 = CARTESIAN_POINT ( 'NONE',  ( 23.99999999999999289, 10.00000000000000000, 10.61769145362397282 ) ) ;
#1360 = LINE ( 'NONE', #1105, #1639 ) ;
#1361 = CARTESIAN_POINT ( 'NONE',  ( -46.00000000000000000, 9.000000000000000000, 24.00000000000000000 ) ) ;
#1362 = EDGE_LOOP ( 'NONE', ( #1584, #740, #3008, #2520 ) ) ;
#1363 = EDGE_CURVE ( 'NONE', #1654, #2952, #2885, .T. ) ;
#1364 = DIRECTION ( 'NONE',  ( -0.000000000000000000, 1.000000000000000000, -0.000000000000000000 ) ) ;
#1365 = ORIENTED_EDGE ( 'NONE', *, *, #861, .F. ) ;
#1366 = CARTESIAN_POINT ( 'NONE',  ( -50.00000000000000000, 19.00000000000000000, 24.00000000000000000 ) ) ;
#1367 = EDGE_CURVE ( 'NONE', #2388, #2604, #1701, .T. ) ;
#1368 = VERTEX_POINT ( 'NONE', #207 ) ;
#1369 = DIRECTION ( 'NONE',  ( 1.000000000000000000, 0.000000000000000000, 0.000000000000000000 ) ) ;
#1370 = VERTEX_POINT ( 'NONE', #471 ) ;
#1371 = DIRECTION ( 'NONE',  ( 0.000000000000000000, -1.000000000000000000, 0.000000000000000000 ) ) ;
#1372 = ORIENTED_EDGE ( 'NONE', *, *, #1941, .F. ) ;
#1373 = DIRECTION ( 'NONE',  ( -0.8660254037844387076, 0.000000000000000000, -0.4999999999999997780 ) ) ;
#1374 = EDGE_CURVE ( 'NONE', #1212, #376, #2120, .T. ) ;
#1375 = ORIENTED_EDGE ( 'NONE', *, *, #411, .T. ) ;
#1376 = LINE ( 'NONE', #2285, #2897 ) ;
#1377 = ADVANCED_FACE ( 'NONE', ( #1213 ), #2920, .T. ) ;
#1378 = CARTESIAN_POINT ( 'NONE',  ( 45.00000000000000711, 10.41421356237309404, 14.41421356237308338 ) ) ;
#1379 = VERTEX_POINT ( 'NONE', #2638 ) ;
#1380 = EDGE_CURVE ( 'NONE', #2488, #2591, #1164, .T. ) ;
#1381 = LINE ( 'NONE', #180, #1243 ) ;
#1382 = LINE ( 'NONE', #2648, #1044 ) ;
#1383 = DIRECTION ( 'NONE',  ( -0.8660254037844387076, 0.000000000000000000, -0.4999999999999997780 ) ) ;
#1384 = ADVANCED_FACE ( 'NONE', ( #1632 ), #2390, .T. ) ;
#1385 = VERTEX_POINT ( 'NONE', #171 ) ;
#1386 = CARTESIAN_POINT ( 'NONE',  ( -22.75000000000002842, 9.000000000000000000, 67.00000000000000000 ) ) ;
#1387 = ORIENTED_EDGE ( 'NONE', *, *, #3012, .F. ) ;
#1388 = CARTESIAN_POINT ( 'NONE',  ( -60.00000000000000711, 19.00000000000000000, 24.00000000000000000 ) ) ;
#1389 = VERTEX_POINT ( 'NONE', #919 ) ;
#1390 = CARTESIAN_POINT ( 'NONE',  ( -21.75000000000002487, 8.000000000000000000, 68.00000000000000000 ) ) ;
#1391 = VECTOR ( 'NONE', #1484, 1000.000000000000000 ) ;
#1392 = ORIENTED_EDGE ( 'NONE', *, *, #67, .T. ) ;
#1393 = LINE ( 'NONE', #895, #3094 ) ;
#1394 = CARTESIAN_POINT ( 'NONE',  ( 20.24999999999998224, 9.000000000000000000, 13.99999999999998934 ) ) ;
#1395 = DIRECTION ( 'NONE',  ( 0.000000000000000000, 0.000000000000000000, -1.000000000000000000 ) ) ;
#1396 = ORIENTED_EDGE ( 'NONE', *, *, #2535, .T. ) ;
#1397 = AXIS2_PLACEMENT_3D ( 'NONE', #2486, #2945, #2227 ) ;
#1398 = DIRECTION ( 'NONE',  ( 0.000000000000000000, -1.000000000000000000, 0.000000000000000000 ) ) ;
#1399 = VECTOR ( 'NONE', #2686, 1000.000000000000000 ) ;
#1400 = DIRECTION ( 'NONE',  ( -1.000000000000000000, 0.000000000000000000, -0.000000000000000000 ) ) ;
#1401 = AXIS2_PLACEMENT_3D ( 'NONE', #3142, #923, #2432 ) ;
#1402 = CARTESIAN_POINT ( 'NONE',  ( 44.00000000000000711, 27.99999999999999645, 23.00000000000000000 ) ) ;
#1403 = EDGE_LOOP ( 'NONE', ( #235, #1772, #2110, #314 ) ) ;
#1404 = LINE ( 'NONE', #1832, #1130 ) ;
#1405 = VECTOR ( 'NONE', #3103, 1000.000000000000000 ) ;
#1406 = ORIENTED_EDGE ( 'NONE', *, *, #1312, .T. ) ;
#1407 = DIRECTION ( 'NONE',  ( 0.000000000000000000, 1.000000000000000000, -0.000000000000000000 ) ) ;
#1408 = EDGE_LOOP ( 'NONE', ( #525, #694, #3187, #2819 ) ) ;
#1409 = AXIS2_PLACEMENT_3D ( 'NONE', #2625, #425, #2433 ) ;
#1410 = ORIENTED_EDGE ( 'NONE', *, *, #566, .T. ) ;
#1411 = LINE ( 'NONE', #161, #144 ) ;
#1412 = VECTOR ( 'NONE', #808, 1000.000000000000000 ) ;
#1413 = DIRECTION ( 'NONE',  ( 7.295189183284983628E-32, -1.000000000000000000, 1.734723475976807094E-16 ) ) ;
#1414 = CARTESIAN_POINT ( 'NONE',  ( -21.66421356237309936, 29.00000000000000000, 12.58578643762690419 ) ) ;
#1415 = VERTEX_POINT ( 'NONE', #666 ) ;
#1416 = CARTESIAN_POINT ( 'NONE',  ( -64.00000000000000000, 0.000000000000000000, 24.00000000000000000 ) ) ;
#1417 = ADVANCED_FACE ( 'NONE', ( #3138 ), #2174, .F. ) ;
#1418 = CARTESIAN_POINT ( 'NONE',  ( 26.70000000000000284, 0.000000000000000000, 9.058845726811975752 ) ) ;
#1419 = DIRECTION ( 'NONE',  ( -1.000000000000000000, 0.000000000000000000, 1.734723475976807094E-16 ) ) ;
#1420 = LINE ( 'NONE', #1920, #1503 ) ;
#1421 = ORIENTED_EDGE ( 'NONE', *, *, #407, .T. ) ;
#1422 = ORIENTED_EDGE ( 'NONE', *, *, #2587, .F. ) ;
#1423 = ORIENTED_EDGE ( 'NONE', *, *, #1562, .F. ) ;
#1424 = EDGE_LOOP ( 'NONE', ( #2378, #3018, #255, #1821 ) ) ;
#1425 = DIRECTION ( 'NONE',  ( -0.8660254037844387076, 0.000000000000000000, -0.4999999999999997780 ) ) ;
#1426 = LINE ( 'NONE', #2415, #2430 ) ;
#1427 = LINE ( 'NONE', #3146, #550 ) ;
#1428 = APPROVAL_DATE_TIME ( #2658, #3115 ) ;
#1429 = ORIENTED_EDGE ( 'NONE', *, *, #759, .F. ) ;
#1430 = DIRECTION ( 'NONE',  ( 1.000000000000000000, 0.000000000000000000, -1.734723475976807094E-16 ) ) ;
#1431 = CARTESIAN_POINT ( 'NONE',  ( 44.00000000000000711, 8.999999999999991118, 14.99999999999998579 ) ) ;
#1432 = CARTESIAN_POINT ( 'NONE',  ( -13.49999999999993605, 2.250000000000021760, 58.24999999999997158 ) ) ;
#1433 = DIRECTION ( 'NONE',  ( 0.000000000000000000, -0.000000000000000000, 1.000000000000000000 ) ) ;
#1434 = ORIENTED_EDGE ( 'NONE', *, *, #1380, .F. ) ;
#1435 = ORIENTED_EDGE ( 'NONE', *, *, #2738, .F. ) ;
#1436 = CARTESIAN_POINT ( 'NONE',  ( -35.00000000000002132, 1.999999999999999112, 48.00000000000000000 ) ) ;
#1437 = VERTEX_POINT ( 'NONE', #2905 ) ;
#1438 = ORIENTED_EDGE ( 'NONE', *, *, #422, .F. ) ;
#1439 = CARTESIAN_POINT ( 'NONE',  ( -44.00000000000000000, 11.00000000000000000, 13.99999999999999822 ) ) ;
#1440 = EDGE_CURVE ( 'NONE', #2618, #1106, #1671, .T. ) ;
#1441 = CARTESIAN_POINT ( 'NONE',  ( 45.00000000000002842, 9.000000000000000000, 67.00000000000000000 ) ) ;
#1442 = ORIENTED_EDGE ( 'NONE', *, *, #2279, .T. ) ;
#1443 = CARTESIAN_POINT ( 'NONE',  ( -60.00000000000000711, 19.00000000000000000, 68.00000000000000000 ) ) ;
#1444 = CYLINDRICAL_SURFACE ( 'NONE', #2623, 1.000000000000000888 ) ;
#1445 = AXIS2_PLACEMENT_3D ( 'NONE', #692, #2112, #163 ) ;
#1446 = LINE ( 'NONE', #153, #781 ) ;
#1447 = DIRECTION ( 'NONE',  ( -1.000000000000000000, -0.000000000000000000, -0.000000000000000000 ) ) ;
#1448 = AXIS2_PLACEMENT_3D ( 'NONE', #2278, #267, #1932 ) ;
#1449 = EDGE_LOOP ( 'NONE', ( #2084, #2475, #642, #118 ) ) ;
#1450 = DIRECTION ( 'NONE',  ( -3.154042683594195121E-16, 0.000000000000000000, -1.000000000000000000 ) ) ;
#1451 = EDGE_LOOP ( 'NONE', ( #2933, #138, #899 ) ) ;
#1452 =( BOUNDED_CURVE ( )  B_SPLINE_CURVE ( 3, ( #983, #1068, #2917, #1934 ),
 .UNSPECIFIED., .F., .T. ) 
 B_SPLINE_CURVE_WITH_KNOTS ( ( 4, 4 ),
 ( 4.712388980384689674, 6.283185307179586232 ),
 .UNSPECIFIED. ) 
 CURVE ( )  GEOMETRIC_REPRESENTATION_ITEM ( )  RATIONAL_B_SPLINE_CURVE ( ( 1.000000000000000000, 0.8047378541243649375, 0.8047378541243649375, 1.000000000000000000 ) ) 
 REPRESENTATION_ITEM ( '' )  );
#1453 = VECTOR ( 'NONE', #1194, 1000.000000000000000 ) ;
#1454 = EDGE_LOOP ( 'NONE', ( #2654, #1481 ) ) ;
#1455 = CARTESIAN_POINT ( 'NONE',  ( -8.999999999999992895, 9.000000000000000000, 46.94999999999999574 ) ) ;
#1456 = VECTOR ( 'NONE', #1717, 1000.000000000000000 ) ;
#1457 = EDGE_LOOP ( 'NONE', ( #472, #301, #1944, #2650 ) ) ;
#1458 = AXIS2_PLACEMENT_3D ( 'NONE', #1035, #11, #2460 ) ;
#1459 = VECTOR ( 'NONE', #3013, 1000.000000000000000 ) ;
#1460 = CARTESIAN_POINT ( 'NONE',  ( 7.897595264191639153, 28.99999999999999645, 13.67903625519526933 ) ) ;
#1461 = DIRECTION ( 'NONE',  ( 1.000000000000000000, 0.000000000000000000, 0.000000000000000000 ) ) ;
#1462 = CARTESIAN_POINT ( 'NONE',  ( -20.24999999999996447, 9.000000000000000000, 64.99999999999998579 ) ) ;
#1463 = EDGE_CURVE ( 'NONE', #868, #2715, #2409, .T. ) ;
#1464 = LINE ( 'NONE', #204, #1252 ) ;
#1465 = EDGE_CURVE ( 'NONE', #3109, #685, #2160, .T. ) ;
#1466 = ORIENTED_EDGE ( 'NONE', *, *, #2709, .T. ) ;
#1467 = CARTESIAN_POINT ( 'NONE',  ( -45.00000000000000000, 27.99999999999999645, 23.00000000000000000 ) ) ;
#1468 = ORIENTED_EDGE ( 'NONE', *, *, #2273, .F. ) ;
#1469 = EDGE_LOOP ( 'NONE', ( #2173, #2232 ) ) ;
#1470 = PLANE ( 'NONE',  #1847 ) ;
#1471 = CARTESIAN_POINT ( 'NONE',  ( -45.99999999999999289, 8.000000000000000000, 67.00000000000000000 ) ) ;
#1472 = DATE_AND_TIME ( #693, #786 ) ;
#1473 = VERTEX_POINT ( 'NONE', #784 ) ;
#1474 = DIRECTION ( 'NONE',  ( -1.000000000000000000, 0.000000000000000000, 3.154042683594188711E-16 ) ) ;
#1475 = DIRECTION ( 'NONE',  ( 1.000000000000000000, 0.000000000000000000, -1.836970198721029934E-16 ) ) ;
#1476 = CYLINDRICAL_SURFACE ( 'NONE', #730, 1.050000000000002265 ) ;
#1477 = ORIENTED_EDGE ( 'NONE', *, *, #1515, .F. ) ;
#1478 = DIRECTION ( 'NONE',  ( 0.000000000000000000, 0.000000000000000000, -1.000000000000000000 ) ) ;
#1479 = ORIENTED_EDGE ( 'NONE', *, *, #2878, .F. ) ;
#1480 = DIRECTION ( 'NONE',  ( 0.000000000000000000, 0.000000000000000000, 1.000000000000000000 ) ) ;
#1481 = ORIENTED_EDGE ( 'NONE', *, *, #2451, .T. ) ;
#1482 = CARTESIAN_POINT ( 'NONE',  ( 44.00000000000000000, 9.000000000000000000, -1.634903476861716752E-14 ) ) ;
#1483 = FACE_OUTER_BOUND ( 'NONE', #1702, .T. ) ;
#1484 = DIRECTION ( 'NONE',  ( -0.000000000000000000, -1.000000000000000000, -0.000000000000000000 ) ) ;
#1485 = DIRECTION ( 'NONE',  ( 0.000000000000000000, 1.000000000000000000, -0.000000000000000000 ) ) ;
#1486 = CIRCLE ( 'NONE', #2507, 1.000000000000000888 ) ;
#1487 = DIRECTION ( 'NONE',  ( 0.000000000000000000, 0.000000000000000000, 1.000000000000000000 ) ) ;
#1488 = AXIS2_PLACEMENT_3D ( 'NONE', #1443, #1191, #1678 ) ;
#1489 = CARTESIAN_POINT ( 'NONE',  ( 45.00000000000000711, 0.9999999999999991118, 14.99999999999998579 ) ) ;
#1490 = LINE ( 'NONE', #268, #1345 ) ;
#1491 = ORIENTED_EDGE ( 'NONE', *, *, #790, .T. ) ;
#1492 = ORIENTED_EDGE ( 'NONE', *, *, #1636, .T. ) ;
#1493 = EDGE_CURVE ( 'NONE', #2835, #1019, #1771, .T. ) ;
#1494 = CIRCLE ( 'NONE', #77, 1.000000000000000888 ) ;
#1495 = CARTESIAN_POINT ( 'NONE',  ( 21.75000000000002487, 49.00000000000000000, 68.00000000000000000 ) ) ;
#1496 = CIRCLE ( 'NONE', #291, 2.674999999999996714 ) ;
#1497 = VERTEX_POINT ( 'NONE', #2759 ) ;
#1498 = EDGE_CURVE ( 'NONE', #1635, #1212, #1289, .T. ) ;
#1499 = DIRECTION ( 'NONE',  ( -1.000000000000000000, 0.000000000000000000, 0.000000000000000000 ) ) ;
#1501 = CIRCLE ( 'NONE', #1998, 1.000000000000000888 ) ;
#1500 = DIRECTION ( 'NONE',  ( -0.000000000000000000, 1.000000000000000000, -0.000000000000000000 ) ) ;
#1502 = FACE_OUTER_BOUND ( 'NONE', #3087, .T. ) ;
#1503 = VECTOR ( 'NONE', #1143, 1000.000000000000000 ) ;
#1504 = LINE ( 'NONE', #307, #2883 ) ;
#1505 = VECTOR ( 'NONE', #570, 1000.000000000000000 ) ;
#1506 = CARTESIAN_POINT ( 'NONE',  ( -35.00000000000002132, 1.999999999999999112, 48.00000000000000000 ) ) ;
#1507 = LINE ( 'NONE', #513, #1542 ) ;
#1508 = CARTESIAN_POINT ( 'NONE',  ( -65.00000000000000000, 18.58578643762690419, 24.41421356237309581 ) ) ;
#1509 = ORIENTED_EDGE ( 'NONE', *, *, #912, .F. ) ;
#1510 = EDGE_CURVE ( 'NONE', #2644, #1389, #344, .T. ) ;
#1511 = CARTESIAN_POINT ( 'NONE',  ( -45.00000000000000000, 11.00000000000000000, 1.000000000000000000 ) ) ;
#1512 = EDGE_LOOP ( 'NONE', ( #169, #871, #1805, #637, #582, #2447, #3104 ) ) ;
#1513 = CARTESIAN_POINT ( 'NONE',  ( -21.25000000000000000, 10.00000000000000178, 13.00000000000000178 ) ) ;
#1514 = CARTESIAN_POINT ( 'NONE',  ( 26.70000000000000284, 0.000000000000000000, 9.058845726811975752 ) ) ;
#1515 = EDGE_CURVE ( 'NONE', #1100, #101, #2454, .T. ) ;
#1516 = FACE_OUTER_BOUND ( 'NONE', #2906, .T. ) ;
#1517 = EDGE_CURVE ( 'NONE', #1120, #1951, #237, .T. ) ;
#1518 = CARTESIAN_POINT ( 'NONE',  ( -22.75000000000004263, 28.99999999999999645, 23.00000000000000000 ) ) ;
#1519 = DIRECTION ( 'NONE',  ( -0.000000000000000000, -1.000000000000000000, -0.000000000000000000 ) ) ;
#1520 = PLANE ( 'NONE',  #1897 ) ;
#1521 = EDGE_CURVE ( 'NONE', #685, #3165, #1490, .T. ) ;
#1522 = EDGE_CURVE ( 'NONE', #1019, #2391, #1245, .T. ) ;
#1523 = CARTESIAN_POINT ( 'NONE',  ( -45.99999999999999289, 1.000000000000000000, 68.00000000000000000 ) ) ;
#1524 = ORIENTED_EDGE ( 'NONE', *, *, #1533, .T. ) ;
#1525 = LINE ( 'NONE', #1315, #3204 ) ;
#1526 = DIRECTION ( 'NONE',  ( 0.000000000000000000, 1.000000000000000000, 0.000000000000000000 ) ) ;
#1527 = ORIENTED_EDGE ( 'NONE', *, *, #2320, .F. ) ;
#1528 = LINE ( 'NONE', #489, #2834 ) ;
#1529 = DIRECTION ( 'NONE',  ( 0.000000000000000000, 1.000000000000000000, -0.000000000000000000 ) ) ;
#1530 = CARTESIAN_POINT ( 'NONE',  ( -64.00000000000000000, 19.00000000000000000, 24.00000000000000000 ) ) ;
#1531 = CARTESIAN_POINT ( 'NONE',  ( 45.00000000000002842, 8.000000000000000000, 65.99999999999998579 ) ) ;
#1532 = DIRECTION ( 'NONE',  ( 0.8660254037844387076, 0.000000000000000000, 0.4999999999999997780 ) ) ;
#1533 = EDGE_CURVE ( 'NONE', #877, #1389, #1281, .T. ) ;
#1534 = CIRCLE ( 'NONE', #2191, 1.000000000000000888 ) ;
#1535 = CIRCLE ( 'NONE', #548, 1.000000000000000888 ) ;
#1536 = CARTESIAN_POINT ( 'NONE',  ( -47.99999999999999289, 1.000000000000000888, 69.00000000000000000 ) ) ;
#1537 = ORIENTED_EDGE ( 'NONE', *, *, #1215, .F. ) ;
#1538 = DIRECTION ( 'NONE',  ( -0.8660254037844384856, -0.000000000000000000, 0.5000000000000004441 ) ) ;
#1539 = CARTESIAN_POINT ( 'NONE',  ( -65.00000000000000000, 28.99999999999999645, 24.00000000000000000 ) ) ;
#1540 = EDGE_LOOP ( 'NONE', ( #1422, #852, #2411, #546 ) ) ;
#1541 = FACE_OUTER_BOUND ( 'NONE', #1457, .T. ) ;
#1542 = VECTOR ( 'NONE', #748, 1000.000000000000000 ) ;
#1543 = CARTESIAN_POINT ( 'NONE',  ( 0.000000000000000000, 9.000000000000000000, 24.00000000000000000 ) ) ;
#1544 = VECTOR ( 'NONE', #242, 1000.000000000000000 ) ;
#1545 = AXIS2_PLACEMENT_3D ( 'NONE', #644, #2116, #2365 ) ;
#1546 = DIRECTION ( 'NONE',  ( 1.000000000000000000, 0.000000000000000000, 0.000000000000000000 ) ) ;
#1547 = DIRECTION ( 'NONE',  ( 1.000000000000000000, 0.000000000000000000, 0.000000000000000000 ) ) ;
#1548 = DIRECTION ( 'NONE',  ( 0.000000000000000000, 0.000000000000000000, 1.000000000000000000 ) ) ;
#1549 = VECTOR ( 'NONE', #168, 1000.000000000000000 ) ;
#1550 = ADVANCED_FACE ( 'NONE', ( #1729, #2713, #1990, #2951, #2469 ), #2242, .T. ) ;
#1551 = AXIS2_PLACEMENT_3D ( 'NONE', #1082, #1560, #305 ) ;
#1552 = CIRCLE ( 'NONE', #3000, 1.050000000000002265 ) ;
#1553 = DIRECTION ( 'NONE',  ( 0.000000000000000000, 1.000000000000000000, 0.000000000000000000 ) ) ;
#1554 = VERTEX_POINT ( 'NONE', #1523 ) ;
#1555 = LINE ( 'NONE', #2262, #2259 ) ;
#1556 = ORIENTED_EDGE ( 'NONE', *, *, #1673, .F. ) ;
#1557 = CARTESIAN_POINT ( 'NONE',  ( -7.897595264191635600, 28.99999999999999645, 13.67903625519527289 ) ) ;
#1558 = EDGE_LOOP ( 'NONE', ( #2086, #410, #2108, #718 ) ) ;
#1559 = DIRECTION ( 'NONE',  ( -0.8660254037844385966, 0.000000000000000000, 0.5000000000000000000 ) ) ;
#1560 = DIRECTION ( 'NONE',  ( -4.336808689942013299E-16, 0.000000000000000000, -1.000000000000000000 ) ) ;
#1561 = ORIENTED_EDGE ( 'NONE', *, *, #1363, .T. ) ;
#1562 = EDGE_CURVE ( 'NONE', #1415, #671, #639, .T. ) ;
#1563 = DIRECTION ( 'NONE',  ( 0.000000000000000000, 1.000000000000000000, 0.000000000000000000 ) ) ;
#1564 = CYLINDRICAL_SURFACE ( 'NONE', #771, 1.000000000000000888 ) ;
#1565 = DIRECTION ( 'NONE',  ( -1.000000000000000000, 0.000000000000000000, 3.154042683594195121E-16 ) ) ;
#1566 = EDGE_CURVE ( 'NONE', #1304, #330, #2730, .T. ) ;
#1567 = CARTESIAN_POINT ( 'NONE',  ( -23.99999999999999289, 10.00000000000000000, 10.61769145362397637 ) ) ;
#1568 = ORIENTED_EDGE ( 'NONE', *, *, #1977, .T. ) ;
#1569 = ADVANCED_FACE ( 'NONE', ( #278 ), #1047, .F. ) ;
#1570 = CARTESIAN_POINT ( 'NONE',  ( 26.70000000000000284, 10.00000000000000000, 9.058845726811975752 ) ) ;
#1571 = ORIENTED_EDGE ( 'NONE', *, *, #2754, .F. ) ;
#1572 = DIRECTION ( 'NONE',  ( 0.000000000000000000, 0.4138029443011839725, 0.9103664774626046841 ) ) ;
#1573 = ORIENTED_EDGE ( 'NONE', *, *, #2958, .T. ) ;
#1574 = DIRECTION ( 'NONE',  ( -1.000000000000000000, 0.000000000000000000, -0.000000000000000000 ) ) ;
#1575 = DIRECTION ( 'NONE',  ( -1.000000000000000000, 0.000000000000000000, -0.000000000000000000 ) ) ;
#1576 = EDGE_LOOP ( 'NONE', ( #2950, #1344, #2515, #1027, #2823, #1156 ) ) ;
#1577 = EDGE_CURVE ( 'NONE', #2488, #1473, #1026, .T. ) ;
#1578 = CARTESIAN_POINT ( 'NONE',  ( -9.000000000000000000, 0.000000000000000000, 40.94999999999999574 ) ) ;
#1579 = PERSON_AND_ORGANIZATION_ROLE ( 'creator' ) ;
#1580 = VERTEX_POINT ( 'NONE', #2747 ) ;
#1581 = DIRECTION ( 'NONE',  ( 1.000000000000000000, -0.000000000000000000, -0.000000000000000000 ) ) ;
#1582 = ORIENTED_EDGE ( 'NONE', *, *, #571, .F. ) ;
#1583 = DIRECTION ( 'NONE',  ( 1.000000000000000000, 0.000000000000000000, 0.000000000000000000 ) ) ;
#1584 = ORIENTED_EDGE ( 'NONE', *, *, #2634, .F. ) ;
#1585 = ORIENTED_EDGE ( 'NONE', *, *, #2152, .T. ) ;
#1586 = ORIENTED_EDGE ( 'NONE', *, *, #2698, .T. ) ;
#1587 = PLANE ( 'NONE',  #1140 ) ;
#1588 = AXIS2_PLACEMENT_3D ( 'NONE', #3179, #964, #2420 ) ;
#1589 = DIRECTION ( 'NONE',  ( 0.000000000000000000, -8.673617379884043361E-16, -1.000000000000000000 ) ) ;
#1590 = AXIS2_PLACEMENT_3D ( 'NONE', #815, #752, #2703 ) ;
#1591 = ORIENTED_EDGE ( 'NONE', *, *, #2532, .F. ) ;
#1593 = AXIS2_PLACEMENT_3D ( 'NONE', #152, #914, #2877 ) ;
#1592 = CARTESIAN_POINT ( 'NONE',  ( -8.999999999999992895, 0.000000000000000000, 46.94999999999999574 ) ) ;
#1594 = DIRECTION ( 'NONE',  ( 0.000000000000000000, 0.000000000000000000, -1.000000000000000000 ) ) ;
#1595 = VERTEX_POINT ( 'NONE', #31 ) ;
#1596 = VECTOR ( 'NONE', #2267, 1000.000000000000000 ) ;
#1597 = VECTOR ( 'NONE', #1598, 1000.000000000000000 ) ;
#1598 = DIRECTION ( 'NONE',  ( -0.000000000000000000, 1.000000000000000000, -0.000000000000000000 ) ) ;
#1599 = EDGE_CURVE ( 'NONE', #1005, #1120, #1299, .T. ) ;
#1600 = AXIS2_PLACEMENT_3D ( 'NONE', #552, #217, #1223 ) ;
#1601 = CYLINDRICAL_SURFACE ( 'NONE', #295, 1.000000000000000888 ) ;
#1602 = ORIENTED_EDGE ( 'NONE', *, *, #3074, .F. ) ;
#1603 = AXIS2_PLACEMENT_3D ( 'NONE', #440, #2179, #2938 ) ;
#1604 = LINE ( 'NONE', #2867, #2139 ) ;
#1605 = ORIENTED_EDGE ( 'NONE', *, *, #1309, .F. ) ;
#1606 = CARTESIAN_POINT ( 'NONE',  ( -60.00000000000000711, 9.000000000000000000, 24.00000000000000000 ) ) ;
#1607 = ORIENTED_EDGE ( 'NONE', *, *, #725, .F. ) ;
#1608 = DIRECTION ( 'NONE',  ( 1.000000000000000000, 0.000000000000000000, 0.000000000000000000 ) ) ;
#1609 = ORIENTED_EDGE ( 'NONE', *, *, #1116, .F. ) ;
#1610 = DIRECTION ( 'NONE',  ( 0.000000000000000000, -1.000000000000000000, 0.000000000000000000 ) ) ;
#1611 = CARTESIAN_POINT ( 'NONE',  ( -44.00000000000000000, 11.00000000000000000, 1.000000000000000888 ) ) ;
#1612 = ORIENTED_EDGE ( 'NONE', *, *, #70, .F. ) ;
#1613 = DIRECTION ( 'NONE',  ( -3.154042683594195121E-16, 0.000000000000000000, -1.000000000000000000 ) ) ;
#1614 = CYLINDRICAL_SURFACE ( 'NONE', #1904, 1.000000000000000888 ) ;
#1615 = LINE ( 'NONE', #416, #1549 ) ;
#1616 = VERTEX_POINT ( 'NONE', #985 ) ;
#1617 = FACE_OUTER_BOUND ( 'NONE', #229, .T. ) ;
#1618 = ORIENTED_EDGE ( 'NONE', *, *, #516, .F. ) ;
#1619 = CARTESIAN_POINT ( 'NONE',  ( -22.75000000000002842, 47.44699582058231613, 67.00000000000000000 ) ) ;
#1620 = ORIENTED_EDGE ( 'NONE', *, *, #33, .T. ) ;
#1621 = LINE ( 'NONE', #2608, #2739 ) ;
#1622 = EDGE_LOOP ( 'NONE', ( #954, #676, #646, #1183 ) ) ;
#1623 = DIRECTION ( 'NONE',  ( 0.000000000000000000, -1.000000000000000000, 0.000000000000000000 ) ) ;
#1624 = CARTESIAN_POINT ( 'NONE',  ( 21.25000000000000000, 27.99999999999999645, 12.99999999999999467 ) ) ;
#1625 = ORIENTED_EDGE ( 'NONE', *, *, #838, .F. ) ;
#1626 = LINE ( 'NONE', #2614, #2148 ) ;
#1627 = PLANE ( 'NONE',  #558 ) ;
#1628 = CARTESIAN_POINT ( 'NONE',  ( 44.00000000000000000, 28.99999999999999645, 0.9999999999999837907 ) ) ;
#1629 = ORIENTED_EDGE ( 'NONE', *, *, #1327, .T. ) ;
#1630 = DIRECTION ( 'NONE',  ( -0.000000000000000000, 1.000000000000000000, -0.000000000000000000 ) ) ;
#1631 = ORIENTED_EDGE ( 'NONE', *, *, #2097, .T. ) ;
#1632 = FACE_OUTER_BOUND ( 'NONE', #219, .T. ) ;
#1633 = VERTEX_POINT ( 'NONE', #798 ) ;
#1634 = ADVANCED_FACE ( 'NONE', ( #1952 ), #739, .F. ) ;
#1635 = VERTEX_POINT ( 'NONE', #2311 ) ;
#1636 = EDGE_CURVE ( 'NONE', #1106, #2220, #1328, .T. ) ;
#1637 = FACE_OUTER_BOUND ( 'NONE', #59, .T. ) ;
#1638 = CARTESIAN_POINT ( 'NONE',  ( -47.99999999999999289, 0.000000000000000000, 69.00000000000000000 ) ) ;
#1639 = VECTOR ( 'NONE', #2305, 1000.000000000000000 ) ;
#1640 = PERSON_AND_ORGANIZATION_ROLE ( 'design_owner' ) ;
#1641 = ORIENTED_EDGE ( 'NONE', *, *, #99, .T. ) ;
#1642 = VECTOR ( 'NONE', #3014, 1000.000000000000000 ) ;
#1643 = DIRECTION ( 'NONE',  ( 0.000000000000000000, 0.000000000000000000, -1.000000000000000000 ) ) ;
#1644 = DIRECTION ( 'NONE',  ( 0.000000000000000000, 0.000000000000000000, 1.000000000000000000 ) ) ;
#1645 = VECTOR ( 'NONE', #585, 1000.000000000000000 ) ;
#1646 = FACE_OUTER_BOUND ( 'NONE', #2884, .T. ) ;
#1647 = AXIS2_PLACEMENT_3D ( 'NONE', #1719, #2775, #2807 ) ;
#1648 = CARTESIAN_POINT ( 'NONE',  ( 44.00000000000002842, 0.9999999999999991118, 67.00000000000000000 ) ) ;
#1649 = EDGE_LOOP ( 'NONE', ( #1753, #572, #2851, #1509 ) ) ;
#1650 = AXIS2_PLACEMENT_3D ( 'NONE', #2347, #683, #645 ) ;
#1651 = ORIENTED_EDGE ( 'NONE', *, *, #1941, .T. ) ;
#1652 = DIRECTION ( 'NONE',  ( 0.000000000000000000, 0.000000000000000000, 1.000000000000000000 ) ) ;
#1653 = EDGE_CURVE ( 'NONE', #688, #1385, #514, .T. ) ;
#1654 = VERTEX_POINT ( 'NONE', #1812 ) ;
#1655 = AXIS2_PLACEMENT_3D ( 'NONE', #123, #1102, #2087 ) ;
#1656 = ORIENTED_EDGE ( 'NONE', *, *, #762, .T. ) ;
#1657 = DIRECTION ( 'NONE',  ( -0.000000000000000000, -0.4138029443011839725, -0.9103664774626047951 ) ) ;
#1658 = AXIS2_PLACEMENT_3D ( 'NONE', #266, #824, #2757 ) ;
#1659 = LINE ( 'NONE', #2492, #353 ) ;
#1660 = CYLINDRICAL_SURFACE ( 'NONE', #1743, 2.674999999999996714 ) ;
#1661 = PERSON_AND_ORGANIZATION_ROLE ( 'creator' ) ;
#1662 = EDGE_LOOP ( 'NONE', ( #64, #3148, #2626, #1956 ) ) ;
#1663 = ADVANCED_FACE ( 'NONE', ( #2291, #2822 ), #2533, .F. ) ;
#1664 = DIRECTION ( 'NONE',  ( 1.000000000000000000, 0.000000000000000000, 0.000000000000000000 ) ) ;
#1665 = DIRECTION ( 'NONE',  ( 0.000000000000000000, -1.000000000000000000, 0.000000000000000000 ) ) ;
#1666 = CARTESIAN_POINT ( 'NONE',  ( -45.00000000000000000, 0.9999999999999997780, 14.00000000000000178 ) ) ;
#1667 = ADVANCED_FACE ( 'NONE', ( #578 ), #2050, .F. ) ;
#1668 = DIRECTION ( 'NONE',  ( 0.000000000000000000, -1.000000000000000000, 0.000000000000000000 ) ) ;
#1669 = ORIENTED_EDGE ( 'NONE', *, *, #2398, .T. ) ;
#1670 = EDGE_LOOP ( 'NONE', ( #1477, #1537, #2074, #1582, #1586, #2317 ) ) ;
#1671 = LINE ( 'NONE', #2652, #2676 ) ;
#1672 = ORIENTED_EDGE ( 'NONE', *, *, #2978, .F. ) ;
#1673 = EDGE_CURVE ( 'NONE', #3109, #2919, #608, .T. ) ;
#1674 = ORIENTED_EDGE ( 'NONE', *, *, #1367, .T. ) ;
#1675 = DIRECTION ( 'NONE',  ( 1.000000000000000000, 0.000000000000000000, -0.000000000000000000 ) ) ;
#1676 = DIRECTION ( 'NONE',  ( 0.5773502691896278405, 0.5773502691896227335, 0.5773502691896267303 ) ) ;
#1677 = VERTEX_POINT ( 'NONE', #1071 ) ;
#1678 = DIRECTION ( 'NONE',  ( 0.000000000000000000, 0.000000000000000000, 1.000000000000000000 ) ) ;
#1679 = CARTESIAN_POINT ( 'NONE',  ( 21.66421356237309936, 28.99999999999999289, 12.58578643762689886 ) ) ;
#1680 = ADVANCED_FACE ( 'NONE', ( #2029 ), #1614, .T. ) ;
#1681 = CARTESIAN_POINT ( 'NONE',  ( 21.29999999999999361, 0.000000000000000000, 9.058845726811981081 ) ) ;
#1682 = EDGE_CURVE ( 'NONE', #361, #3109, #100, .T. ) ;
#1683 = DIRECTION ( 'NONE',  ( 0.000000000000000000, 0.000000000000000000, -1.000000000000000000 ) ) ;
#1684 = EDGE_LOOP ( 'NONE', ( #2613, #3043 ) ) ;
#1685 = CARTESIAN_POINT ( 'NONE',  ( -22.75000000000002842, 49.00000000000000000, 24.00000000000000000 ) ) ;
#1686 = VERTEX_POINT ( 'NONE', #2062 ) ;
#1687 = ORIENTED_EDGE ( 'NONE', *, *, #1297, .T. ) ;
#1688 = PLANE ( 'NONE',  #727 ) ;
#1689 = DIRECTION ( 'NONE',  ( -1.000000000000000000, 0.000000000000000000, 0.000000000000000000 ) ) ;
#1690 = APPROVAL_DATE_TIME ( #1472, #287 ) ;
#1691 = ORIENTED_EDGE ( 'NONE', *, *, #2576, .F. ) ;
#1692 = ADVANCED_FACE ( 'NONE', ( #58 ), #47, .T. ) ;
#1693 = CC_DESIGN_PERSON_AND_ORGANIZATION_ASSIGNMENT ( #946, #1661, ( #3047 ) ) ;
#1694 = AXIS2_PLACEMENT_3D ( 'NONE', #1732, #801, #1775 ) ;
#1695 = EDGE_CURVE ( 'NONE', #2018, #2122, #1346, .T. ) ;
#1696 = DIRECTION ( 'NONE',  ( 0.000000000000000000, -1.000000000000000000, 0.000000000000000000 ) ) ;
#1697 = CARTESIAN_POINT ( 'NONE',  ( -45.00000000000000000, 0.9999999999999991118, 14.00000000000000000 ) ) ;
#1698 = AXIS2_PLACEMENT_3D ( 'NONE', #2863, #1665, #901 ) ;
#1699 = CARTESIAN_POINT ( 'NONE',  ( 9.000000000000008882, 9.000000000000000000, 49.04999999999999005 ) ) ;
#1700 = CARTESIAN_POINT ( 'NONE',  ( 2.428612866367528749E-15, 9.000000000000000000, 13.99999999999999289 ) ) ;
#1701 = CIRCLE ( 'NONE', #1792, 1.000000000000000222 ) ;
#1702 = EDGE_LOOP ( 'NONE', ( #920, #3201, #811, #239 ) ) ;
#1703 = CARTESIAN_POINT ( 'NONE',  ( -21.25000000000003197, 48.09090909090908639, 66.00000000000000000 ) ) ;
#1704 = AXIS2_PLACEMENT_3D ( 'NONE', #966, #714, #1903 ) ;
#1705 = ORIENTED_EDGE ( 'NONE', *, *, #2513, .F. ) ;
#1706 = VECTOR ( 'NONE', #360, 999.9999999999998863 ) ;
#1707 = EDGE_LOOP ( 'NONE', ( #2296, #2640, #1808, #2870, #2341, #120 ) ) ;
#1708 = CARTESIAN_POINT ( 'NONE',  ( -47.99999999999999289, 1.000000000000000000, 69.00000000000000000 ) ) ;
#1709 = AXIS2_PLACEMENT_3D ( 'NONE', #1001, #2467, #1258 ) ;
#1710 = DIRECTION ( 'NONE',  ( 1.000000000000000000, -0.000000000000000000, -0.000000000000000000 ) ) ;
#1711 = ORIENTED_EDGE ( 'NONE', *, *, #1380, .T. ) ;
#1712 = VECTOR ( 'NONE', #262, 1000.000000000000000 ) ;
#1713 = AXIS2_PLACEMENT_3D ( 'NONE', #2530, #794, #1797 ) ;
#1714 = DIRECTION ( 'NONE',  ( 0.000000000000000000, 0.000000000000000000, 1.000000000000000000 ) ) ;
#1715 = DIRECTION ( 'NONE',  ( 0.000000000000000000, 0.000000000000000000, -1.000000000000000000 ) ) ;
#1716 = ADVANCED_FACE ( 'NONE', ( #1122 ), #1848, .T. ) ;
#1717 = DIRECTION ( 'NONE',  ( -0.000000000000000000, 1.000000000000000000, -0.000000000000000000 ) ) ;
#1718 = ORIENTED_EDGE ( 'NONE', *, *, #1235, .F. ) ;
#1719 = CARTESIAN_POINT ( 'NONE',  ( 9.000000000000008882, 0.000000000000000000, 47.99999999999999289 ) ) ;
#1720 = VERTEX_POINT ( 'NONE', #116 ) ;
#1721 = ORIENTED_EDGE ( 'NONE', *, *, #115, .T. ) ;
#1722 = CARTESIAN_POINT ( 'NONE',  ( 21.24999999999999645, 28.99999999999999645, -6.702340702637665136E-15 ) ) ;
#1723 = EDGE_CURVE ( 'NONE', #2220, #2721, #2202, .T. ) ;
#1724 = ADVANCED_FACE ( 'NONE', ( #3051 ), #3082, .F. ) ;
#1725 = CYLINDRICAL_SURFACE ( 'NONE', #677, 1.000000000000000888 ) ;
#1726 = ORIENTED_EDGE ( 'NONE', *, *, #2400, .T. ) ;
#1727 = DIRECTION ( 'NONE',  ( 0.000000000000000000, 0.000000000000000000, -1.000000000000000000 ) ) ;
#1728 = LINE ( 'NONE', #1700, #2096 ) ;
#1729 = FACE_OUTER_BOUND ( 'NONE', #2472, .T. ) ;
#1730 = ORIENTED_EDGE ( 'NONE', *, *, #894, .T. ) ;
#1731 = EDGE_CURVE ( 'NONE', #225, #1172, #1059, .T. ) ;
#1732 = CARTESIAN_POINT ( 'NONE',  ( 0.000000000000000000, 0.000000000000000000, 68.00000000000000000 ) ) ;
#1733 = ORIENTED_EDGE ( 'NONE', *, *, #3059, .T. ) ;
#1734 = PLANE ( 'NONE',  #1040 ) ;
#1735 = CARTESIAN_POINT ( 'NONE',  ( 10.59759526419164999, 28.99999999999999645, 18.35557343563124277 ) ) ;
#1736 = LINE ( 'NONE', #2798, #1391 ) ;
#1737 = LINE ( 'NONE', #265, #2142 ) ;
#1738 = AXIS2_PLACEMENT_3D ( 'NONE', #2539, #2066, #2969 ) ;
#1739 = FACE_OUTER_BOUND ( 'NONE', #1923, .T. ) ;
#1740 = DIRECTION ( 'NONE',  ( 0.8660254037844385966, -0.000000000000000000, -0.5000000000000001110 ) ) ;
#1741 = CIRCLE ( 'NONE', #338, 1.050000000000002265 ) ;
#1742 = DIRECTION ( 'NONE',  ( 0.8660254037844385966, 0.000000000000000000, 0.5000000000000001110 ) ) ;
#1743 = AXIS2_PLACEMENT_3D ( 'NONE', #1878, #2125, #2643 ) ;
#1744 = CARTESIAN_POINT ( 'NONE',  ( -65.00000000000000000, 18.00000000000000000, 25.00000000000000000 ) ) ;
#1745 = ORIENTED_EDGE ( 'NONE', *, *, #3050, .T. ) ;
#1746 = VECTOR ( 'NONE', #2500, 1000.000000000000000 ) ;
#1747 = DIRECTION ( 'NONE',  ( 1.000000000000000000, 0.000000000000000000, 0.000000000000000000 ) ) ;
#1748 = VECTOR ( 'NONE', #1199, 1000.000000000000000 ) ;
#1749 = ORIENTED_EDGE ( 'NONE', *, *, #1367, .F. ) ;
#1750 = CARTESIAN_POINT ( 'NONE',  ( -8.999999999999992895, 0.000000000000000000, 46.94999999999999574 ) ) ;
#1752 = AXIS2_PLACEMENT_3D ( 'NONE', #2879, #699, #1868 ) ;
#1751 = CARTESIAN_POINT ( 'NONE',  ( 22.33578643762692550, 48.03278225820922387, 67.99999999999998579 ) ) ;
#1753 = ORIENTED_EDGE ( 'NONE', *, *, #1889, .T. ) ;
#1754 = VECTOR ( 'NONE', #1841, 1000.000000000000000 ) ;
#1755 = EDGE_CURVE ( 'NONE', #2604, #1762, #1501, .T. ) ;
#1756 = CARTESIAN_POINT ( 'NONE',  ( 44.00000000000002842, 8.000000000000000000, 67.00000000000000000 ) ) ;
#1757 = VECTOR ( 'NONE', #193, 1000.000000000000114 ) ;
#1758 = DIRECTION ( 'NONE',  ( 0.7071067811865444641, 0.7071067811865505703, -2.230244969721261837E-16 ) ) ;
#1759 = DIRECTION ( 'NONE',  ( -0.000000000000000000, 1.000000000000000000, 0.000000000000000000 ) ) ;
#1760 = LOCAL_TIME ( 23, 24, 25.00000000000000000, #2818 ) ;
#1761 = CARTESIAN_POINT ( 'NONE',  ( 0.000000000000000000, 0.000000000000000000, 0.000000000000000000 ) ) ;
#1762 = VERTEX_POINT ( 'NONE', #1107 ) ;
#1763 = FACE_OUTER_BOUND ( 'NONE', #936, .T. ) ;
#1764 = EDGE_LOOP ( 'NONE', ( #1691, #1115, #1423, #488 ) ) ;
#1765 = CARTESIAN_POINT ( 'NONE',  ( -35.00000000000002132, 1.999999999999999112, 45.32500000000000284 ) ) ;
#1766 = DIRECTION ( 'NONE',  ( 1.000000000000000000, -0.000000000000000000, 0.000000000000000000 ) ) ;
#1767 = LINE ( 'NONE', #1253, #2294 ) ;
#1768 = ADVANCED_FACE ( 'NONE', ( #1827 ), #2681, .F. ) ;
#1769 = CARTESIAN_POINT ( 'NONE',  ( -50.00000000000000000, 19.00000000000000000, 24.00000000000000000 ) ) ;
#1770 = DIRECTION ( 'NONE',  ( 0.000000000000000000, -0.000000000000000000, 1.000000000000000000 ) ) ;
#1771 = LINE ( 'NONE', #6, #2729 ) ;
#1772 = ORIENTED_EDGE ( 'NONE', *, *, #495, .T. ) ;
#1773 = EDGE_CURVE ( 'NONE', #1005, #978, #3153, .T. ) ;
#1774 = CARTESIAN_POINT ( 'NONE',  ( -44.00000000000000000, 27.99999999999999645, 24.00000000000000000 ) ) ;
#1775 = DIRECTION ( 'NONE',  ( 1.000000000000000000, 0.000000000000000000, 0.000000000000000000 ) ) ;
#1776 = ORIENTED_EDGE ( 'NONE', *, *, #2862, .F. ) ;
#1777 = DIRECTION ( 'NONE',  ( 0.000000000000000000, 0.000000000000000000, -1.000000000000000000 ) ) ;
#1778 = LINE ( 'NONE', #792, #1712 ) ;
#1779 = DIRECTION ( 'NONE',  ( 0.000000000000000000, -1.000000000000000000, 0.000000000000000000 ) ) ;
#1780 = CARTESIAN_POINT ( 'NONE',  ( 9.000000000000008882, 0.000000000000000000, 47.99999999999999289 ) ) ;
#1781 = LINE ( 'NONE', #15, #1642 ) ;
#1782 = CARTESIAN_POINT ( 'NONE',  ( -64.00000000000000000, 1.000000000000000000, 0.000000000000000000 ) ) ;
#1783 = ORIENTED_EDGE ( 'NONE', *, *, #367, .T. ) ;
#1784 = CARTESIAN_POINT ( 'NONE',  ( 22.75000000000002842, 9.000000000000000000, 67.00000000000000000 ) ) ;
#1785 = CIRCLE ( 'NONE', #930, 1.000000000000000000 ) ;
#1786 = EDGE_LOOP ( 'NONE', ( #664, #1200, #1591, #478 ) ) ;
#1787 = FACE_OUTER_BOUND ( 'NONE', #1362, .T. ) ;
#1788 = EDGE_LOOP ( 'NONE', ( #2470, #962, #665, #2980 ) ) ;
#1789 = PLANE ( 'NONE',  #1090 ) ;
#1790 = VECTOR ( 'NONE', #1063, 1000.000000000000000 ) ;
#1791 = DIRECTION ( 'NONE',  ( 0.8660254037844387076, 0.000000000000000000, -0.5000000000000001110 ) ) ;
#1792 = AXIS2_PLACEMENT_3D ( 'NONE', #1924, #2373, #1652 ) ;
#1793 = ORIENTED_EDGE ( 'NONE', *, *, #2690, .F. ) ;
#1794 = VECTOR ( 'NONE', #3185, 1000.000000000000227 ) ;
#1795 = DIRECTION ( 'NONE',  ( -3.154042683594195614E-16, 0.000000000000000000, -1.000000000000000000 ) ) ;
#1796 = CARTESIAN_POINT ( 'NONE',  ( -9.000000000000000000, 0.000000000000000000, 41.99999999999999289 ) ) ;
#1797 = DIRECTION ( 'NONE',  ( 0.000000000000000000, 0.000000000000000000, -1.000000000000000000 ) ) ;
#1798 = VECTOR ( 'NONE', #2101, 1000.000000000000000 ) ;
#1799 = CIRCLE ( 'NONE', #2100, 1.000000000000000888 ) ;
#1800 = AXIS2_PLACEMENT_3D ( 'NONE', #555, #1057, #1548 ) ;
#1801 = DIRECTION ( 'NONE',  ( 0.000000000000000000, 0.000000000000000000, -1.000000000000000000 ) ) ;
#1802 = LINE ( 'NONE', #2778, #43 ) ;
#1803 = ORIENTED_EDGE ( 'NONE', *, *, #782, .F. ) ;
#1804 = LINE ( 'NONE', #1817, #3079 ) ;
#1805 = ORIENTED_EDGE ( 'NONE', *, *, #764, .T. ) ;
#1806 = DIRECTION ( 'NONE',  ( 0.000000000000000000, 0.000000000000000000, 1.000000000000000000 ) ) ;
#1807 = DIRECTION ( 'NONE',  ( -0.000000000000000000, -1.000000000000000000, -0.000000000000000000 ) ) ;
#1808 = ORIENTED_EDGE ( 'NONE', *, *, #2853, .F. ) ;
#1809 = DIRECTION ( 'NONE',  ( 0.000000000000000000, 0.000000000000000000, -1.000000000000000000 ) ) ;
#1810 = CARTESIAN_POINT ( 'NONE',  ( -44.00000000000000000, 11.00000000000000000, 0.9999999999999997780 ) ) ;
#1811 = ORIENTED_EDGE ( 'NONE', *, *, #571, .T. ) ;
#1812 = CARTESIAN_POINT ( 'NONE',  ( 21.29999999999999361, 10.00000000000000000, 5.941154273188002044 ) ) ;
#1813 = EDGE_LOOP ( 'NONE', ( #1939, #1109 ) ) ;
#1814 = DIRECTION ( 'NONE',  ( 1.000000000000000000, 0.000000000000000000, -1.836970198721029934E-16 ) ) ;
#1815 = EDGE_CURVE ( 'NONE', #2058, #2966, #940, .T. ) ;
#1816 = ORIENTED_EDGE ( 'NONE', *, *, #1510, .F. ) ;
#1817 = CARTESIAN_POINT ( 'NONE',  ( -22.75000000000002842, 48.24657534246575352, 66.34246575342466201 ) ) ;
#1818 = ORIENTED_EDGE ( 'NONE', *, *, #2535, .F. ) ;
#1819 = DIRECTION ( 'NONE',  ( -1.000000000000000000, -0.000000000000000000, 1.734723475976807094E-16 ) ) ;
#1820 = LINE ( 'NONE', #1837, #93 ) ;
#1821 = ORIENTED_EDGE ( 'NONE', *, *, #411, .F. ) ;
#1822 = ADVANCED_FACE ( 'NONE', ( #1646 ), #1883, .F. ) ;
#1823 = DIRECTION ( 'NONE',  ( -4.205390244792259339E-16, 0.000000000000000000, -1.000000000000000000 ) ) ;
#1824 = CARTESIAN_POINT ( 'NONE',  ( 45.00000000000000711, 11.00000000000000000, 14.99999999999998579 ) ) ;
#1825 = APPROVAL_STATUS ( 'not_yet_approved' ) ;
#1826 = ORIENTED_EDGE ( 'NONE', *, *, #2134, .F. ) ;
#1827 = FACE_OUTER_BOUND ( 'NONE', #1449, .T. ) ;
#1828 = ORIENTED_EDGE ( 'NONE', *, *, #1533, .F. ) ;
#1829 = EDGE_CURVE ( 'NONE', #3165, #2919, #661, .T. ) ;
#1830 = LINE ( 'NONE', #1283, #2211 ) ;
#1831 = EDGE_LOOP ( 'NONE', ( #417, #3034, #904, #1571 ) ) ;
#1832 = CARTESIAN_POINT ( 'NONE',  ( 9.000000000000008882, 0.000000000000000000, 49.04999999999999005 ) ) ;
#1833 = ORIENTED_EDGE ( 'NONE', *, *, #108, .F. ) ;
#1834 = FACE_OUTER_BOUND ( 'NONE', #2957, .T. ) ;
#1835 = ORIENTED_EDGE ( 'NONE', *, *, #86, .T. ) ;
#1836 = CIRCLE ( 'NONE', #2145, 1.000000000000000888 ) ;
#1837 = CARTESIAN_POINT ( 'NONE',  ( -65.00000000000000000, 9.000000000000000000, 24.00000000000000000 ) ) ;
#1838 = AXIS2_PLACEMENT_3D ( 'NONE', #734, #3168, #201 ) ;
#1839 = ORIENTED_EDGE ( 'NONE', *, *, #2134, .T. ) ;
#1840 = ADVANCED_FACE ( 'NONE', ( #1919 ), #3169, .T. ) ;
#1842 = CIRCLE ( 'NONE', #1593, 1.000000000000000000 ) ;
#1841 = DIRECTION ( 'NONE',  ( -0.000000000000000000, 1.000000000000000000, -0.000000000000000000 ) ) ;
#1843 = DIRECTION ( 'NONE',  ( 0.000000000000000000, 1.000000000000000000, 3.686287386450711920E-15 ) ) ;
#1844 = CARTESIAN_POINT ( 'NONE',  ( 22.75000000000002842, 48.44699582058231613, 67.00000000000000000 ) ) ;
#1845 = ORIENTED_EDGE ( 'NONE', *, *, #443, .T. ) ;
#1846 = VECTOR ( 'NONE', #302, 1000.000000000000000 ) ;
#1847 = AXIS2_PLACEMENT_3D ( 'NONE', #1722, #1892, #3188 ) ;
#1848 = CYLINDRICAL_SURFACE ( 'NONE', #3037, 1.000000000000000888 ) ;
#1849 = ORIENTED_EDGE ( 'NONE', *, *, #403, .F. ) ;
#1850 = CIRCLE ( 'NONE', #2842, 1.000000000000000888 ) ;
#1851 = LINE ( 'NONE', #134, #1798 ) ;
#1852 = ORIENTED_EDGE ( 'NONE', *, *, #2698, .F. ) ;
#1853 = VECTOR ( 'NONE', #1710, 1000.000000000000000 ) ;
#1854 = DIRECTION ( 'NONE',  ( 1.577021341797097314E-16, 0.000000000000000000, 1.000000000000000000 ) ) ;
#1855 = ORIENTED_EDGE ( 'NONE', *, *, #1311, .F. ) ;
#1856 = CARTESIAN_POINT ( 'NONE',  ( 0.000000000000000000, 28.99999999999999645, 0.000000000000000000 ) ) ;
#1857 = VERTEX_POINT ( 'NONE', #415 ) ;
#1858 = AXIS2_PLACEMENT_3D ( 'NONE', #3048, #1863, #2306 ) ;
#1859 = FACE_OUTER_BOUND ( 'NONE', #83, .T. ) ;
#1860 = VERTEX_POINT ( 'NONE', #682 ) ;
#1861 = CARTESIAN_POINT ( 'NONE',  ( -9.000000000000000000, 9.000000000000000000, 41.99999999999999289 ) ) ;
#1862 = CARTESIAN_POINT ( 'NONE',  ( 9.000000000000015987, 0.000000000000000000, 43.04999999999999005 ) ) ;
#1863 = DIRECTION ( 'NONE',  ( 1.577021341797097314E-16, 0.000000000000000000, 1.000000000000000000 ) ) ;
#1864 = ORIENTED_EDGE ( 'NONE', *, *, #1599, .F. ) ;
#1865 = CC_DESIGN_PERSON_AND_ORGANIZATION_ASSIGNMENT ( #590, #1579, ( #1270 ) ) ;
#1866 = DIRECTION ( 'NONE',  ( -0.8660254037844387076, 0.000000000000000000, -0.4999999999999997780 ) ) ;
#1867 = EDGE_CURVE ( 'NONE', #2345, #1437, #2155, .T. ) ;
#1868 = DIRECTION ( 'NONE',  ( -3.154042683594195614E-16, 0.000000000000000000, -1.000000000000000000 ) ) ;
#1869 = DIRECTION ( 'NONE',  ( 0.000000000000000000, 1.000000000000000000, 0.000000000000000000 ) ) ;
#1870 = ORIENTED_EDGE ( 'NONE', *, *, #1463, .T. ) ;
#1871 = CARTESIAN_POINT ( 'NONE',  ( -47.00000000000000000, 19.00000000000000000, 24.00000000000000000 ) ) ;
#1872 = ORIENTED_EDGE ( 'NONE', *, *, #759, .T. ) ;
#1873 = CARTESIAN_POINT ( 'NONE',  ( 0.000000000000000000, 8.000000000000000000, 67.00000000000000000 ) ) ;
#1874 = ORIENTED_EDGE ( 'NONE', *, *, #2474, .F. ) ;
#1875 = ORIENTED_EDGE ( 'NONE', *, *, #450, .T. ) ;
#1876 = ADVANCED_FACE ( 'NONE', ( #3118 ), #1627, .F. ) ;
#1877 = DIRECTION ( 'NONE',  ( 1.734723475976807094E-16, 1.734723475976807094E-16, 1.000000000000000000 ) ) ;
#1878 = CARTESIAN_POINT ( 'NONE',  ( 35.00000000000002132, 1.999999999999999112, 48.00000000000000000 ) ) ;
#1879 = CARTESIAN_POINT ( 'NONE',  ( 0.000000000000000000, 0.000000000000000000, 0.000000000000000000 ) ) ;
#1880 = ORIENTED_EDGE ( 'NONE', *, *, #745, .T. ) ;
#1881 = EDGE_CURVE ( 'NONE', #2591, #1379, #2662, .T. ) ;
#1882 = DIRECTION ( 'NONE',  ( 0.000000000000000000, 0.000000000000000000, -1.000000000000000000 ) ) ;
#1883 = PLANE ( 'NONE',  #1752 ) ;
#1884 = DIRECTION ( 'NONE',  ( 0.000000000000000000, 0.000000000000000000, 1.000000000000000000 ) ) ;
#1885 = ORIENTED_EDGE ( 'NONE', *, *, #2943, .F. ) ;
#1886 = VERTEX_POINT ( 'NONE', #167 ) ;
#1887 = LINE ( 'NONE', #719, #3145 ) ;
#1888 = EDGE_LOOP ( 'NONE', ( #655, #1726, #2312, #1093 ) ) ;
#1889 = EDGE_CURVE ( 'NONE', #1951, #1368, #432, .T. ) ;
#1890 = AXIS2_PLACEMENT_3D ( 'NONE', #757, #2811, #1984 ) ;
#1891 = EDGE_LOOP ( 'NONE', ( #1826, #363, #1745, #584 ) ) ;
#1892 = DIRECTION ( 'NONE',  ( -1.000000000000000000, 0.000000000000000000, 3.154042683594195614E-16 ) ) ;
#1893 = CARTESIAN_POINT ( 'NONE',  ( -64.00000000000000000, 0.000000000000000000, 24.00000000000000000 ) ) ;
#1894 = LINE ( 'NONE', #3113, #3081 ) ;
#1895 = AXIS2_PLACEMENT_3D ( 'NONE', #354, #589, #1118 ) ;
#1896 = VERTEX_POINT ( 'NONE', #394 ) ;
#1897 = AXIS2_PLACEMENT_3D ( 'NONE', #795, #1759, #1770 ) ;
#1898 = DIRECTION ( 'NONE',  ( -0.000000000000000000, 1.000000000000000000, -0.000000000000000000 ) ) ;
#1899 = EDGE_CURVE ( 'NONE', #418, #909, #1446, .T. ) ;
#1900 = CARTESIAN_POINT ( 'NONE',  ( -9.000000000000000000, 9.000000000000000000, 43.04999999999999716 ) ) ;
#1901 = VECTOR ( 'NONE', #3039, 1000.000000000000000 ) ;
#1902 = EDGE_CURVE ( 'NONE', #3038, #922, #1210, .T. ) ;
#1903 = DIRECTION ( 'NONE',  ( 0.000000000000000000, 0.000000000000000000, 1.000000000000000000 ) ) ;
#1904 = AXIS2_PLACEMENT_3D ( 'NONE', #375, #326, #2327 ) ;
#1905 = DIRECTION ( 'NONE',  ( 0.000000000000000000, 0.000000000000000000, -1.000000000000000000 ) ) ;
#1906 = ORIENTED_EDGE ( 'NONE', *, *, #397, .F. ) ;
#1907 = CIRCLE ( 'NONE', #1650, 1.050000000000002265 ) ;
#1908 = ORIENTED_EDGE ( 'NONE', *, *, #2563, .F. ) ;
#1909 = DIRECTION ( 'NONE',  ( 0.000000000000000000, 0.000000000000000000, 1.000000000000000000 ) ) ;
#1910 = ORIENTED_EDGE ( 'NONE', *, *, #3180, .F. ) ;
#1911 = ORIENTED_EDGE ( 'NONE', *, *, #197, .F. ) ;
#1912 = CARTESIAN_POINT ( 'NONE',  ( -44.00000000000000000, 11.00000000000000000, 1.000000000000000888 ) ) ;
#1913 = AXIS2_PLACEMENT_3D ( 'NONE', #3067, #2551, #2499 ) ;
#1914 = DIRECTION ( 'NONE',  ( 1.577021341797097560E-16, 0.000000000000000000, 1.000000000000000000 ) ) ;
#1915 = DIRECTION ( 'NONE',  ( -0.000000000000000000, -1.000000000000000000, 1.734723475976807094E-16 ) ) ;
#1916 = ORIENTED_EDGE ( 'NONE', *, *, #2448, .T. ) ;
#1917 = LINE ( 'NONE', #2213, #1190 ) ;
#1918 = DIRECTION ( 'NONE',  ( 4.205390244792259339E-16, 0.000000000000000000, 1.000000000000000000 ) ) ;
#1919 = FACE_OUTER_BOUND ( 'NONE', #9, .T. ) ;
#1920 = CARTESIAN_POINT ( 'NONE',  ( 45.00000000000002842, 11.00000000000000000, 65.99999999999998579 ) ) ;
#1921 = EDGE_CURVE ( 'NONE', #1314, #2604, #3101, .T. ) ;
#1922 = ORIENTED_EDGE ( 'NONE', *, *, #1522, .F. ) ;
#1923 = EDGE_LOOP ( 'NONE', ( #1864, #2006, #2964, #831 ) ) ;
#1924 = CARTESIAN_POINT ( 'NONE',  ( -44.00000000000000000, 27.99999999999999645, 0.9999999999999997780 ) ) ;
#1925 = ORIENTED_EDGE ( 'NONE', *, *, #1354, .T. ) ;
#1926 = VERTEX_POINT ( 'NONE', #1699 ) ;
#1927 = FACE_OUTER_BOUND ( 'NONE', #1403, .T. ) ;
#1928 = DIRECTION ( 'NONE',  ( 1.000000000000000000, -0.000000000000000000, -0.000000000000000000 ) ) ;
#1929 = EDGE_LOOP ( 'NONE', ( #2127, #2653, #404, #1135, #1922 ) ) ;
#1930 = CARTESIAN_POINT ( 'NONE',  ( 26.70000000000000284, 10.00000000000000000, 9.058845726811975752 ) ) ;
#1931 = EDGE_CURVE ( 'NONE', #1497, #3124, #250, .T. ) ;
#1932 = DIRECTION ( 'NONE',  ( 1.224510688924803616E-16, 0.000000000000000000, 1.000000000000000000 ) ) ;
#1933 = DIRECTION ( 'NONE',  ( 1.000000000000000000, 0.000000000000000000, -0.000000000000000000 ) ) ;
#1934 = CARTESIAN_POINT ( 'NONE',  ( -22.75000000000002842, 48.44699582058231613, 67.00000000000000000 ) ) ;
#1935 = ORIENTED_EDGE ( 'NONE', *, *, #988, .T. ) ;
#1936 = CARTESIAN_POINT ( 'NONE',  ( 23.99999999999999289, 10.00000000000000000, 10.61769145362397282 ) ) ;
#1937 = EDGE_CURVE ( 'NONE', #2669, #2122, #1382, .T. ) ;
#1938 = VERTEX_POINT ( 'NONE', #181 ) ;
#1939 = ORIENTED_EDGE ( 'NONE', *, *, #419, .T. ) ;
#1940 = DIRECTION ( 'NONE',  ( -0.000000000000000000, 1.000000000000000000, -0.000000000000000000 ) ) ;
#1941 = EDGE_CURVE ( 'NONE', #1720, #863, #2344, .T. ) ;
#1942 = DIRECTION ( 'NONE',  ( -1.000000000000000000, 0.000000000000000000, 1.577021341797097314E-16 ) ) ;
#1943 = EDGE_CURVE ( 'NONE', #1379, #1473, #1141, .T. ) ;
#1944 = ORIENTED_EDGE ( 'NONE', *, *, #2320, .T. ) ;
#1945 = VECTOR ( 'NONE', #176, 1000.000000000000000 ) ;
#1946 = LINE ( 'NONE', #950, #1030 ) ;
#1947 = CARTESIAN_POINT ( 'NONE',  ( 44.00000000000002842, 8.000000000000000000, 68.00000000000000000 ) ) ;
#1948 = CIRCLE ( 'NONE', #1397, 1.000000000000000888 ) ;
#1949 = FACE_OUTER_BOUND ( 'NONE', #1558, .T. ) ;
#1950 = AXIS2_PLACEMENT_3D ( 'NONE', #599, #1371, #1127 ) ;
#1951 = VERTEX_POINT ( 'NONE', #1462 ) ;
#1952 = FACE_OUTER_BOUND ( 'NONE', #2861, .T. ) ;
#1953 = VECTOR ( 'NONE', #1581, 1000.000000000000000 ) ;
#1954 = EDGE_LOOP ( 'NONE', ( #3111, #648, #635, #2054, #1434, #1387 ) ) ;
#1955 = VECTOR ( 'NONE', #2610, 1000.000000000000000 ) ;
#1956 = ORIENTED_EDGE ( 'NONE', *, *, #854, .T. ) ;
#1957 = CARTESIAN_POINT ( 'NONE',  ( -44.00000000000000000, 11.00000000000000000, -1.836970198721031413E-16 ) ) ;
#1958 = AXIS2_PLACEMENT_3D ( 'NONE', #3091, #855, #890 ) ;
#1959 = ADVANCED_FACE ( 'NONE', ( #465 ), #2438, .F. ) ;
#1960 = DIRECTION ( 'NONE',  ( 0.000000000000000000, 0.000000000000000000, 1.000000000000000000 ) ) ;
#1961 = DATE_TIME_ROLE ( 'creation_date' ) ;
#1962 = EDGE_LOOP ( 'NONE', ( #1435, #3203, #400, #359 ) ) ;
#1963 = CC_DESIGN_APPROVAL ( #872, ( #1270 ) ) ;
#1964 = CARTESIAN_POINT ( 'NONE',  ( -35.00000000000002132, 1.999999999999999112, 48.00000000000000000 ) ) ;
#1965 = CARTESIAN_POINT ( 'NONE',  ( 22.25000000000000355, 28.99999999999999645, 11.99999999999999289 ) ) ;
#1966 = LINE ( 'NONE', #2961, #36 ) ;
#1967 = DIRECTION ( 'NONE',  ( 0.000000000000000000, -1.000000000000000000, -8.673617379884026597E-16 ) ) ;
#1968 = ORIENTED_EDGE ( 'NONE', *, *, #2176, .F. ) ;
#1969 = ADVANCED_FACE ( 'NONE', ( #960 ), #1470, .T. ) ;
#1970 = CARTESIAN_POINT ( 'NONE',  ( 45.00000000000000711, 27.99999999999999645, 23.00000000000000000 ) ) ;
#1971 = ORIENTED_EDGE ( 'NONE', *, *, #1773, .T. ) ;
#1972 = DIRECTION ( 'NONE',  ( 0.000000000000000000, 1.000000000000000000, 0.000000000000000000 ) ) ;
#1973 = LINE ( 'NONE', #2968, #2257 ) ;
#1974 = CARTESIAN_POINT ( 'NONE',  ( -60.00000000000000711, 19.00000000000000000, 24.00000000000000000 ) ) ;
#1975 = FACE_OUTER_BOUND ( 'NONE', #1670, .T. ) ;
#1976 = DIRECTION ( 'NONE',  ( -3.154042683594195614E-16, 0.000000000000000000, -1.000000000000000000 ) ) ;
#1977 = EDGE_CURVE ( 'NONE', #1982, #1338, #706, .T. ) ;
#1978 = DIRECTION ( 'NONE',  ( 0.000000000000000000, 0.000000000000000000, 1.000000000000000000 ) ) ;
#1979 = ORIENTED_EDGE ( 'NONE', *, *, #576, .T. ) ;
#1980 = ADVANCED_FACE ( 'NONE', ( #2670 ), #1203, .F. ) ;
#1981 = LINE ( 'NONE', #1244, #76 ) ;
#1982 = VERTEX_POINT ( 'NONE', #2923 ) ;
#1983 = LINE ( 'NONE', #1482, #1596 ) ;
#1984 = DIRECTION ( 'NONE',  ( 1.000000000000000000, 0.000000000000000000, 0.000000000000000000 ) ) ;
#1985 = CARTESIAN_POINT ( 'NONE',  ( 22.25000000000000711, 28.99999999999999645, 24.00000000000000000 ) ) ;
#1986 = VECTOR ( 'NONE', #834, 1000.000000000000000 ) ;
#1987 = CYLINDRICAL_SURFACE ( 'NONE', #625, 1.000000000000000888 ) ;
#1988 = DIRECTION ( 'NONE',  ( 3.154042683594195614E-16, -0.000000000000000000, 1.000000000000000000 ) ) ;
#1989 = CIRCLE ( 'NONE', #1895, 1.049999999999995381 ) ;
#1990 = FACE_BOUND ( 'NONE', #1454, .T. ) ;
#1991 = ORIENTED_EDGE ( 'NONE', *, *, #2978, .T. ) ;
#1992 = AXIS2_PLACEMENT_3D ( 'NONE', #1431, #3152, #1644 ) ;
#1993 = PLANE ( 'NONE',  #1694 ) ;
#1994 = VECTOR ( 'NONE', #1499, 1000.000000000000000 ) ;
#1995 = VERTEX_POINT ( 'NONE', #991 ) ;
#1996 = DIRECTION ( 'NONE',  ( 0.000000000000000000, 0.000000000000000000, 1.000000000000000000 ) ) ;
#1998 = AXIS2_PLACEMENT_3D ( 'NONE', #2017, #343, #1347 ) ;
#1997 = DIRECTION ( 'NONE',  ( -1.000000000000000000, 0.000000000000000000, 0.000000000000000000 ) ) ;
#1999 = CIRCLE ( 'NONE', #619, 1.000000000000000888 ) ;
#2000 = LINE ( 'NONE', #1010, #2413 ) ;
#2001 = AXIS2_PLACEMENT_3D ( 'NONE', #2167, #2693, #2672 ) ;
#2002 = DIRECTION ( 'NONE',  ( 0.000000000000000000, 0.000000000000000000, 1.000000000000000000 ) ) ;
#2003 = FACE_OUTER_BOUND ( 'NONE', #2659, .T. ) ;
#2004 = SECURITY_CLASSIFICATION ( '', '', #212 ) ;
#2005 = CARTESIAN_POINT ( 'NONE',  ( 16.87500000000029488, -28.12499999999997158, 13.99999999999999645 ) ) ;
#2006 = ORIENTED_EDGE ( 'NONE', *, *, #2902, .F. ) ;
#2007 = CARTESIAN_POINT ( 'NONE',  ( -45.99999999999999289, 9.000000000000000000, 67.00000000000000000 ) ) ;
#2008 = FACE_OUTER_BOUND ( 'NONE', #968, .T. ) ;
#2009 = ORIENTED_EDGE ( 'NONE', *, *, #2095, .T. ) ;
#2010 = PLANE ( 'NONE',  #2468 ) ;
#2011 = LINE ( 'NONE', #1735, #1046 ) ;
#2012 = EDGE_CURVE ( 'NONE', #361, #1896, #2393, .T. ) ;
#2013 = ADVANCED_FACE ( 'NONE', ( #1216 ), #457, .F. ) ;
#2014 = CARTESIAN_POINT ( 'NONE',  ( 20.25000000000000000, 9.000000000000000000, 64.99999999999998579 ) ) ;
#2015 = LINE ( 'NONE', #1255, #949 ) ;
#2016 = SPHERICAL_SURFACE ( 'NONE', #508, 1.000000000000000000 ) ;
#2017 = CARTESIAN_POINT ( 'NONE',  ( -44.00000000000000000, 27.99999999999999645, 1.000000000000000888 ) ) ;
#2018 = VERTEX_POINT ( 'NONE', #1455 ) ;
#2019 = DIRECTION ( 'NONE',  ( -0.000000000000000000, 1.000000000000000000, 0.000000000000000000 ) ) ;
#2020 = ORIENTED_EDGE ( 'NONE', *, *, #2750, .F. ) ;
#2021 = CARTESIAN_POINT ( 'NONE',  ( -65.00000000000000000, 0.000000000000000000, 0.000000000000000000 ) ) ;
#2022 = ORIENTED_EDGE ( 'NONE', *, *, #419, .F. ) ;
#2023 = LINE ( 'NONE', #789, #80 ) ;
#2024 = CYLINDRICAL_SURFACE ( 'NONE', #1352, 1.000000000000000888 ) ;
#2025 = ADVANCED_FACE ( 'NONE', ( #2936 ), #2141, .F. ) ;
#2026 = FACE_BOUND ( 'NONE', #2261, .T. ) ;
#2027 = CARTESIAN_POINT ( 'NONE',  ( -47.00000000000000000, 19.00000000000000000, 24.00000000000000000 ) ) ;
#2028 = DIRECTION ( 'NONE',  ( -1.000000000000000000, 0.000000000000000000, 0.000000000000000000 ) ) ;
#2029 = FACE_OUTER_BOUND ( 'NONE', #2295, .T. ) ;
#2030 = ORIENTED_EDGE ( 'NONE', *, *, #108, .T. ) ;
#2031 = FACE_BOUND ( 'NONE', #1954, .T. ) ;
#2032 = EDGE_LOOP ( 'NONE', ( #2751, #3053 ) ) ;
#2033 = CYLINDRICAL_SURFACE ( 'NONE', #1992, 1.000000000000000888 ) ;
#2034 = CARTESIAN_POINT ( 'NONE',  ( -64.00000000000000000, 1.000000000000000000, 69.00000000000000000 ) ) ;
#2035 = ADVANCED_FACE ( 'NONE', ( #1927 ), #1688, .F. ) ;
#2036 = ORIENTED_EDGE ( 'NONE', *, *, #1931, .F. ) ;
#2037 = LINE ( 'NONE', #2813, #1901 ) ;
#2038 = VECTOR ( 'NONE', #556, 1000.000000000000000 ) ;
#2039 = FACE_OUTER_BOUND ( 'NONE', #587, .T. ) ;
#2040 = VECTOR ( 'NONE', #401, 1000.000000000000000 ) ;
#2041 = ORIENTED_EDGE ( 'NONE', *, *, #3074, .T. ) ;
#2042 = EDGE_CURVE ( 'NONE', #2540, #2266, #2379, .T. ) ;
#2043 = DIRECTION ( 'NONE',  ( 0.000000000000000000, 0.000000000000000000, 1.000000000000000000 ) ) ;
#2044 = DIRECTION ( 'NONE',  ( 0.000000000000000000, 0.000000000000000000, 1.000000000000000000 ) ) ;
#2045 = APPROVAL_DATE_TIME ( #1088, #872 ) ;
#2046 = ORIENTED_EDGE ( 'NONE', *, *, #2484, .T. ) ;
#2047 = AXIS2_PLACEMENT_3D ( 'NONE', #3119, #1123, #1161 ) ;
#2048 = CIRCLE ( 'NONE', #2103, 1.000000000000000222 ) ;
#2049 = LOCAL_TIME ( 23, 24, 25.00000000000000000, #3177 ) ;
#2050 = CYLINDRICAL_SURFACE ( 'NONE', #2895, 1.050000000000002265 ) ;
#2051 = CARTESIAN_POINT ( 'NONE',  ( -23.99999999999999289, 28.99999999999999645, 10.61769145362397637 ) ) ;
#2052 = ORIENTED_EDGE ( 'NONE', *, *, #2042, .T. ) ;
#2053 = DIRECTION ( 'NONE',  ( -1.000000000000000000, 0.000000000000000000, 4.205390244792259339E-16 ) ) ;
#2054 = ORIENTED_EDGE ( 'NONE', *, *, #68, .F. ) ;
#2055 = DIRECTION ( 'NONE',  ( 1.000000000000000000, 0.000000000000000000, 0.000000000000000000 ) ) ;
#2056 = EDGE_CURVE ( 'NONE', #2391, #2345, #1091, .T. ) ;
#2057 = CARTESIAN_POINT ( 'NONE',  ( -44.00000000000000000, 28.99999999999999645, 23.00000000000000000 ) ) ;
#2058 = VERTEX_POINT ( 'NONE', #1229 ) ;
#2059 = CARTESIAN_POINT ( 'NONE',  ( -64.00000000000000000, 0.000000000000000000, 70.00000000000000000 ) ) ;
#2060 = DIRECTION ( 'NONE',  ( 0.000000000000000000, 0.000000000000000000, 1.000000000000000000 ) ) ;
#2061 = VERTEX_POINT ( 'NONE', #2641 ) ;
#2062 = CARTESIAN_POINT ( 'NONE',  ( -22.25000000000000000, 28.99999999999999645, 24.00000000000000000 ) ) ;
#2063 = EDGE_LOOP ( 'NONE', ( #1618, #2570, #1410, #2552 ) ) ;
#2064 = PLANE ( 'NONE',  #468 ) ;
#2065 = VERTEX_POINT ( 'NONE', #174 ) ;
#2066 = DIRECTION ( 'NONE',  ( 0.000000000000000000, 1.000000000000000000, 0.000000000000000000 ) ) ;
#2067 = ORIENTED_EDGE ( 'NONE', *, *, #1160, .F. ) ;
#2068 = DIRECTION ( 'NONE',  ( 0.000000000000000000, 0.000000000000000000, 1.000000000000000000 ) ) ;
#2069 = DIRECTION ( 'NONE',  ( 0.000000000000000000, 0.000000000000000000, -1.000000000000000000 ) ) ;
#2070 = VERTEX_POINT ( 'NONE', #1957 ) ;
#2071 = PLANE ( 'NONE',  #1094 ) ;
#2072 = PLANE ( 'NONE',  #3189 ) ;
#2073 = DIRECTION ( 'NONE',  ( 1.000000000000000000, 0.000000000000000000, 0.000000000000000000 ) ) ;
#2074 = ORIENTED_EDGE ( 'NONE', *, *, #2309, .F. ) ;
#2075 = ADVANCED_FACE ( 'NONE', ( #1184 ), #743, .T. ) ;
#2076 = CARTESIAN_POINT ( 'NONE',  ( 44.00000000000000000, 27.99999999999999645, 0.9999999999999837907 ) ) ;
#2077 = CIRCLE ( 'NONE', #1890, 1.000000000000000888 ) ;
#2078 = FACE_OUTER_BOUND ( 'NONE', #2063, .T. ) ;
#2079 = EDGE_CURVE ( 'NONE', #101, #909, #1411, .T. ) ;
#2080 =( BOUNDED_CURVE ( )  B_SPLINE_CURVE ( 3, ( #3061, #1133, #1378, #1824 ),
 .UNSPECIFIED., .F., .T. ) 
 B_SPLINE_CURVE_WITH_KNOTS ( ( 4, 4 ),
 ( 4.205390244792255395E-16, 1.570796326794896780 ),
 .UNSPECIFIED. ) 
 CURVE ( )  GEOMETRIC_REPRESENTATION_ITEM ( )  RATIONAL_B_SPLINE_CURVE ( ( 1.000000000000000000, 0.8047378541243650485, 0.8047378541243650485, 1.000000000000000000 ) ) 
 REPRESENTATION_ITEM ( '' )  );
#2081 = ORIENTED_EDGE ( 'NONE', *, *, #369, .T. ) ;
#2082 = VECTOR ( 'NONE', #413, 999.9999999999998863 ) ;
#2083 = DIRECTION ( 'NONE',  ( 4.205390244792259339E-16, -0.000000000000000000, 1.000000000000000000 ) ) ;
#2084 = ORIENTED_EDGE ( 'NONE', *, *, #422, .T. ) ;
#2085 = DIRECTION ( 'NONE',  ( 0.000000000000000000, 1.000000000000000000, -0.000000000000000000 ) ) ;
#2086 = ORIENTED_EDGE ( 'NONE', *, *, #2463, .F. ) ;
#2087 = DIRECTION ( 'NONE',  ( -1.000000000000000000, 0.000000000000000000, 0.000000000000000000 ) ) ;
#2088 = VECTOR ( 'NONE', #1740, 1000.000000000000000 ) ;
#2089 = ORIENTED_EDGE ( 'NONE', *, *, #2793, .T. ) ;
#2091 = AXIS2_PLACEMENT_3D ( 'NONE', #1856, #2830, #1806 ) ;
#2090 = CARTESIAN_POINT ( 'NONE',  ( -46.99999999999998579, 19.00000000000000000, 69.58578643762692195 ) ) ;
#2092 = FACE_OUTER_BOUND ( 'NONE', #2635, .T. ) ;
#2093 = EDGE_LOOP ( 'NONE', ( #114, #435, #984 ) ) ;
#2094 = VECTOR ( 'NONE', #1940, 1000.000000000000000 ) ;
#2095 = EDGE_CURVE ( 'NONE', #1595, #710, #2362, .T. ) ;
#2096 = VECTOR ( 'NONE', #3182, 1000.000000000000000 ) ;
#2097 = EDGE_CURVE ( 'NONE', #2782, #978, #515, .T. ) ;
#2098 = CARTESIAN_POINT ( 'NONE',  ( 9.000000000000015987, 0.000000000000000000, 40.94999999999998863 ) ) ;
#2099 = CARTESIAN_POINT ( 'NONE',  ( 1.402404735808358449, 28.99999999999999645, -2.429036255195284433 ) ) ;
#2100 = AXIS2_PLACEMENT_3D ( 'NONE', #992, #2209, #3190 ) ;
#2101 = DIRECTION ( 'NONE',  ( -0.000000000000000000, 1.000000000000000000, -0.000000000000000000 ) ) ;
#2102 = EDGE_LOOP ( 'NONE', ( #1656, #2779, #389 ) ) ;
#2103 = AXIS2_PLACEMENT_3D ( 'NONE', #1217, #1928, #2656 ) ;
#2104 = EDGE_CURVE ( 'NONE', #328, #1228, #2889, .T. ) ;
#2105 = DIRECTION ( 'NONE',  ( 1.000000000000000000, 0.000000000000000000, 0.000000000000000000 ) ) ;
#2106 = VERTEX_POINT ( 'NONE', #424 ) ;
#2107 = CARTESIAN_POINT ( 'NONE',  ( 0.000000000000000000, 18.00000000000000000, 70.00000000000000000 ) ) ;
#2108 = ORIENTED_EDGE ( 'NONE', *, *, #2254, .T. ) ;
#2109 = AXIS2_PLACEMENT_3D ( 'NONE', #2792, #1565, #1023 ) ;
#2110 = ORIENTED_EDGE ( 'NONE', *, *, #2012, .T. ) ;
#2111 = DIRECTION ( 'NONE',  ( 1.000000000000000000, -0.000000000000000000, -1.836970198721029934E-16 ) ) ;
#2112 = DIRECTION ( 'NONE',  ( -0.000000000000000000, 1.000000000000000000, -0.000000000000000000 ) ) ;
#2113 = DIRECTION ( 'NONE',  ( 3.154042683594195121E-16, -0.000000000000000000, 1.000000000000000000 ) ) ;
#2114 = ORIENTED_EDGE ( 'NONE', *, *, #444, .T. ) ;
#2115 = LINE ( 'NONE', #3099, #1196 ) ;
#2116 = DIRECTION ( 'NONE',  ( 0.000000000000000000, -1.000000000000000000, 0.000000000000000000 ) ) ;
#2117 = FACE_OUTER_BOUND ( 'NONE', #2032, .T. ) ;
#2118 = ORIENTED_EDGE ( 'NONE', *, *, #1881, .F. ) ;
#2119 = VERTEX_POINT ( 'NONE', #46 ) ;
#2120 = LINE ( 'NONE', #1685, #2040 ) ;
#2121 = EDGE_LOOP ( 'NONE', ( #1112, #1225, #1839, #1429, #702, #2328 ) ) ;
#2122 = VERTEX_POINT ( 'NONE', #377 ) ;
#2123 = DIRECTION ( 'NONE',  ( 1.734723475976807094E-16, 1.734723475976807094E-16, 1.000000000000000000 ) ) ;
#2124 = CARTESIAN_POINT ( 'NONE',  ( -65.00000000000000000, 1.000000000000000000, 25.00000000000000000 ) ) ;
#2125 = DIRECTION ( 'NONE',  ( -0.000000000000000000, 1.000000000000000000, -0.000000000000000000 ) ) ;
#2126 = SHAPE_DEFINITION_REPRESENTATION ( #2924, #368 ) ;
#2127 = ORIENTED_EDGE ( 'NONE', *, *, #1493, .F. ) ;
#2128 = DIRECTION ( 'NONE',  ( 0.000000000000000000, 0.000000000000000000, -1.000000000000000000 ) ) ;
#2129 = LINE ( 'NONE', #392, #2774 ) ;
#2130 = CARTESIAN_POINT ( 'NONE',  ( -10.59759526419164111, 28.99999999999999645, 18.35557343563124277 ) ) ;
#2131 = EDGE_CURVE ( 'NONE', #3158, #1240, #1420, .T. ) ;
#2132 = CARTESIAN_POINT ( 'NONE',  ( -26.70000000000000284, 0.000000000000000000, 5.941154273188007373 ) ) ;
#2133 = EDGE_LOOP ( 'NONE', ( #866, #2157, #742, #1845 ) ) ;
#2134 = EDGE_CURVE ( 'NONE', #456, #1857, #2387, .T. ) ;
#2135 = ADVANCED_FACE ( 'NONE', ( #2601 ), #395, .F. ) ;
#2136 = EDGE_LOOP ( 'NONE', ( #530, #3156, #1818, #627 ) ) ;
#2137 = CARTESIAN_POINT ( 'NONE',  ( 21.25000000000000711, 28.58578643762690419, 23.08873016277919277 ) ) ;
#2138 = ORIENTED_EDGE ( 'NONE', *, *, #236, .F. ) ;
#2139 = VECTOR ( 'NONE', #905, 1000.000000000000000 ) ;
#2140 = ORIENTED_EDGE ( 'NONE', *, *, #2152, .F. ) ;
#2141 = PLANE ( 'NONE',  #1401 ) ;
#2142 = VECTOR ( 'NONE', #2270, 1000.000000000000000 ) ;
#2143 = CARTESIAN_POINT ( 'NONE',  ( 22.75000000000002842, 27.99999999999999645, 23.00000000000000000 ) ) ;
#2144 = CARTESIAN_POINT ( 'NONE',  ( 44.00000000000000711, 27.99999999999999645, 23.00000000000000000 ) ) ;
#2145 = AXIS2_PLACEMENT_3D ( 'NONE', #2144, #2395, #675 ) ;
#2146 = ORIENTED_EDGE ( 'NONE', *, *, #1755, .F. ) ;
#2147 = EDGE_CURVE ( 'NONE', #2392, #160, #1045, .T. ) ;
#2148 = VECTOR ( 'NONE', #1077, 1000.000000000000000 ) ;
#2149 = CARTESIAN_POINT ( 'NONE',  ( -45.99999999999999289, 1.000000000000000888, 69.00000000000000000 ) ) ;
#2150 = DIRECTION ( 'NONE',  ( 1.000000000000000000, -0.000000000000000000, -1.577021341797097314E-16 ) ) ;
#2151 = AXIS2_PLACEMENT_3D ( 'NONE', #765, #2701, #1478 ) ;
#2152 = EDGE_CURVE ( 'NONE', #721, #2918, #1850, .T. ) ;
#2153 = DIRECTION ( 'NONE',  ( 0.000000000000000000, 0.000000000000000000, 1.000000000000000000 ) ) ;
#2154 = EDGE_CURVE ( 'NONE', #785, #1995, #1907, .T. ) ;
#2155 = CIRCLE ( 'NONE', #1545, 2.000000000000001776 ) ;
#2156 = DIRECTION ( 'NONE',  ( -1.000000000000000000, 0.000000000000000000, 0.000000000000000000 ) ) ;
#2157 = ORIENTED_EDGE ( 'NONE', *, *, #1224, .T. ) ;
#2158 = VECTOR ( 'NONE', #588, 1000.000000000000000 ) ;
#2159 = ORIENTED_EDGE ( 'NONE', *, *, #1566, .F. ) ;
#2160 = LINE ( 'NONE', #484, #938 ) ;
#2161 = ORIENTED_EDGE ( 'NONE', *, *, #1510, .T. ) ;
#2162 = CIRCLE ( 'NONE', #2582, 1.049999999999995381 ) ;
#2163 = ORIENTED_EDGE ( 'NONE', *, *, #1290, .F. ) ;
#2164 = CARTESIAN_POINT ( 'NONE',  ( -21.29999999999999361, 0.000000000000000000, 9.058845726811986410 ) ) ;
#2165 = APPROVAL_PERSON_ORGANIZATION ( #3192, #287, #2180 ) ;
#2166 = ADVANCED_FACE ( 'NONE', ( #883 ), #953, .T. ) ;
#2167 = CARTESIAN_POINT ( 'NONE',  ( 44.00000000000002842, 8.000000000000000000, 67.00000000000000000 ) ) ;
#2168 = ORIENTED_EDGE ( 'NONE', *, *, #2584, .F. ) ;
#2169 = CYLINDRICAL_SURFACE ( 'NONE', #767, 1.000000000000000888 ) ;
#2170 = CARTESIAN_POINT ( 'NONE',  ( -22.75000000000002487, 9.000000000000000000, 67.58578643762692195 ) ) ;
#2171 = CARTESIAN_POINT ( 'NONE',  ( -45.99999999999999289, 8.000000000000000000, 67.00000000000000000 ) ) ;
#2172 = CARTESIAN_POINT ( 'NONE',  ( -65.00000000000000000, 19.00000000000000000, 68.00000000000000000 ) ) ;
#2173 = ORIENTED_EDGE ( 'NONE', *, *, #189, .T. ) ;
#2174 = CYLINDRICAL_SURFACE ( 'NONE', #3089, 2.674999999999996714 ) ;
#2175 = ORIENTED_EDGE ( 'NONE', *, *, #1028, .T. ) ;
#2176 = EDGE_CURVE ( 'NONE', #704, #2119, #1615, .T. ) ;
#2177 = ORIENTED_EDGE ( 'NONE', *, *, #222, .T. ) ;
#2178 = DIRECTION ( 'NONE',  ( -1.000000000000000000, 0.000000000000000000, 1.577021341797097314E-16 ) ) ;
#2179 = DIRECTION ( 'NONE',  ( 0.000000000000000000, 1.000000000000000000, -0.000000000000000000 ) ) ;
#2180 = APPROVAL_ROLE ( '' ) ;
#2181 = ORIENTED_EDGE ( 'NONE', *, *, #197, .T. ) ;
#2182 = DIRECTION ( 'NONE',  ( -3.154042683594195614E-16, 0.000000000000000000, -1.000000000000000000 ) ) ;
#2183 = LINE ( 'NONE', #2450, #1037 ) ;
#2184 = DIRECTION ( 'NONE',  ( 0.8660254037844385966, 0.000000000000000000, 0.5000000000000001110 ) ) ;
#2185 = CARTESIAN_POINT ( 'NONE',  ( -23.99999999999999289, 0.000000000000000000, 10.61769145362397637 ) ) ;
#2186 = ORIENTED_EDGE ( 'NONE', *, *, #2414, .F. ) ;
#2187 = DIRECTION ( 'NONE',  ( -1.577021341797097314E-16, -0.000000000000000000, -1.000000000000000000 ) ) ;
#2188 = ORIENTED_EDGE ( 'NONE', *, *, #1017, .T. ) ;
#2189 = ORIENTED_EDGE ( 'NONE', *, *, #2402, .T. ) ;
#2190 = DIRECTION ( 'NONE',  ( 1.000000000000000000, -0.000000000000000000, -1.734723475976807094E-16 ) ) ;
#2191 = AXIS2_PLACEMENT_3D ( 'NONE', #1266, #1145, #2105 ) ;
#2192 = DIRECTION ( 'NONE',  ( 0.000000000000000000, 1.000000000000000000, -0.000000000000000000 ) ) ;
#2193 = ORIENTED_EDGE ( 'NONE', *, *, #30, .T. ) ;
#2194 = ADVANCED_FACE ( 'NONE', ( #1177 ), #2901, .F. ) ;
#2195 = ADVANCED_FACE ( 'NONE', ( #2078 ), #1601, .T. ) ;
#2196 = FACE_OUTER_BOUND ( 'NONE', #1831, .T. ) ;
#2197 = DIRECTION ( 'NONE',  ( -0.000000000000000000, -1.000000000000000000, -0.000000000000000000 ) ) ;
#2198 = CARTESIAN_POINT ( 'NONE',  ( 22.75000000000002842, 9.000000000000000000, 67.00000000000000000 ) ) ;
#2199 = AXIS2_PLACEMENT_3D ( 'NONE', #539, #3202, #1978 ) ;
#2200 = ORIENTED_EDGE ( 'NONE', *, *, #2448, .F. ) ;
#2201 = DIRECTION ( 'NONE',  ( 3.154042683594195121E-16, 0.000000000000000000, 1.000000000000000000 ) ) ;
#2202 = CIRCLE ( 'NONE', #2303, 1.000000000000000000 ) ;
#2203 = ORIENTED_EDGE ( 'NONE', *, *, #932, .F. ) ;
#2204 = EDGE_CURVE ( 'NONE', #2427, #868, #2586, .T. ) ;
#2205 = CARTESIAN_POINT ( 'NONE',  ( 35.00000000000002132, 1.999999999999999112, 45.32500000000000284 ) ) ;
#2206 = EDGE_LOOP ( 'NONE', ( #191, #2218, #2735, #1607 ) ) ;
#2207 = CARTESIAN_POINT ( 'NONE',  ( -21.25000000000000355, 19.95890410958904226, 4.109589041095896178 ) ) ;
#2208 = CIRCLE ( 'NONE', #832, 1.000000000000000888 ) ;
#2209 = DIRECTION ( 'NONE',  ( 0.000000000000000000, 0.000000000000000000, 1.000000000000000000 ) ) ;
#2210 = EDGE_LOOP ( 'NONE', ( #2787, #2875, #2081, #209 ) ) ;
#2211 = VECTOR ( 'NONE', #812, 1000.000000000000000 ) ;
#2212 = EDGE_CURVE ( 'NONE', #688, #723, #1851, .T. ) ;
#2213 = CARTESIAN_POINT ( 'NONE',  ( -65.00000000000000000, 0.000000000000000000, 69.00000000000000000 ) ) ;
#2214 = CARTESIAN_POINT ( 'NONE',  ( -65.00000000000000000, 18.00000000000000000, 0.000000000000000000 ) ) ;
#2215 = CARTESIAN_POINT ( 'NONE',  ( 23.99999999999999645, 28.99999999999999645, 4.382308546376009417 ) ) ;
#2216 = ADVANCED_FACE ( 'NONE', ( #2117 ), #433, .T. ) ;
#2217 = LINE ( 'NONE', #2172, #673 ) ;
#2218 = ORIENTED_EDGE ( 'NONE', *, *, #3059, .F. ) ;
#2219 = CARTESIAN_POINT ( 'NONE',  ( 44.00000000000000711, 1.000000000000000444, 14.99999999999998757 ) ) ;
#2220 = VERTEX_POINT ( 'NONE', #1628 ) ;
#2221 = DIRECTION ( 'NONE',  ( 0.000000000000000000, 1.000000000000000000, -0.000000000000000000 ) ) ;
#2222 = EDGE_CURVE ( 'NONE', #1437, #1554, #2308, .T. ) ;
#2223 = DIRECTION ( 'NONE',  ( 0.000000000000000000, -1.000000000000000000, 0.000000000000000000 ) ) ;
#2224 = DIRECTION ( 'NONE',  ( 1.000000000000000000, 0.000000000000000000, 0.000000000000000000 ) ) ;
#2225 = SPHERICAL_SURFACE ( 'NONE', #1081, 1.000000000000000000 ) ;
#2226 = CARTESIAN_POINT ( 'NONE',  ( 44.00000000000000711, 1.000000000000000666, 13.99999999999998579 ) ) ;
#2227 = DIRECTION ( 'NONE',  ( -1.000000000000000000, 0.000000000000000000, 0.000000000000000000 ) ) ;
#2228 = CC_DESIGN_PERSON_AND_ORGANIZATION_ASSIGNMENT ( #1325, #1640, ( #1204 ) ) ;
#2229 = DIRECTION ( 'NONE',  ( -0.000000000000000000, 1.000000000000000000, -0.000000000000000000 ) ) ;
#2230 = ORIENTED_EDGE ( 'NONE', *, *, #2222, .T. ) ;
#2231 = PLANE ( 'NONE',  #1137 ) ;
#2232 = ORIENTED_EDGE ( 'NONE', *, *, #2587, .T. ) ;
#2233 = DIRECTION ( 'NONE',  ( 0.000000000000000000, 1.000000000000000000, -0.000000000000000000 ) ) ;
#2234 = DIRECTION ( 'NONE',  ( 1.000000000000000000, 0.000000000000000000, 0.000000000000000000 ) ) ;
#2235 = CARTESIAN_POINT ( 'NONE',  ( 9.000000000000015987, 9.000000000000000000, 41.99999999999998579 ) ) ;
#2236 = AXIS2_PLACEMENT_3D ( 'NONE', #199, #2182, #1474 ) ;
#2237 = DIRECTION ( 'NONE',  ( 0.000000000000000000, 0.000000000000000000, -1.000000000000000000 ) ) ;
#2238 = DIRECTION ( 'NONE',  ( 0.000000000000000000, -1.000000000000000000, 0.000000000000000000 ) ) ;
#2239 = EDGE_CURVE ( 'NONE', #1654, #1720, #2368, .T. ) ;
#2240 = ADVANCED_FACE ( 'NONE', ( #2880 ), #662, .T. ) ;
#2241 = TOROIDAL_SURFACE ( 'NONE', #2572, 2.000000000000000000, 1.000000000000000000 ) ;
#2242 = PLANE ( 'NONE',  #2942 ) ;
#2243 = ORIENTED_EDGE ( 'NONE', *, *, #958, .T. ) ;
#2244 = VECTOR ( 'NONE', #1819, 1000.000000000000000 ) ;
#2245 = EDGE_CURVE ( 'NONE', #1415, #1219, #2329, .T. ) ;
#2246 = CYLINDRICAL_SURFACE ( 'NONE', #1302, 1.000000000000000888 ) ;
#2247 = CARTESIAN_POINT ( 'NONE',  ( 21.25000000000003197, 10.00000000000000888, 66.00000000000000000 ) ) ;
#2248 = VECTOR ( 'NONE', #1450, 1000.000000000000000 ) ;
#2249 = ORIENTED_EDGE ( 'NONE', *, *, #669, .T. ) ;
#2250 = FACE_OUTER_BOUND ( 'NONE', #1451, .T. ) ;
#2251 = ADVANCED_FACE ( 'NONE', ( #2683 ), #763, .F. ) ;
#2253 = VECTOR ( 'NONE', #1419, 1000.000000000000000 ) ;
#2252 = CARTESIAN_POINT ( 'NONE',  ( 44.00000000000000000, 10.00000000000000000, 0.9999999999999837907 ) ) ;
#2254 = EDGE_CURVE ( 'NONE', #155, #785, #306, .T. ) ;
#2255 = AXIS2_PLACEMENT_3D ( 'NONE', #2132, #2633, #2649 ) ;
#2256 = CARTESIAN_POINT ( 'NONE',  ( -21.29999999999999361, 10.00000000000000000, 9.058845726811986410 ) ) ;
#2257 = VECTOR ( 'NONE', #2223, 1000.000000000000000 ) ;
#2258 = LINE ( 'NONE', #45, #205 ) ;
#2259 = VECTOR ( 'NONE', #49, 1000.000000000000000 ) ;
#2260 = DIRECTION ( 'NONE',  ( 0.000000000000000000, -1.000000000000000000, 0.000000000000000000 ) ) ;
#2261 = EDGE_LOOP ( 'NONE', ( #380, #3066 ) ) ;
#2262 = CARTESIAN_POINT ( 'NONE',  ( -46.99999999999999289, 8.000000000000000000, 68.00000000000000000 ) ) ;
#2263 = EDGE_CURVE ( 'NONE', #2345, #3124, #2975, .T. ) ;
#2264 = ORIENTED_EDGE ( 'NONE', *, *, #2943, .T. ) ;
#2265 = CARTESIAN_POINT ( 'NONE',  ( 35.00000000000002132, 9.000000000000000000, 45.32500000000000284 ) ) ;
#2266 = VERTEX_POINT ( 'NONE', #716 ) ;
#2267 = DIRECTION ( 'NONE',  ( 0.000000000000000000, -1.000000000000000000, 0.000000000000000000 ) ) ;
#2268 = LINE ( 'NONE', #54, #1505 ) ;
#2269 = PLANE ( 'NONE',  #2581 ) ;
#2270 = DIRECTION ( 'NONE',  ( 1.000000000000000000, 0.000000000000000000, -1.224510688924804848E-16 ) ) ;
#2271 = CYLINDRICAL_SURFACE ( 'NONE', #1713, 1.000000000000000888 ) ;
#2272 = ADVANCED_FACE ( 'NONE', ( #2768 ), #2269, .F. ) ;
#2273 = EDGE_CURVE ( 'NONE', #540, #1120, #1728, .T. ) ;
#2274 = CARTESIAN_POINT ( 'NONE',  ( 44.00000000000000000, 28.99999999999999645, -7.845826869765412985E-15 ) ) ;
#2275 = ORIENTED_EDGE ( 'NONE', *, *, #2400, .F. ) ;
#2276 = CARTESIAN_POINT ( 'NONE',  ( -46.99999999999999289, 0.000000000000000000, 69.00000000000000000 ) ) ;
#2277 = ORIENTED_EDGE ( 'NONE', *, *, #1152, .F. ) ;
#2278 = CARTESIAN_POINT ( 'NONE',  ( 1.469412826709765325E-15, 27.99999999999999645, 11.99999999999999645 ) ) ;
#2279 = EDGE_CURVE ( 'NONE', #685, #2776, #1464, .T. ) ;
#2280 = DIRECTION ( 'NONE',  ( 1.000000000000000000, 0.000000000000000000, 0.000000000000000000 ) ) ;
#2281 = ORIENTED_EDGE ( 'NONE', *, *, #2667, .F. ) ;
#2282 = CARTESIAN_POINT ( 'NONE',  ( 45.00000000000002842, 10.00000000000000000, 13.99999999999998401 ) ) ;
#2283 = DIRECTION ( 'NONE',  ( -1.000000000000000000, -0.000000000000000000, 0.000000000000000000 ) ) ;
#2284 = ORIENTED_EDGE ( 'NONE', *, *, #2337, .F. ) ;
#2285 = CARTESIAN_POINT ( 'NONE',  ( 22.75000000000002842, 27.99999999999999645, 24.00000000000000000 ) ) ;
#2286 = CARTESIAN_POINT ( 'NONE',  ( -21.66421356237309226, 28.99999999999999645, 23.99999999999999289 ) ) ;
#2287 = APPLICATION_PROTOCOL_DEFINITION ( 'international standard', 'config_control_design', 1994, #1039 ) ;
#2288 = ORIENTED_EDGE ( 'NONE', *, *, #477, .F. ) ;
#2289 =( BOUNDED_CURVE ( )  B_SPLINE_CURVE ( 3, ( #2817, #1324, #2286, #112 ),
 .UNSPECIFIED., .F., .T. ) 
 B_SPLINE_CURVE_WITH_KNOTS ( ( 4, 4 ),
 ( 4.712388980384691450, 6.283185307179586232 ),
 .UNSPECIFIED. ) 
 CURVE ( )  GEOMETRIC_REPRESENTATION_ITEM ( )  RATIONAL_B_SPLINE_CURVE ( ( 1.000000000000000000, 0.8047378541243654926, 0.8047378541243654926, 1.000000000000000000 ) ) 
 REPRESENTATION_ITEM ( '' )  );
#2290 = VECTOR ( 'NONE', #1277, 1000.000000000000000 ) ;
#2291 = FACE_BOUND ( 'NONE', #2356, .T. ) ;
#2292 = VERTEX_POINT ( 'NONE', #496 ) ;
#2293 = CYLINDRICAL_SURFACE ( 'NONE', #519, 1.000000000000000000 ) ;
#2294 = VECTOR ( 'NONE', #777, 1000.000000000000000 ) ;
#2295 = EDGE_LOOP ( 'NONE', ( #2046, #2200, #591, #1602 ) ) ;
#2296 = ORIENTED_EDGE ( 'NONE', *, *, #2646, .F. ) ;
#2297 = FACE_OUTER_BOUND ( 'NONE', #1622, .T. ) ;
#2298 = VECTOR ( 'NONE', #129, 1000.000000000000000 ) ;
#2299 = CARTESIAN_POINT ( 'NONE',  ( -23.99999999999999645, 10.00000000000000000, 4.382308546376015634 ) ) ;
#2300 = EDGE_CURVE ( 'NONE', #2669, #1144, #943, .T. ) ;
#2301 = AXIS2_PLACEMENT_3D ( 'NONE', #2621, #1407, #3123 ) ;
#2302 = ORIENTED_EDGE ( 'NONE', *, *, #142, .F. ) ;
#2303 = AXIS2_PLACEMENT_3D ( 'NONE', #2076, #2549, #2846 ) ;
#2304 = FACE_OUTER_BOUND ( 'NONE', #1206, .T. ) ;
#2305 = DIRECTION ( 'NONE',  ( 1.000000000000000000, -0.000000000000000000, 0.000000000000000000 ) ) ;
#2306 = DIRECTION ( 'NONE',  ( 1.000000000000000000, 0.000000000000000000, 0.000000000000000000 ) ) ;
#2307 = EDGE_LOOP ( 'NONE', ( #3114, #318, #955, #2249 ) ) ;
#2308 = CIRCLE ( 'NONE', #1349, 1.000000000000000888 ) ;
#2309 = EDGE_CURVE ( 'NONE', #2702, #330, #1452, .T. ) ;
#2310 = AXIS2_PLACEMENT_3D ( 'NONE', #1330, #1583, #102 ) ;
#2311 = CARTESIAN_POINT ( 'NONE',  ( -22.75000000000002842, 28.99999999999999645, 23.00000000000000000 ) ) ;
#2312 = ORIENTED_EDGE ( 'NONE', *, *, #2273, .T. ) ;
#2313 = LINE ( 'NONE', #2566, #2791 ) ;
#2314 =( BOUNDED_CURVE ( )  B_SPLINE_CURVE ( 3, ( #970, #453, #2137, #2428 ),
 .UNSPECIFIED., .F., .T. ) 
 B_SPLINE_CURVE_WITH_KNOTS ( ( 4, 4 ),
 ( 3.141592653589794004, 4.712388980384687009 ),
 .UNSPECIFIED. ) 
 CURVE ( )  GEOMETRIC_REPRESENTATION_ITEM ( )  RATIONAL_B_SPLINE_CURVE ( ( 1.000000000000000000, 0.8047378541243658256, 0.8047378541243658256, 1.000000000000000000 ) ) 
 REPRESENTATION_ITEM ( '' )  );
#2315 = EDGE_LOOP ( 'NONE', ( #1803, #1073, #2114, #1329 ) ) ;
#2316 = ORIENTED_EDGE ( 'NONE', *, *, #2104, .T. ) ;
#2317 = ORIENTED_EDGE ( 'NONE', *, *, #391, .F. ) ;
#2318 = DIRECTION ( 'NONE',  ( 0.000000000000000000, -0.000000000000000000, -1.000000000000000000 ) ) ;
#2319 = FACE_OUTER_BOUND ( 'NONE', #990, .T. ) ;
#2320 = EDGE_CURVE ( 'NONE', #2070, #2388, #700, .T. ) ;
#2321 = VERTEX_POINT ( 'NONE', #1211 ) ;
#2322 = CARTESIAN_POINT ( 'NONE',  ( 44.00000000000000000, 9.000000000000000000, -1.850371707708594129E-14 ) ) ;
#2323 = PLANE ( 'NONE',  #820 ) ;
#2324 = APPROVAL_ROLE ( '' ) ;
#2325 = ORIENTED_EDGE ( 'NONE', *, *, #1755, .T. ) ;
#2326 = ADVANCED_FACE ( 'NONE', ( #1014 ), #2948, .T. ) ;
#2327 = DIRECTION ( 'NONE',  ( -1.000000000000000000, 0.000000000000000000, 4.205390244792251943E-16 ) ) ;
#2328 = ORIENTED_EDGE ( 'NONE', *, *, #2677, .F. ) ;
#2329 = LINE ( 'NONE', #117, #2426 ) ;
#2330 = ORIENTED_EDGE ( 'NONE', *, *, #3180, .T. ) ;
#2331 = CARTESIAN_POINT ( 'NONE',  ( -21.25000000000000000, 27.99999999999999645, 13.00000000000000178 ) ) ;
#2332 = ORIENTED_EDGE ( 'NONE', *, *, #516, .T. ) ;
#2333 = CARTESIAN_POINT ( 'NONE',  ( 35.00000000000002132, 1.999999999999999112, 48.00000000000000000 ) ) ;
#2334 = ORIENTED_EDGE ( 'NONE', *, *, #1599, .T. ) ;
#2335 = CYLINDRICAL_SURFACE ( 'NONE', #1655, 1.000000000000000888 ) ;
#2336 = ORIENTED_EDGE ( 'NONE', *, *, #779, .F. ) ;
#2337 = EDGE_CURVE ( 'NONE', #3135, #2966, #1966, .T. ) ;
#2338 = EDGE_CURVE ( 'NONE', #2392, #1246, #5, .T. ) ;
#2339 = CARTESIAN_POINT ( 'NONE',  ( -44.00000000000000000, 27.99999999999999645, -1.836970198721031413E-16 ) ) ;
#2340 = DIRECTION ( 'NONE',  ( 0.000000000000000000, 0.000000000000000000, 1.000000000000000000 ) ) ;
#2341 = ORIENTED_EDGE ( 'NONE', *, *, #2727, .F. ) ;
#2342 = ADVANCED_FACE ( 'NONE', ( #1949 ), #1476, .F. ) ;
#2343 = LINE ( 'NONE', #2780, #2298 ) ;
#2344 = LINE ( 'NONE', #131, #1453 ) ;
#2345 = VERTEX_POINT ( 'NONE', #1239 ) ;
#2346 = VECTOR ( 'NONE', #1022, 1000.000000000000000 ) ;
#2347 = CARTESIAN_POINT ( 'NONE',  ( -9.000000000000000000, 9.000000000000000000, 41.99999999999999289 ) ) ;
#2348 = ORIENTED_EDGE ( 'NONE', *, *, #2239, .T. ) ;
#2349 = CARTESIAN_POINT ( 'NONE',  ( -50.00000000000000000, 19.00000000000000000, 24.00000000000000000 ) ) ;
#2350 = ORIENTED_EDGE ( 'NONE', *, *, #2838, .T. ) ;
#2351 = DIRECTION ( 'NONE',  ( 0.000000000000000000, 0.000000000000000000, -1.000000000000000000 ) ) ;
#2352 = ORIENTED_EDGE ( 'NONE', *, *, #1157, .T. ) ;
#2353 = CIRCLE ( 'NONE', #2825, 1.000000000000000888 ) ;
#2354 = LINE ( 'NONE', #143, #3154 ) ;
#2355 = VECTOR ( 'NONE', #3131, 1000.000000000000000 ) ;
#2356 = EDGE_LOOP ( 'NONE', ( #1365, #1718 ) ) ;
#2358 = VECTOR ( 'NONE', #2718, 1000.000000000000000 ) ;
#2357 = LINE ( 'NONE', #2059, #2524 ) ;
#2359 = DIRECTION ( 'NONE',  ( -0.000000000000000000, 1.000000000000000000, -0.000000000000000000 ) ) ;
#2360 = FACE_OUTER_BOUND ( 'NONE', #2102, .T. ) ;
#2361 = VERTEX_POINT ( 'NONE', #2198 ) ;
#2362 = CIRCLE ( 'NONE', #3197, 1.000000000000000888 ) ;
#2363 = VECTOR ( 'NONE', #1823, 1000.000000000000000 ) ;
#2364 = CARTESIAN_POINT ( 'NONE',  ( 21.25000000000003197, 48.09090909090908639, 66.00000000000000000 ) ) ;
#2365 = DIRECTION ( 'NONE',  ( 0.000000000000000000, 0.000000000000000000, -1.000000000000000000 ) ) ;
#2366 = AXIS2_PLACEMENT_3D ( 'NONE', #1185, #709, #3163 ) ;
#2367 = EDGE_CURVE ( 'NONE', #256, #2665, #783, .T. ) ;
#2368 = LINE ( 'NONE', #154, #1706 ) ;
#2369 = ORIENTED_EDGE ( 'NONE', *, *, #854, .F. ) ;
#2370 = CC_DESIGN_APPROVAL ( #3115, ( #3047 ) ) ;
#2371 = CARTESIAN_POINT ( 'NONE',  ( 44.00000000000000000, 10.00000000000000000, -1.519197225931202909E-14 ) ) ;
#2372 = ORIENTED_EDGE ( 'NONE', *, *, #2548, .F. ) ;
#2373 = DIRECTION ( 'NONE',  ( 0.000000000000000000, 1.000000000000000000, 0.000000000000000000 ) ) ;
#2374 = ORIENTED_EDGE ( 'NONE', *, *, #2689, .T. ) ;
#2375 = EDGE_CURVE ( 'NONE', #1616, #328, #2217, .T. ) ;
#2376 = PERSON ( 'UNSPECIFIED', 'UNSPECIFIED', 'UNSPECIFIED', ('UNSPECIFIED'), ('UNSPECIFIED'), ('UNSPECIFIED') ) ;
#2377 = EDGE_CURVE ( 'NONE', #1144, #2669, #351, .T. ) ;
#2378 = ORIENTED_EDGE ( 'NONE', *, *, #2576, .T. ) ;
#2379 = LINE ( 'NONE', #2444, #2519 ) ;
#2380 = CARTESIAN_POINT ( 'NONE',  ( -9.000000000000000000, 0.000000000000000000, 41.99999999999999289 ) ) ;
#2381 = CARTESIAN_POINT ( 'NONE',  ( -22.25000000000000355, 28.99999999999999645, 11.99999999999999822 ) ) ;
#2382 = ORIENTED_EDGE ( 'NONE', *, *, #1440, .F. ) ;
#2383 = EDGE_CURVE ( 'NONE', #1860, #2918, #125, .T. ) ;
#2384 = DIRECTION ( 'NONE',  ( 0.000000000000000000, 0.000000000000000000, -1.000000000000000000 ) ) ;
#2385 = LINE ( 'NONE', #2098, #2989 ) ;
#2386 = DIRECTION ( 'NONE',  ( 0.000000000000000000, 0.000000000000000000, -1.000000000000000000 ) ) ;
#2387 = LINE ( 'NONE', #611, #90 ) ;
#2388 = VERTEX_POINT ( 'NONE', #2339 ) ;
#2389 = ORIENTED_EDGE ( 'NONE', *, *, #1339, .T. ) ;
#2390 = SPHERICAL_SURFACE ( 'NONE', #2301, 1.000000000000000000 ) ;
#2391 = VERTEX_POINT ( 'NONE', #3095 ) ;
#2392 = VERTEX_POINT ( 'NONE', #1132 ) ;
#2393 = LINE ( 'NONE', #2164, #2094 ) ;
#2394 = CARTESIAN_POINT ( 'NONE',  ( 44.58578643762690774, 9.000000000000000000, 24.00000000000000000 ) ) ;
#2395 = DIRECTION ( 'NONE',  ( -4.205390244792259339E-16, -0.000000000000000000, -1.000000000000000000 ) ) ;
#2396 = DATE_TIME_ROLE ( 'classification_date' ) ;
#2397 = ORIENTED_EDGE ( 'NONE', *, *, #1116, .T. ) ;
#2398 = EDGE_CURVE ( 'NONE', #2776, #2266, #2544, .T. ) ;
#2399 = CARTESIAN_POINT ( 'NONE',  ( 44.00000000000000000, 27.99999999999999645, -1.850371707708594129E-14 ) ) ;
#2400 = EDGE_CURVE ( 'NONE', #373, #540, #386, .T. ) ;
#2401 = CARTESIAN_POINT ( 'NONE',  ( 44.00000000000000711, 1.000000000000000000, 14.99999999999998579 ) ) ;
#2402 = EDGE_CURVE ( 'NONE', #3124, #225, #1393, .T. ) ;
#2403 = DIRECTION ( 'NONE',  ( -0.000000000000000000, 1.000000000000000000, -0.000000000000000000 ) ) ;
#2404 = EDGE_CURVE ( 'NONE', #1995, #785, #2733, .T. ) ;
#2405 = DIRECTION ( 'NONE',  ( 1.000000000000000000, 0.000000000000000000, -3.154042683594188711E-16 ) ) ;
#2406 = ORIENTED_EDGE ( 'NONE', *, *, #1731, .T. ) ;
#2407 = ADVANCED_FACE ( 'NONE', ( #857, #336, #2026, #3024, #623 ), #2071, .F. ) ;
#2408 = VERTEX_POINT ( 'NONE', #3075 ) ;
#2409 = LINE ( 'NONE', #186, #1748 ) ;
#2410 = ORIENTED_EDGE ( 'NONE', *, *, #23, .F. ) ;
#2411 = ORIENTED_EDGE ( 'NONE', *, *, #2154, .F. ) ;
#2412 = CARTESIAN_POINT ( 'NONE',  ( -60.00000000000000711, 19.00000000000000000, 68.00000000000000000 ) ) ;
#2413 = VECTOR ( 'NONE', #511, 1000.000000000000000 ) ;
#2414 = EDGE_CURVE ( 'NONE', #710, #1497, #2357, .T. ) ;
#2415 = CARTESIAN_POINT ( 'NONE',  ( 22.75000000000002842, 28.99999999999999645, 66.00000000000000000 ) ) ;
#2416 = VECTOR ( 'NONE', #2359, 1000.000000000000000 ) ;
#2417 = APPROVAL_STATUS ( 'not_yet_approved' ) ;
#2418 = ORIENTED_EDGE ( 'NONE', *, *, #796, .T. ) ;
#2419 = VECTOR ( 'NONE', #1976, 1000.000000000000000 ) ;
#2420 = DIRECTION ( 'NONE',  ( 1.000000000000000000, 0.000000000000000000, 0.000000000000000000 ) ) ;
#2421 = CARTESIAN_POINT ( 'NONE',  ( -21.75000000000002487, 8.000000000000000000, 68.00000000000000000 ) ) ;
#2422 = AXIS2_PLACEMENT_3D ( 'NONE', #803, #20, #1065 ) ;
#2423 = DIRECTION ( 'NONE',  ( 0.000000000000000000, 0.000000000000000000, 1.000000000000000000 ) ) ;
#2424 = VECTOR ( 'NONE', #3132, 1000.000000000000000 ) ;
#2425 = CARTESIAN_POINT ( 'NONE',  ( -8.999999999999992895, 0.000000000000000000, 48.00000000000000000 ) ) ;
#2426 = VECTOR ( 'NONE', #1546, 1000.000000000000000 ) ;
#2427 = VERTEX_POINT ( 'NONE', #638 ) ;
#2428 = CARTESIAN_POINT ( 'NONE',  ( 21.25000000000000355, 27.99999999999999645, 21.80000000000000782 ) ) ;
#2429 = ORIENTED_EDGE ( 'NONE', *, *, #84, .F. ) ;
#2430 = VECTOR ( 'NONE', #2872, 1000.000000000000000 ) ;
#2431 = ORIENTED_EDGE ( 'NONE', *, *, #2131, .T. ) ;
#2432 = DIRECTION ( 'NONE',  ( 1.000000000000000000, 0.000000000000000000, 0.000000000000000000 ) ) ;
#2433 = DIRECTION ( 'NONE',  ( 0.000000000000000000, 0.000000000000000000, -1.000000000000000000 ) ) ;
#2434 = ORIENTED_EDGE ( 'NONE', *, *, #313, .F. ) ;
#2435 = FACE_OUTER_BOUND ( 'NONE', #2700, .T. ) ;
#2436 = EDGE_CURVE ( 'NONE', #2106, #3107, #531, .T. ) ;
#2437 = DIRECTION ( 'NONE',  ( 1.000000000000000000, 0.000000000000000000, 0.000000000000000000 ) ) ;
#2438 = PLANE ( 'NONE',  #2471 ) ;
#2439 = DIRECTION ( 'NONE',  ( -1.000000000000000000, -0.000000000000000000, -0.000000000000000000 ) ) ;
#2440 = EDGE_CURVE ( 'NONE', #1144, #2018, #821, .T. ) ;
#2441 = ORIENTED_EDGE ( 'NONE', *, *, #2477, .T. ) ;
#2442 = EDGE_LOOP ( 'NONE', ( #769, #595, #605 ) ) ;
#2443 = ORIENTED_EDGE ( 'NONE', *, *, #731, .T. ) ;
#2444 = CARTESIAN_POINT ( 'NONE',  ( -4.102404735808356406, 28.99999999999999645, -7.105573435631249879 ) ) ;
#2445 = CARTESIAN_POINT ( 'NONE',  ( 45.00000000000000711, 8.585786437626904188, 23.58578643762689708 ) ) ;
#2446 = PERSON_AND_ORGANIZATION_ROLE ( 'design_supplier' ) ;
#2447 = ORIENTED_EDGE ( 'NONE', *, *, #2590, .F. ) ;
#2448 = EDGE_CURVE ( 'NONE', #402, #1860, #3060, .T. ) ;
#2449 = DIRECTION ( 'NONE',  ( 0.000000000000000000, 0.000000000000000000, -1.000000000000000000 ) ) ;
#2450 = CARTESIAN_POINT ( 'NONE',  ( 21.25000000000003197, 9.000000000000000000, 64.99999999999998579 ) ) ;
#2451 = EDGE_CURVE ( 'NONE', #3031, #2685, #406, .T. ) ;
#2452 = DIRECTION ( 'NONE',  ( -0.000000000000000000, 1.000000000000000000, -0.000000000000000000 ) ) ;
#2453 = ORIENTED_EDGE ( 'NONE', *, *, #1231, .T. ) ;
#2454 = LINE ( 'NONE', #1015, #775 ) ;
#2455 = EDGE_LOOP ( 'NONE', ( #1396, #2922, #705, #1631, #881, #2334, #1468, #2453, #2163 ) ) ;
#2456 = CARTESIAN_POINT ( 'NONE',  ( 35.00000000000002132, 1.999999999999999112, 48.00000000000000000 ) ) ;
#2457 = ORIENTED_EDGE ( 'NONE', *, *, #223, .T. ) ;
#2458 = CARTESIAN_POINT ( 'NONE',  ( -45.00000000000000000, 11.00000000000000000, 0.000000000000000000 ) ) ;
#2459 = AXIS2_PLACEMENT_3D ( 'NONE', #214, #1696, #1643 ) ;
#2460 = DIRECTION ( 'NONE',  ( -1.000000000000000000, 0.000000000000000000, 0.000000000000000000 ) ) ;
#2461 = CARTESIAN_POINT ( 'NONE',  ( 44.00000000000000711, 1.000000000000000888, 14.99999999999998757 ) ) ;
#2462 = AXIS2_PLACEMENT_3D ( 'NONE', #1292, #2724, #1056 ) ;
#2463 = EDGE_CURVE ( 'NONE', #701, #1995, #873, .T. ) ;
#2464 = LINE ( 'NONE', #2986, #1337 ) ;
#2465 = CARTESIAN_POINT ( 'NONE',  ( 22.75000000000002842, 28.99999999999999645, 24.00000000000000000 ) ) ;
#2466 = AXIS2_PLACEMENT_3D ( 'NONE', #2647, #2150, #414 ) ;
#2467 = DIRECTION ( 'NONE',  ( -1.000000000000000000, -0.000000000000000000, -0.000000000000000000 ) ) ;
#2468 = AXIS2_PLACEMENT_3D ( 'NONE', #2705, #522, #272 ) ;
#2469 = FACE_BOUND ( 'NONE', #1469, .T. ) ;
#2470 = ORIENTED_EDGE ( 'NONE', *, *, #2440, .F. ) ;
#2471 = AXIS2_PLACEMENT_3D ( 'NONE', #216, #1222, #192 ) ;
#2472 = EDGE_LOOP ( 'NONE', ( #2410, #1568, #3055, #2717, #98, #103, #2189, #2406 ) ) ;
#2473 = DIRECTION ( 'NONE',  ( 0.000000000000000000, 0.000000000000000000, 1.000000000000000000 ) ) ;
#2474 = EDGE_CURVE ( 'NONE', #2918, #378, #1376, .T. ) ;
#2475 = ORIENTED_EDGE ( 'NONE', *, *, #1493, .T. ) ;
#2476 = CARTESIAN_POINT ( 'NONE',  ( -64.00000000000000000, 18.00000000000000000, 69.00000000000000000 ) ) ;
#2477 = EDGE_CURVE ( 'NONE', #856, #2782, #3045, .T. ) ;
#2478 = VECTOR ( 'NONE', #2111, 1000.000000000000000 ) ;
#2479 = PLANE ( 'NONE',  #466 ) ;
#2480 = ADVANCED_FACE ( 'NONE', ( #2304 ), #95, .F. ) ;
#2481 = CARTESIAN_POINT ( 'NONE',  ( 45.00000000000002842, 9.000000000000000000, 65.99999999999998579 ) ) ;
#2482 = ORGANIZATION ( 'UNSPECIFIED', 'UNSPECIFIED', '' ) ;
#2483 = DIRECTION ( 'NONE',  ( 0.000000000000000000, 2.775557561562888827E-14, 1.000000000000000000 ) ) ;
#2484 = EDGE_CURVE ( 'NONE', #2497, #1860, #110, .T. ) ;
#2485 = CYLINDRICAL_SURFACE ( 'NONE', #1800, 1.050000000000002265 ) ;
#2486 = CARTESIAN_POINT ( 'NONE',  ( -45.99999999999999289, 9.999999999999998224, 67.00000000000000000 ) ) ;
#2487 = CARTESIAN_POINT ( 'NONE',  ( -64.58578643762690774, 19.00000000000000000, 24.00000000000000000 ) ) ;
#2488 = VERTEX_POINT ( 'NONE', #1359 ) ;
#2489 = LINE ( 'NONE', #270, #190 ) ;
#2490 = ORIENTED_EDGE ( 'NONE', *, *, #2526, .T. ) ;
#2491 = DIRECTION ( 'NONE',  ( 0.000000000000000000, 0.000000000000000000, 1.000000000000000000 ) ) ;
#2492 = CARTESIAN_POINT ( 'NONE',  ( -45.00000000000000000, 28.99999999999999645, 1.000000000000000000 ) ) ;
#2493 = DIRECTION ( 'NONE',  ( 0.000000000000000000, 0.000000000000000000, -1.000000000000000000 ) ) ;
#2494 = CYLINDRICAL_SURFACE ( 'NONE', #1257, 1.049999999999995381 ) ;
#2495 = CARTESIAN_POINT ( 'NONE',  ( -22.75000000000002842, 9.000000000000000000, 67.00000000000000000 ) ) ;
#2496 = CARTESIAN_POINT ( 'NONE',  ( -64.00000000000000000, 19.00000000000000000, 24.00000000000000000 ) ) ;
#2497 = VERTEX_POINT ( 'NONE', #175 ) ;
#2498 = EDGE_CURVE ( 'NONE', #378, #2618, #1999, .T. ) ;
#2499 = DIRECTION ( 'NONE',  ( 0.000000000000000000, 0.000000000000000000, -1.000000000000000000 ) ) ;
#2500 = DIRECTION ( 'NONE',  ( 2.871334727630348314E-16, 0.4138029443011839725, 0.9103664774626046841 ) ) ;
#2501 = EDGE_LOOP ( 'NONE', ( #3137, #738 ) ) ;
#2502 = SPHERICAL_SURFACE ( 'NONE', #934, 1.000000000000000000 ) ;
#2503 = CARTESIAN_POINT ( 'NONE',  ( 0.000000000000000000, 27.99999999999999645, 23.00000000000000000 ) ) ;
#2504 = EDGE_CURVE ( 'NONE', #2065, #957, #1298, .T. ) ;
#2505 = VECTOR ( 'NONE', #1353, 1000.000000000000000 ) ;
#2506 = CARTESIAN_POINT ( 'NONE',  ( -21.24999999999999645, 28.00000000000000000, 21.80000000000000071 ) ) ;
#2507 = AXIS2_PLACEMENT_3D ( 'NONE', #2149, #3150, #2384 ) ;
#2508 = FACE_OUTER_BOUND ( 'NONE', #1813, .T. ) ;
#2509 = CARTESIAN_POINT ( 'NONE',  ( 45.00000000000000711, 27.99999999999999645, 24.00000000000000000 ) ) ;
#2510 = AXIS2_PLACEMENT_3D ( 'NONE', #1964, #14, #2708 ) ;
#2511 = ADVANCED_FACE ( 'NONE', ( #3144 ), #458, .F. ) ;
#2512 = CIRCLE ( 'NONE', #455, 1.000000000000000888 ) ;
#2513 = EDGE_CURVE ( 'NONE', #2388, #2721, #944, .T. ) ;
#2514 = CARTESIAN_POINT ( 'NONE',  ( 23.99999999999999289, 0.000000000000000000, 10.61769145362397282 ) ) ;
#2515 = ORIENTED_EDGE ( 'NONE', *, *, #2755, .F. ) ;
#2516 = VECTOR ( 'NONE', #2201, 1000.000000000000000 ) ;
#2517 = FACE_OUTER_BOUND ( 'NONE', #867, .T. ) ;
#2518 = LINE ( 'NONE', #1495, #553 ) ;
#2519 = VECTOR ( 'NONE', #210, 999.9999999999998863 ) ;
#2520 = ORIENTED_EDGE ( 'NONE', *, *, #2646, .T. ) ;
#2521 = CARTESIAN_POINT ( 'NONE',  ( -45.00000000000000000, 9.000000000000000000, 0.000000000000000000 ) ) ;
#2522 = ADVANCED_FACE ( 'NONE', ( #976 ), #2632, .F. ) ;
#2524 = VECTOR ( 'NONE', #324, 1000.000000000000000 ) ;
#2523 = LINE ( 'NONE', #2299, #3044 ) ;
#2525 = VECTOR ( 'NONE', #1413, 1000.000000000000000 ) ;
#2526 = EDGE_CURVE ( 'NONE', #1720, #631, #1205, .T. ) ;
#2527 = CARTESIAN_POINT ( 'NONE',  ( -9.000000000000000000, 0.000000000000000000, 43.04999999999999716 ) ) ;
#2528 = FACE_OUTER_BOUND ( 'NONE', #2442, .T. ) ;
#2529 = AXIS2_PLACEMENT_3D ( 'NONE', #3062, #2073, #1134 ) ;
#2530 = CARTESIAN_POINT ( 'NONE',  ( 44.00000000000000711, 9.000000000000000000, 23.00000000000000000 ) ) ;
#2531 = VECTOR ( 'NONE', #308, 1000.000000000000000 ) ;
#2532 = EDGE_CURVE ( 'NONE', #2122, #2018, #2998, .T. ) ;
#2533 = PLANE ( 'NONE',  #1250 ) ;
#2534 = ORIENTED_EDGE ( 'NONE', *, *, #469, .T. ) ;
#2535 = EDGE_CURVE ( 'NONE', #141, #3038, #924, .T. ) ;
#2536 = LINE ( 'NONE', #2276, #1459 ) ;
#2537 = ORIENTED_EDGE ( 'NONE', *, *, #1653, .F. ) ;
#2538 = DIRECTION ( 'NONE',  ( 0.8660254037844383745, 0.000000000000000000, -0.5000000000000003331 ) ) ;
#2539 = CARTESIAN_POINT ( 'NONE',  ( -47.99999999999999289, 1.000000000000000000, 69.00000000000000000 ) ) ;
#2540 = VERTEX_POINT ( 'NONE', #691 ) ;
#2541 = FACE_BOUND ( 'NONE', #884, .T. ) ;
#2542 = CARTESIAN_POINT ( 'NONE',  ( 9.000000000000008882, 9.000000000000000000, 47.99999999999999289 ) ) ;
#2543 = ORIENTED_EDGE ( 'NONE', *, *, #2056, .T. ) ;
#2544 = LINE ( 'NONE', #1323, #891 ) ;
#2545 = CARTESIAN_POINT ( 'NONE',  ( 0.000000000000000000, 18.00000000000000000, 69.00000000000000000 ) ) ;
#2546 = EDGE_CURVE ( 'NONE', #373, #754, #961, .T. ) ;
#2547 = CARTESIAN_POINT ( 'NONE',  ( 9.000000000000008882, 0.000000000000000000, 46.94999999999999574 ) ) ;
#2548 = EDGE_CURVE ( 'NONE', #2388, #1762, #2048, .T. ) ;
#2549 = DIRECTION ( 'NONE',  ( -1.000000000000000000, 0.000000000000000000, -0.000000000000000000 ) ) ;
#2550 = ORIENTED_EDGE ( 'NONE', *, *, #2451, .F. ) ;
#2551 = DIRECTION ( 'NONE',  ( 0.000000000000000000, -1.000000000000000000, 0.000000000000000000 ) ) ;
#2552 = ORIENTED_EDGE ( 'NONE', *, *, #1312, .F. ) ;
#2553 = LINE ( 'NONE', #347, #2505 ) ;
#2554 = ORIENTED_EDGE ( 'NONE', *, *, #397, .T. ) ;
#2555 = PLANE ( 'NONE',  #2091 ) ;
#2556 = CARTESIAN_POINT ( 'NONE',  ( -44.00000000000000000, 11.00000000000000000, 66.00000000000000000 ) ) ;
#2557 = CC_DESIGN_PERSON_AND_ORGANIZATION_ASSIGNMENT ( #2694, #2446, ( #3047 ) ) ;
#2558 = ORIENTED_EDGE ( 'NONE', *, *, #492, .T. ) ;
#2559 = ADVANCED_FACE ( 'NONE', ( #1637 ), #2925, .F. ) ;
#2560 = DIRECTION ( 'NONE',  ( -0.000000000000000000, -0.000000000000000000, -1.000000000000000000 ) ) ;
#2561 = DIRECTION ( 'NONE',  ( 0.000000000000000000, 0.000000000000000000, 1.000000000000000000 ) ) ;
#2562 = ORIENTED_EDGE ( 'NONE', *, *, #2477, .F. ) ;
#2563 = EDGE_CURVE ( 'NONE', #1097, #704, #3200, .T. ) ;
#2564 = CARTESIAN_POINT ( 'NONE',  ( 0.000000000000000000, 9.000000000000000000, 0.000000000000000000 ) ) ;
#2565 = ORIENTED_EDGE ( 'NONE', *, *, #2690, .T. ) ;
#2566 = CARTESIAN_POINT ( 'NONE',  ( -21.29999999999999361, 28.99999999999999645, 0.000000000000000000 ) ) ;
#2567 = VECTOR ( 'NONE', #3205, 1000.000000000000000 ) ;
#2568 = EDGE_LOOP ( 'NONE', ( #1331, #2565, #2374, #994 ) ) ;
#2569 = EDGE_LOOP ( 'NONE', ( #269, #2022, #926, #187 ) ) ;
#2570 = ORIENTED_EDGE ( 'NONE', *, *, #3116, .F. ) ;
#2571 = CARTESIAN_POINT ( 'NONE',  ( -22.75000000000002842, 27.99999999999999645, 24.00000000000000000 ) ) ;
#2572 = AXIS2_PLACEMENT_3D ( 'NONE', #2898, #166, #1882 ) ;
#2573 = CARTESIAN_POINT ( 'NONE',  ( 21.29999999999999361, 28.99999999999999645, 0.000000000000000000 ) ) ;
#2574 = VECTOR ( 'NONE', #1271, 1000.000000000000000 ) ;
#2575 = ORIENTED_EDGE ( 'NONE', *, *, #1363, .F. ) ;
#2576 = EDGE_CURVE ( 'NONE', #1633, #225, #429, .T. ) ;
#2577 = VECTOR ( 'NONE', #559, 1000.000000000000000 ) ;
#2578 = DIRECTION ( 'NONE',  ( 0.8660254037844387076, 0.000000000000000000, 0.4999999999999999445 ) ) ;
#2579 = FACE_OUTER_BOUND ( 'NONE', #2849, .T. ) ;
#2580 = EDGE_LOOP ( 'NONE', ( #1099, #2534, #1227, #1180 ) ) ;
#2581 = AXIS2_PLACEMENT_3D ( 'NONE', #2185, #2930, #467 ) ;
#2582 = AXIS2_PLACEMENT_3D ( 'NONE', #2542, #332, #870 ) ;
#2583 = CC_DESIGN_APPROVAL ( #287, ( #2004 ) ) ;
#2584 = EDGE_CURVE ( 'NONE', #2361, #402, #3127, .T. ) ;
#2585 = CARTESIAN_POINT ( 'NONE',  ( -8.999999999999992895, 9.000000000000000000, 48.00000000000000000 ) ) ;
#2586 = LINE ( 'NONE', #1366, #1405 ) ;
#2587 = EDGE_CURVE ( 'NONE', #701, #155, #299, .T. ) ;
#2588 = ORIENTED_EDGE ( 'NONE', *, *, #1881, .T. ) ;
#2589 = LINE ( 'NONE', #2371, #335 ) ;
#2590 = EDGE_CURVE ( 'NONE', #909, #2618, #1426, .T. ) ;
#2591 = VERTEX_POINT ( 'NONE', #2890 ) ;
#2592 = CYLINDRICAL_SURFACE ( 'NONE', #882, 1.000000000000000888 ) ;
#2593 = ORIENTED_EDGE ( 'NONE', *, *, #450, .F. ) ;
#2594 = CARTESIAN_POINT ( 'NONE',  ( 44.00000000000000000, 27.99999999999999645, -1.634903476861716752E-14 ) ) ;
#2595 = EDGE_LOOP ( 'NONE', ( #2903, #48, #1852, #92 ) ) ;
#2596 = DIRECTION ( 'NONE',  ( 0.000000000000000000, 0.000000000000000000, 1.000000000000000000 ) ) ;
#2597 = EDGE_LOOP ( 'NONE', ( #1198, #2606, #2847, #1466 ) ) ;
#2598 = CARTESIAN_POINT ( 'NONE',  ( 44.00000000000002842, 11.00000000000000000, 65.99999999999998579 ) ) ;
#2599 = DIRECTION ( 'NONE',  ( -1.224510688924804848E-16, 0.000000000000000000, -1.000000000000000000 ) ) ;
#2600 = ORIENTED_EDGE ( 'NONE', *, *, #1566, .T. ) ;
#2601 = FACE_OUTER_BOUND ( 'NONE', #2210, .T. ) ;
#2602 = ORIENTED_EDGE ( 'NONE', *, *, #2474, .T. ) ;
#2603 = LINE ( 'NONE', #1871, #182 ) ;
#2604 = VERTEX_POINT ( 'NONE', #674 ) ;
#2605 = CARTESIAN_POINT ( 'NONE',  ( 21.75000000000002487, 8.000000000000000000, 68.00000000000000000 ) ) ;
#2606 = ORIENTED_EDGE ( 'NONE', *, *, #1072, .T. ) ;
#2607 = EDGE_CURVE ( 'NONE', #2220, #1762, #1659, .T. ) ;
#2608 = CARTESIAN_POINT ( 'NONE',  ( 21.24999999999999645, 10.00000000000000888, -6.702340702637665136E-15 ) ) ;
#2609 = VERTEX_POINT ( 'NONE', #805 ) ;
#2610 = DIRECTION ( 'NONE',  ( -0.000000000000000000, 1.000000000000000000, -0.000000000000000000 ) ) ;
#2611 = CARTESIAN_POINT ( 'NONE',  ( 26.70000000000000284, 10.00000000000000000, 5.941154273188000268 ) ) ;
#2612 = CARTESIAN_POINT ( 'NONE',  ( -64.00000000000000000, 0.000000000000000000, 69.00000000000000000 ) ) ;
#2613 = ORIENTED_EDGE ( 'NONE', *, *, #2154, .T. ) ;
#2614 = CARTESIAN_POINT ( 'NONE',  ( -44.00000000000000000, 27.99999999999999645, 24.00000000000000000 ) ) ;
#2615 = CARTESIAN_POINT ( 'NONE',  ( 0.000000000000000000, 28.99999999999999645, 24.00000000000000000 ) ) ;
#2616 = AXIS2_PLACEMENT_3D ( 'NONE', #3105, #647, #119 ) ;
#2617 = CARTESIAN_POINT ( 'NONE',  ( -45.99999999999999289, 1.000000000000000000, 67.00000000000000000 ) ) ;
#2618 = VERTEX_POINT ( 'NONE', #507 ) ;
#2619 = DIRECTION ( 'NONE',  ( 1.000000000000000000, -0.000000000000000000, -0.000000000000000000 ) ) ;
#2620 = EDGE_LOOP ( 'NONE', ( #1910, #1064, #1906, #32 ) ) ;
#2621 = CARTESIAN_POINT ( 'NONE',  ( -44.00000000000000000, 27.99999999999999645, 0.9999999999999997780 ) ) ;
#2622 = ORIENTED_EDGE ( 'NONE', *, *, #3050, .F. ) ;
#2623 = AXIS2_PLACEMENT_3D ( 'NONE', #1237, #1918, #2916 ) ;
#2624 = VERTEX_POINT ( 'NONE', #523 ) ;
#2625 = CARTESIAN_POINT ( 'NONE',  ( -45.00000000000000000, 9.000000000000000000, 66.00000000000000000 ) ) ;
#2626 = ORIENTED_EDGE ( 'NONE', *, *, #1673, .T. ) ;
#2627 = AXIS2_PLACEMENT_3D ( 'NONE', #2908, #2178, #3162 ) ;
#2628 = CARTESIAN_POINT ( 'NONE',  ( -22.75000000000002842, 28.99999999999999645, 0.000000000000000000 ) ) ;
#2629 = AXIS2_PLACEMENT_3D ( 'NONE', #573, #1563, #2043 ) ;
#2630 = PLANE ( 'NONE',  #396 ) ;
#2631 = CARTESIAN_POINT ( 'NONE',  ( -45.99999999999999289, 19.00000000000000000, 69.00000000000000000 ) ) ;
#2632 = TOROIDAL_SURFACE ( 'NONE', #2688, 2.000000000000000000, 1.000000000000000000 ) ;
#2633 = DIRECTION ( 'NONE',  ( -1.000000000000000000, 0.000000000000000000, 0.000000000000000000 ) ) ;
#2634 = EDGE_CURVE ( 'NONE', #294, #2061, #243, .T. ) ;
#2635 = EDGE_LOOP ( 'NONE', ( #1016, #2602, #122, #1573 ) ) ;
#2636 = VECTOR ( 'NONE', #1538, 999.9999999999998863 ) ;
#2637 = ORIENTED_EDGE ( 'NONE', *, *, #2212, .T. ) ;
#2638 = CARTESIAN_POINT ( 'NONE',  ( 21.29999999999999361, 28.99999999999999645, 9.058845726811981081 ) ) ;
#2639 = EDGE_LOOP ( 'NONE', ( #279, #1711, #2588, #1178 ) ) ;
#2640 = ORIENTED_EDGE ( 'NONE', *, *, #1943, .F. ) ;
#2641 = CARTESIAN_POINT ( 'NONE',  ( 26.70000000000000284, 28.99999999999999645, 9.058845726811975752 ) ) ;
#2642 = CARTESIAN_POINT ( 'NONE',  ( 44.99999999999997158, 27.99999999999999645, -1.647987302177966740E-14 ) ) ;
#2643 = DIRECTION ( 'NONE',  ( 0.000000000000000000, 0.000000000000000000, 1.000000000000000000 ) ) ;
#2644 = VERTEX_POINT ( 'NONE', #756 ) ;
#2645 = DIRECTION ( 'NONE',  ( 0.000000000000000000, 0.000000000000000000, -1.000000000000000000 ) ) ;
#2646 = EDGE_CURVE ( 'NONE', #1473, #2061, #2011, .T. ) ;
#2647 = CARTESIAN_POINT ( 'NONE',  ( -46.99999999999999289, 8.000000000000000000, 67.00000000000000000 ) ) ;
#2648 = CARTESIAN_POINT ( 'NONE',  ( -8.999999999999992895, 0.000000000000000000, 49.05000000000000426 ) ) ;
#2649 = DIRECTION ( 'NONE',  ( 0.000000000000000000, 0.000000000000000000, 1.000000000000000000 ) ) ;
#2650 = ORIENTED_EDGE ( 'NONE', *, *, #2513, .T. ) ;
#2651 = EDGE_LOOP ( 'NONE', ( #2856, #2812, #50, #2168 ) ) ;
#2652 = CARTESIAN_POINT ( 'NONE',  ( 44.00000000000000711, 28.99999999999999645, 23.00000000000000000 ) ) ;
#2653 = ORIENTED_EDGE ( 'NONE', *, *, #3016, .F. ) ;
#2654 = ORIENTED_EDGE ( 'NONE', *, *, #244, .T. ) ;
#2655 = DIRECTION ( 'NONE',  ( 1.000000000000000000, -0.000000000000000000, -0.000000000000000000 ) ) ;
#2656 = DIRECTION ( 'NONE',  ( 0.000000000000000000, 0.000000000000000000, 1.000000000000000000 ) ) ;
#2657 = EDGE_CURVE ( 'NONE', #87, #3135, #1799, .T. ) ;
#2658 = DATE_AND_TIME ( #2956, #2049 ) ;
#2659 = EDGE_LOOP ( 'NONE', ( #3125, #941, #1721, #1629, #428, #1076, #651, #887 ) ) ;
#2660 = CARTESIAN_POINT ( 'NONE',  ( 9.000000000000008882, 0.000000000000000000, 47.99999999999999289 ) ) ;
#2661 = ADVANCED_FACE ( 'NONE', ( #2720 ), #21, .T. ) ;
#2662 = LINE ( 'NONE', #1681, #2781 ) ;
#2663 = CARTESIAN_POINT ( 'NONE',  ( -44.00000000000000000, 9.000000000000000000, -1.836970198721031413E-16 ) ) ;
#2664 = VECTOR ( 'NONE', #774, 1000.000000000000000 ) ;
#2665 = VERTEX_POINT ( 'NONE', #2252 ) ;
#2666 = DIRECTION ( 'NONE',  ( 1.000000000000000000, -0.000000000000000000, -1.224510688924804848E-16 ) ) ;
#2667 = EDGE_CURVE ( 'NONE', #1389, #1314, #1021, .T. ) ;
#2668 = ORIENTED_EDGE ( 'NONE', *, *, #1374, .T. ) ;
#2669 = VERTEX_POINT ( 'NONE', #2765 ) ;
#2670 = FACE_OUTER_BOUND ( 'NONE', #633, .T. ) ;
#2671 = CIRCLE ( 'NONE', #2937, 1.000000000000000888 ) ;
#2672 = DIRECTION ( 'NONE',  ( 0.000000000000000000, 0.000000000000000000, 1.000000000000000000 ) ) ;
#2673 = CIRCLE ( 'NONE', #2466, 2.000000000000001776 ) ;
#2674 = ORIENTED_EDGE ( 'NONE', *, *, #2095, .F. ) ;
#2675 = ADVANCED_FACE ( 'NONE', ( #1483 ), #273, .T. ) ;
#2676 = VECTOR ( 'NONE', #436, 1000.000000000000000 ) ;
#2677 = EDGE_CURVE ( 'NONE', #802, #754, #1778, .T. ) ;
#2678 = DIRECTION ( 'NONE',  ( 0.000000000000000000, 0.000000000000000000, 1.000000000000000000 ) ) ;
#2679 = ADVANCED_FACE ( 'NONE', ( #2999 ), #2479, .F. ) ;
#2680 = CARTESIAN_POINT ( 'NONE',  ( -21.25000000000000000, 27.99999999999999645, 13.00000000000000178 ) ) ;
#2681 = CYLINDRICAL_SURFACE ( 'NONE', #2732, 1.000000000000000888 ) ;
#2682 = VECTOR ( 'NONE', #2190, 1000.000000000000000 ) ;
#2683 = FACE_OUTER_BOUND ( 'NONE', #2639, .T. ) ;
#2684 = AXIS2_PLACEMENT_3D ( 'NONE', #916, #1869, #1433 ) ;
#2685 = VERTEX_POINT ( 'NONE', #1007 ) ;
#2686 = DIRECTION ( 'NONE',  ( -0.000000000000000000, 1.000000000000000000, -0.000000000000000000 ) ) ;
#2687 = ORIENTED_EDGE ( 'NONE', *, *, #790, .F. ) ;
#2688 = AXIS2_PLACEMENT_3D ( 'NONE', #1471, #1942, #1914 ) ;
#2689 = EDGE_CURVE ( 'NONE', #2644, #376, #1265, .T. ) ;
#2690 = EDGE_CURVE ( 'NONE', #2992, #2644, #1973, .T. ) ;
#2691 = ORIENTED_EDGE ( 'NONE', *, *, #708, .T. ) ;
#2692 = DIRECTION ( 'NONE',  ( 1.000000000000000000, 0.000000000000000000, -0.000000000000000000 ) ) ;
#2693 = DIRECTION ( 'NONE',  ( -0.000000000000000000, -1.000000000000000000, -0.000000000000000000 ) ) ;
#2694 = PERSON_AND_ORGANIZATION ( #2376, #2482 ) ;
#2695 = VERTEX_POINT ( 'NONE', #772 ) ;
#2696 = DIRECTION ( 'NONE',  ( 0.000000000000000000, 0.000000000000000000, -1.000000000000000000 ) ) ;
#2697 = FACE_OUTER_BOUND ( 'NONE', #2797, .T. ) ;
#2698 = EDGE_CURVE ( 'NONE', #7, #3120, #874, .T. ) ;
#2699 = DIRECTION ( 'NONE',  ( -1.000000000000000000, 0.000000000000000000, 0.000000000000000000 ) ) ;
#2700 = EDGE_LOOP ( 'NONE', ( #947, #2159, #3161, #421 ) ) ;
#2701 = DIRECTION ( 'NONE',  ( 0.000000000000000000, -1.000000000000000000, 0.000000000000000000 ) ) ;
#2702 = VERTEX_POINT ( 'NONE', #227 ) ;
#2703 = DIRECTION ( 'NONE',  ( 0.000000000000000000, 0.000000000000000000, 1.000000000000000000 ) ) ;
#2704 = ORIENTED_EDGE ( 'NONE', *, *, #2607, .T. ) ;
#2705 = CARTESIAN_POINT ( 'NONE',  ( 26.70000000000000284, 0.000000000000000000, 5.941154273188000268 ) ) ;
#2706 = SPHERICAL_SURFACE ( 'NONE', #564, 1.000000000000000000 ) ;
#2707 = ORIENTED_EDGE ( 'NONE', *, *, #1498, .T. ) ;
#2708 = DIRECTION ( 'NONE',  ( 0.000000000000000000, 0.000000000000000000, -1.000000000000000000 ) ) ;
#2709 = EDGE_CURVE ( 'NONE', #1358, #802, #1249, .T. ) ;
#2710 = CARTESIAN_POINT ( 'NONE',  ( -45.99999999999999289, 0.000000000000000000, 68.00000000000000000 ) ) ;
#2711 = DIRECTION ( 'NONE',  ( -0.000000000000000000, 1.000000000000000000, -0.000000000000000000 ) ) ;
#2712 = ADVANCED_FACE ( 'NONE', ( #2740 ), #2706, .T. ) ;
#2713 = FACE_BOUND ( 'NONE', #340, .T. ) ;
#2714 = EDGE_LOOP ( 'NONE', ( #766, #2977, #2674 ) ) ;
#2715 = VERTEX_POINT ( 'NONE', #535 ) ;
#2716 = LINE ( 'NONE', #501, #1790 ) ;
#2717 = ORIENTED_EDGE ( 'NONE', *, *, #996, .T. ) ;
#2718 = DIRECTION ( 'NONE',  ( 4.205390244792259339E-16, -0.000000000000000000, 1.000000000000000000 ) ) ;
#2719 = ADVANCED_FACE ( 'NONE', ( #744 ), #1725, .T. ) ;
#2720 = FACE_OUTER_BOUND ( 'NONE', #889, .T. ) ;
#2721 = VERTEX_POINT ( 'NONE', #2594 ) ;
#2722 = AXIS2_PLACEMENT_3D ( 'NONE', #230, #1430, #2449 ) ;
#2723 = AXIS2_PLACEMENT_3D ( 'NONE', #1810, #2804, #2561 ) ;
#2724 = DIRECTION ( 'NONE',  ( 0.000000000000000000, 1.000000000000000000, 0.000000000000000000 ) ) ;
#2725 = PLANE ( 'NONE',  #737 ) ;
#2726 = CARTESIAN_POINT ( 'NONE',  ( 45.00000000000002842, 10.00000000000000000, 0.9999999999999835687 ) ) ;
#2727 = EDGE_CURVE ( 'NONE', #1103, #863, #66, .T. ) ;
#2728 = CIRCLE ( 'NONE', #1838, 2.674999999999996714 ) ;
#2729 = VECTOR ( 'NONE', #1259, 1000.000000000000000 ) ;
#2730 = LINE ( 'NONE', #517, #2574 ) ;
#2731 = ORIENTED_EDGE ( 'NONE', *, *, #1311, .T. ) ;
#2732 = AXIS2_PLACEMENT_3D ( 'NONE', #2631, #447, #2153 ) ;
#2733 = CIRCLE ( 'NONE', #3042, 1.050000000000002265 ) ;
#2734 = DIRECTION ( 'NONE',  ( 0.000000000000000000, -0.9103664774626047951, 0.4138029443011839725 ) ) ;
#2735 = ORIENTED_EDGE ( 'NONE', *, *, #303, .F. ) ;
#2736 = LINE ( 'NONE', #504, #1994 ) ;
#2737 = ADVANCED_FACE ( 'NONE', ( #1859 ), #1321, .F. ) ;
#2738 = EDGE_CURVE ( 'NONE', #922, #1982, #1207, .T. ) ;
#2739 = VECTOR ( 'NONE', #383, 1000.000000000000000 ) ;
#2740 = FACE_OUTER_BOUND ( 'NONE', #835, .T. ) ;
#2741 = SPHERICAL_SURFACE ( 'NONE', #1738, 1.000000000000000000 ) ;
#2742 = AXIS2_PLACEMENT_3D ( 'NONE', #1506, #1070, #1011 ) ;
#2743 = CARTESIAN_POINT ( 'NONE',  ( 22.75000000000002842, 27.99999999999999645, 24.00000000000000000 ) ) ;
#2744 = DIRECTION ( 'NONE',  ( 3.154042683594195121E-16, 0.000000000000000000, 1.000000000000000000 ) ) ;
#2745 = PLANE ( 'NONE',  #245 ) ;
#2746 = EDGE_CURVE ( 'NONE', #1554, #160, #636, .T. ) ;
#2747 = CARTESIAN_POINT ( 'NONE',  ( 22.25000000000000355, 28.99999999999999645, 11.99999999999999289 ) ) ;
#2748 = ORIENTED_EDGE ( 'NONE', *, *, #2367, .F. ) ;
#2749 = CARTESIAN_POINT ( 'NONE',  ( 21.24999999999999645, 19.95890410958903516, 4.109589041095885520 ) ) ;
#2750 = EDGE_CURVE ( 'NONE', #2408, #160, #2208, .T. ) ;
#2751 = ORIENTED_EDGE ( 'NONE', *, *, #707, .T. ) ;
#2752 = LINE ( 'NONE', #547, #29 ) ;
#2753 = CARTESIAN_POINT ( 'NONE',  ( 22.75000000000001776, 48.44699582058230902, 67.58578643762690774 ) ) ;
#2754 = EDGE_CURVE ( 'NONE', #2220, #1370, #304, .T. ) ;
#2755 = EDGE_CURVE ( 'NONE', #2776, #1886, #2523, .T. ) ;
#2756 = LINE ( 'NONE', #1862, #2416 ) ;
#2757 = DIRECTION ( 'NONE',  ( 0.000000000000000000, 1.000000000000000000, 0.000000000000000000 ) ) ;
#2758 = FACE_OUTER_BOUND ( 'NONE', #2714, .T. ) ;
#2759 = CARTESIAN_POINT ( 'NONE',  ( -64.00000000000000000, 1.000000000000000000, 70.00000000000000000 ) ) ;
#2760 = ORIENTED_EDGE ( 'NONE', *, *, #1815, .F. ) ;
#2761 = DIRECTION ( 'NONE',  ( -3.154042683594195121E-16, 0.000000000000000000, -1.000000000000000000 ) ) ;
#2762 = CARTESIAN_POINT ( 'NONE',  ( -35.00000000000002132, 1.999999999999999112, 50.67499999999999716 ) ) ;
#2763 = EDGE_LOOP ( 'NONE', ( #959, #1442, #1669, #2264 ) ) ;
#2764 = CARTESIAN_POINT ( 'NONE',  ( -22.75000000000002842, 49.00000000000000000, 66.00000000000000000 ) ) ;
#2765 = CARTESIAN_POINT ( 'NONE',  ( -8.999999999999992895, 0.000000000000000000, 49.05000000000000426 ) ) ;
#2766 = AXIS2_PLACEMENT_3D ( 'NONE', #2481, #2053, #329 ) ;
#2767 = EDGE_CURVE ( 'NONE', #1926, #3193, #2162, .T. ) ;
#2768 = FACE_OUTER_BOUND ( 'NONE', #1662, .T. ) ;
#2769 = DIRECTION ( 'NONE',  ( 0.000000000000000000, 0.000000000000000000, 1.000000000000000000 ) ) ;
#2770 = FACE_OUTER_BOUND ( 'NONE', #2315, .T. ) ;
#2771 = CARTESIAN_POINT ( 'NONE',  ( -23.99999999999999645, 0.000000000000000000, 4.382308546376015634 ) ) ;
#2772 = CIRCLE ( 'NONE', #2510, 2.674999999999996714 ) ;
#2773 = ADVANCED_FACE ( 'NONE', ( #2039 ), #2784, .T. ) ;
#2774 = VECTOR ( 'NONE', #1613, 1000.000000000000000 ) ;
#2775 = DIRECTION ( 'NONE',  ( -0.000000000000000000, 1.000000000000000000, -0.000000000000000000 ) ) ;
#2776 = VERTEX_POINT ( 'NONE', #366 ) ;
#2777 = AXIS2_PLACEMENT_3D ( 'NONE', #2333, #1334, #2068 ) ;
#2778 = CARTESIAN_POINT ( 'NONE',  ( -21.25000000000000000, 10.00000000000000888, 13.99999999999999645 ) ) ;
#2779 = ORIENTED_EDGE ( 'NONE', *, *, #57, .F. ) ;
#2780 = CARTESIAN_POINT ( 'NONE',  ( -44.00000000000000000, 10.00000000000000000, -1.561251128379126701E-14 ) ) ;
#2781 = VECTOR ( 'NONE', #915, 1000.000000000000000 ) ;
#2782 = VERTEX_POINT ( 'NONE', #1306 ) ;
#2783 = DIRECTION ( 'NONE',  ( 1.000000000000000000, 0.000000000000000000, -1.577021341797097314E-16 ) ) ;
#2785 = AXIS2_PLACEMENT_3D ( 'NONE', #2425, #967, #2837 ) ;
#2784 = CYLINDRICAL_SURFACE ( 'NONE', #1098, 1.000000000000000888 ) ;
#2786 = ADVANCED_FACE ( 'NONE', ( #1129 ), #2335, .T. ) ;
#2787 = ORIENTED_EDGE ( 'NONE', *, *, #1013, .F. ) ;
#2788 = VECTOR ( 'NONE', #1500, 1000.000000000000000 ) ;
#2789 = DIRECTION ( 'NONE',  ( -0.000000000000000000, 1.000000000000000000, -0.000000000000000000 ) ) ;
#2790 = DIRECTION ( 'NONE',  ( 0.000000000000000000, 0.000000000000000000, -1.000000000000000000 ) ) ;
#2791 = VECTOR ( 'NONE', #1350, 1000.000000000000000 ) ;
#2792 = CARTESIAN_POINT ( 'NONE',  ( -21.25000000000000355, 28.99999999999999645, 6.702340702637665925E-15 ) ) ;
#2793 = EDGE_CURVE ( 'NONE', #1314, #2832, #253, .T. ) ;
#2794 = CARTESIAN_POINT ( 'NONE',  ( 21.75000000000002487, 0.000000000000000000, 67.00000000000000000 ) ) ;
#2795 = EDGE_CURVE ( 'NONE', #1358, #1368, #2855, .T. ) ;
#2796 = FACE_OUTER_BOUND ( 'NONE', #3068, .T. ) ;
#2797 = EDGE_LOOP ( 'NONE', ( #2443, #184, #689, #260 ) ) ;
#2798 = CARTESIAN_POINT ( 'NONE',  ( 22.75000000000002842, 49.00000000000000000, 24.00000000000000000 ) ) ;
#2799 = EDGE_LOOP ( 'NONE', ( #348, #2941, #1492, #2704, #346, #1165, #2841, #82, #1406, #2731, #2188, #2894 ) ) ;
#2800 = CARTESIAN_POINT ( 'NONE',  ( 0.000000000000000000, 1.000000000000000000, 69.00000000000000000 ) ) ;
#2801 = DIRECTION ( 'NONE',  ( 0.000000000000000000, 0.000000000000000000, 1.000000000000000000 ) ) ;
#2802 = ORIENTED_EDGE ( 'NONE', *, *, #1515, .T. ) ;
#2803 = CARTESIAN_POINT ( 'NONE',  ( -45.00000000000000000, 11.00000000000000000, 66.00000000000000000 ) ) ;
#2804 = DIRECTION ( 'NONE',  ( -1.000000000000000000, -0.000000000000000000, -0.000000000000000000 ) ) ;
#2805 = CALENDAR_DATE ( 2026, 26, 6 ) ;
#2806 = ORIENTED_EDGE ( 'NONE', *, *, #741, .T. ) ;
#2807 = DIRECTION ( 'NONE',  ( 0.000000000000000000, 0.000000000000000000, 1.000000000000000000 ) ) ;
#2808 = UNCERTAINTY_MEASURE_WITH_UNIT (LENGTH_MEASURE( 1.000000000000000082E-05 ), #2860, 'distance_accuracy_value', 'NONE');
#2809 = FACE_BOUND ( 'NONE', #1576, .T. ) ;
#2810 = ORIENTED_EDGE ( 'NONE', *, *, #1224, .F. ) ;
#2811 = DIRECTION ( 'NONE',  ( 0.000000000000000000, -0.000000000000000000, -1.000000000000000000 ) ) ;
#2812 = ORIENTED_EDGE ( 'NONE', *, *, #1066, .F. ) ;
#2813 = CARTESIAN_POINT ( 'NONE',  ( -45.00000000000000000, 9.000000000000000000, 1.000000000000000888 ) ) ;
#2814 = CARTESIAN_POINT ( 'NONE',  ( 0.000000000000000000, 1.000000000000000000, 68.00000000000000000 ) ) ;
#2815 = ORIENTED_EDGE ( 'NONE', *, *, #2131, .F. ) ;
#2816 = DIRECTION ( 'NONE',  ( 0.000000000000000000, -0.000000000000000000, -1.000000000000000000 ) ) ;
#2817 = CARTESIAN_POINT ( 'NONE',  ( -21.24999999999999645, 28.00000000000000000, 21.80000000000000071 ) ) ;
#2818 = COORDINATED_UNIVERSAL_TIME_OFFSET ( 9, 0, .AHEAD. ) ;
#2819 = ORIENTED_EDGE ( 'NONE', *, *, #33, .F. ) ;
#2820 = VECTOR ( 'NONE', #1854, 1000.000000000000000 ) ;
#2821 = VECTOR ( 'NONE', #679, 1000.000000000000000 ) ;
#2822 = FACE_OUTER_BOUND ( 'NONE', #241, .T. ) ;
#2823 = ORIENTED_EDGE ( 'NONE', *, *, #1465, .F. ) ;
#2824 = LINE ( 'NONE', #1301, #678 ) ;
#2825 = AXIS2_PLACEMENT_3D ( 'NONE', #25, #1041, #747 ) ;
#2826 = ORIENTED_EDGE ( 'NONE', *, *, #2548, .T. ) ;
#2827 = EDGE_CURVE ( 'NONE', #1762, #2832, #2268, .T. ) ;
#2828 = CARTESIAN_POINT ( 'NONE',  ( 9.000000000000015987, 0.000000000000000000, 43.04999999999999005 ) ) ;
#2829 = ORIENTED_EDGE ( 'NONE', *, *, #996, .F. ) ;
#2830 = DIRECTION ( 'NONE',  ( 0.000000000000000000, 1.000000000000000000, -0.000000000000000000 ) ) ;
#2831 = CIRCLE ( 'NONE', #987, 1.000000000000000888 ) ;
#2832 = VERTEX_POINT ( 'NONE', #2057 ) ;
#2833 = DIRECTION ( 'NONE',  ( 1.000000000000000000, 0.000000000000000000, 0.000000000000000000 ) ) ;
#2834 = VECTOR ( 'NONE', #284, 1000.000000000000000 ) ;
#2835 = VERTEX_POINT ( 'NONE', #3057 ) ;
#2836 = AXIS2_PLACEMENT_3D ( 'NONE', #2991, #2229, #16 ) ;
#2837 = DIRECTION ( 'NONE',  ( 0.000000000000000000, 0.000000000000000000, -1.000000000000000000 ) ) ;
#2838 = EDGE_CURVE ( 'NONE', #1272, #868, #1820, .T. ) ;
#2839 = CARTESIAN_POINT ( 'NONE',  ( 44.00000000000000000, 11.00000000000000000, 0.9999999999999874545 ) ) ;
#2840 = CARTESIAN_POINT ( 'NONE',  ( 44.00000000000002842, 9.000000000000000000, 68.00000000000000000 ) ) ;
#2841 = ORIENTED_EDGE ( 'NONE', *, *, #313, .T. ) ;
#2842 = AXIS2_PLACEMENT_3D ( 'NONE', #1402, #1668, #1905 ) ;
#2843 = AXIS2_PLACEMENT_3D ( 'NONE', #2380, #3112, #408 ) ;
#2844 = DIRECTION ( 'NONE',  ( 0.000000000000000000, 0.000000000000000000, -1.000000000000000000 ) ) ;
#2845 = CC_DESIGN_SECURITY_CLASSIFICATION ( #2004, ( #3047 ) ) ;
#2846 = DIRECTION ( 'NONE',  ( 0.000000000000000000, 0.000000000000000000, -1.000000000000000000 ) ) ;
#2847 = ORIENTED_EDGE ( 'NONE', *, *, #2795, .F. ) ;
#2848 = CARTESIAN_POINT ( 'NONE',  ( -21.29999999999999361, 0.000000000000000000, 5.941154273188006485 ) ) ;
#2849 = EDGE_LOOP ( 'NONE', ( #2118, #1348, #1561, #3160 ) ) ;
#2850 = DIRECTION ( 'NONE',  ( 0.000000000000000000, 0.000000000000000000, -1.000000000000000000 ) ) ;
#2851 = ORIENTED_EDGE ( 'NONE', *, *, #2546, .F. ) ;
#2852 = CARTESIAN_POINT ( 'NONE',  ( 0.000000000000000000, 9.000000000000000000, 0.000000000000000000 ) ) ;
#2853 = EDGE_CURVE ( 'NONE', #2952, #1379, #350, .T. ) ;
#2854 = ORIENTED_EDGE ( 'NONE', *, *, #681, .T. ) ;
#2855 = LINE ( 'NONE', #839, #2900 ) ;
#2856 = ORIENTED_EDGE ( 'NONE', *, *, #2971, .T. ) ;
#2857 = CARTESIAN_POINT ( 'NONE',  ( -47.41421356237309226, 18.58578643762690419, 70.00000000000000000 ) ) ;
#2858 = DIRECTION ( 'NONE',  ( -1.000000000000000000, 0.000000000000000000, -0.000000000000000000 ) ) ;
#2859 = ADVANCED_FACE ( 'NONE', ( #2319 ), #2024, .T. ) ;
#2860 =( LENGTH_UNIT ( ) NAMED_UNIT ( * ) SI_UNIT ( .MILLI., .METRE. ) );
#2861 = EDGE_LOOP ( 'NONE', ( #1479, #2904, #596, #2593 ) ) ;
#2862 = EDGE_CURVE ( 'NONE', #2624, #754, #1621, .T. ) ;
#2863 = CARTESIAN_POINT ( 'NONE',  ( 0.000000000000000000, 9.000000000000000000, 0.000000000000000000 ) ) ;
#2864 = DIRECTION ( 'NONE',  ( 0.8660254037844387076, 0.000000000000000000, 0.4999999999999999445 ) ) ;
#2865 = DIRECTION ( 'NONE',  ( 0.000000000000000000, -8.673617379884027583E-16, -1.000000000000000000 ) ) ;
#2866 = VERTEX_POINT ( 'NONE', #1390 ) ;
#2867 = CARTESIAN_POINT ( 'NONE',  ( 0.000000000000000000, 19.00000000000000000, 69.00000000000000000 ) ) ;
#2868 = EDGE_LOOP ( 'NONE', ( #1870, #2277, #2302, #1162 ) ) ;
#2869 = DIRECTION ( 'NONE',  ( 0.000000000000000000, 0.000000000000000000, -1.000000000000000000 ) ) ;
#2870 = ORIENTED_EDGE ( 'NONE', *, *, #223, .F. ) ;
#2871 = EDGE_LOOP ( 'NONE', ( #1908, #2352, #518, #1968 ) ) ;
#2872 = DIRECTION ( 'NONE',  ( 0.000000000000000000, 0.000000000000000000, -1.000000000000000000 ) ) ;
#2873 = FACE_OUTER_BOUND ( 'NONE', #1929, .T. ) ;
#2874 = DIRECTION ( 'NONE',  ( 1.000000000000000000, 0.000000000000000000, 0.000000000000000000 ) ) ;
#2875 = ORIENTED_EDGE ( 'NONE', *, *, #1025, .T. ) ;
#2876 = DIRECTION ( 'NONE',  ( 1.000000000000000000, 0.000000000000000000, -4.205390244792251943E-16 ) ) ;
#2877 = DIRECTION ( 'NONE',  ( 0.000000000000000000, 0.000000000000000000, -1.000000000000000000 ) ) ;
#2878 = EDGE_CURVE ( 'NONE', #3031, #3193, #2354, .T. ) ;
#2879 = CARTESIAN_POINT ( 'NONE',  ( 20.24999999999997868, 9.000000000000000000, -6.386936434278239067E-15 ) ) ;
#2880 = FACE_OUTER_BOUND ( 'NONE', #1300, .T. ) ;
#2881 = ADVANCED_FACE ( 'NONE', ( #2809, #2031, #2517 ), #2064, .F. ) ;
#2882 = ORIENTED_EDGE ( 'NONE', *, *, #1867, .T. ) ;
#2883 = VECTOR ( 'NONE', #807, 1000.000000000000000 ) ;
#2884 = EDGE_LOOP ( 'NONE', ( #986, #1776, #213, #2275 ) ) ;
#2885 = LINE ( 'NONE', #1226, #1399 ) ;
#2886 = ORIENTED_EDGE ( 'NONE', *, *, #2584, .T. ) ;
#2887 = VECTOR ( 'NONE', #1532, 1000.000000000000114 ) ;
#2888 = ORIENTED_EDGE ( 'NONE', *, *, #973, .T. ) ;
#2889 = LINE ( 'NONE', #2412, #462 ) ;
#2891 = CIRCLE ( 'NONE', #194, 1.000000000000000888 ) ;
#2890 = CARTESIAN_POINT ( 'NONE',  ( 21.29999999999999361, 10.00000000000000000, 9.058845726811981081 ) ) ;
#2892 = DIRECTION ( 'NONE',  ( 0.000000000000000000, -1.000000000000000000, 0.000000000000000000 ) ) ;
#2893 = EDGE_CURVE ( 'NONE', #3120, #2361, #2824, .T. ) ;
#2894 = ORIENTED_EDGE ( 'NONE', *, *, #1899, .T. ) ;
#2895 = AXIS2_PLACEMENT_3D ( 'NONE', #1313, #1364, #310 ) ;
#2896 = LINE ( 'NONE', #1460, #2082 ) ;
#2897 = VECTOR ( 'NONE', #71, 1000.000000000000000 ) ;
#2898 = CARTESIAN_POINT ( 'NONE',  ( -45.99999999999999289, 1.000000000000000888, 69.00000000000000000 ) ) ;
#2899 = CARTESIAN_POINT ( 'NONE',  ( 44.00000000000000000, 11.00000000000000000, 0.9999999999999837907 ) ) ;
#2900 = VECTOR ( 'NONE', #1807, 1000.000000000000000 ) ;
#2901 = PLANE ( 'NONE',  #2255 ) ;
#2902 = EDGE_CURVE ( 'NONE', #1368, #1005, #1802, .T. ) ;
#2903 = ORIENTED_EDGE ( 'NONE', *, *, #2971, .F. ) ;
#2904 = ORIENTED_EDGE ( 'NONE', *, *, #244, .F. ) ;
#2905 = CARTESIAN_POINT ( 'NONE',  ( -45.99999999999999289, 0.000000000000000000, 67.00000000000000000 ) ) ;
#2906 = EDGE_LOOP ( 'NONE', ( #172, #2543, #746 ) ) ;
#2907 = ORIENTED_EDGE ( 'NONE', *, *, #1028, .F. ) ;
#2908 = CARTESIAN_POINT ( 'NONE',  ( -47.00000000000000000, 19.00000000000000000, 24.00000000000000000 ) ) ;
#2909 = ADVANCED_FACE ( 'NONE', ( #1096 ), #327, .T. ) ;
#2910 = CARTESIAN_POINT ( 'NONE',  ( 44.00000000000000711, -4.285923645180020663E-32, 13.99999999999998579 ) ) ;
#2911 = CARTESIAN_POINT ( 'NONE',  ( -21.25000000000000000, 27.99999999999999645, 13.00000000000000178 ) ) ;
#2912 = PERSON_AND_ORGANIZATION ( #2376, #2482 ) ;
#2913 = ORIENTED_EDGE ( 'NONE', *, *, #3016, .T. ) ;
#2914 = EDGE_CURVE ( 'NONE', #1896, #1938, #2313, .T. ) ;
#2915 = FACE_OUTER_BOUND ( 'NONE', #2133, .T. ) ;
#2916 = DIRECTION ( 'NONE',  ( 1.000000000000000000, 0.000000000000000000, 0.000000000000000000 ) ) ;
#2917 = CARTESIAN_POINT ( 'NONE',  ( -22.75000000000002487, 48.44699582058230192, 67.58578643762692195 ) ) ;
#2918 = VERTEX_POINT ( 'NONE', #3052 ) ;
#2919 = VERTEX_POINT ( 'NONE', #2051 ) ;
#2920 = CYLINDRICAL_SURFACE ( 'NONE', #667, 1.000000000000000888 ) ;
#2921 = EDGE_LOOP ( 'NONE', ( #2230, #2177, #2193, #2882 ) ) ;
#2922 = ORIENTED_EDGE ( 'NONE', *, *, #1902, .T. ) ;
#2923 = CARTESIAN_POINT ( 'NONE',  ( -45.00000000000000000, 0.000000000000000000, 15.00000000000000000 ) ) ;
#2924 = PRODUCT_DEFINITION_SHAPE ( 'NONE', 'NONE',  #1270 ) ;
#2925 = PLANE ( 'NONE',  #1409 ) ;
#2926 = EDGE_LOOP ( 'NONE', ( #2550, #185, #17, #208 ) ) ;
#2927 = DIRECTION ( 'NONE',  ( 0.000000000000000000, -0.000000000000000000, 1.000000000000000000 ) ) ;
#2928 = PLANE ( 'NONE',  #1341 ) ;
#2929 = DIRECTION ( 'NONE',  ( 0.000000000000000000, 0.000000000000000000, 1.000000000000000000 ) ) ;
#2930 = DIRECTION ( 'NONE',  ( 0.5000000000000001110, 0.000000000000000000, 0.8660254037844385966 ) ) ;
#2931 = ORIENTED_EDGE ( 'NONE', *, *, #1066, .T. ) ;
#2932 = CARTESIAN_POINT ( 'NONE',  ( 44.00000000000000711, 0.000000000000000000, 14.99999999999998757 ) ) ;
#2933 = ORIENTED_EDGE ( 'NONE', *, *, #2754, .T. ) ;
#2934 = ADVANCED_FACE ( 'NONE', ( #2796 ), #594, .T. ) ;
#2935 = ORIENTED_EDGE ( 'NONE', *, *, #1309, .T. ) ;
#2936 = FACE_OUTER_BOUND ( 'NONE', #2597, .T. ) ;
#2937 = AXIS2_PLACEMENT_3D ( 'NONE', #2839, #875, #1843 ) ;
#2938 = DIRECTION ( 'NONE',  ( 0.000000000000000000, 0.000000000000000000, -1.000000000000000000 ) ) ;
#2939 = AXIS2_PLACEMENT_3D ( 'NONE', #18, #532, #2995 ) ;
#2940 = EDGE_CURVE ( 'NONE', #2866, #2058, #1555, .T. ) ;
#2941 = ORIENTED_EDGE ( 'NONE', *, *, #1440, .T. ) ;
#2942 = AXIS2_PLACEMENT_3D ( 'NONE', #1761, #2976, #254 ) ;
#2943 = EDGE_CURVE ( 'NONE', #2266, #3165, #1061, .T. ) ;
#2944 = CARTESIAN_POINT ( 'NONE',  ( 44.00000000000000000, 11.00000000000000000, -1.634903476861716752E-14 ) ) ;
#2945 = DIRECTION ( 'NONE',  ( -0.000000000000000000, -0.000000000000000000, -1.000000000000000000 ) ) ;
#2946 = AXIS2_PLACEMENT_3D ( 'NONE', #1912, #1675, #405 ) ;
#2947 = AXIS2_PLACEMENT_3D ( 'NONE', #736, #252, #1742 ) ;
#2948 = SPHERICAL_SURFACE ( 'NONE', #146, 1.000000000000000000 ) ;
#2949 = VECTOR ( 'NONE', #1608, 1000.000000000000000 ) ;
#2950 = ORIENTED_EDGE ( 'NONE', *, *, #495, .F. ) ;
#2951 = FACE_BOUND ( 'NONE', #502, .T. ) ;
#2952 = VERTEX_POINT ( 'NONE', #312 ) ;
#2953 = EDGE_LOOP ( 'NONE', ( #840, #1875 ) ) ;
#2954 = DIRECTION ( 'NONE',  ( 0.4999999999999998335, 0.000000000000000000, -0.8660254037844388186 ) ) ;
#2955 = CARTESIAN_POINT ( 'NONE',  ( 21.75000000000002487, 47.44699582058231613, 68.00000000000000000 ) ) ;
#2956 = CALENDAR_DATE ( 2026, 26, 6 ) ;
#2957 = EDGE_LOOP ( 'NONE', ( #2575, #2348, #1651, #2457 ) ) ;
#2958 = EDGE_CURVE ( 'NONE', #612, #1860, #1525, .T. ) ;
#2959 = CARTESIAN_POINT ( 'NONE',  ( -60.00000000000000711, 19.00000000000000000, 68.00000000000000000 ) ) ;
#2960 = DIRECTION ( 'NONE',  ( 1.000000000000000000, 0.000000000000000000, -0.000000000000000000 ) ) ;
#2961 = CARTESIAN_POINT ( 'NONE',  ( -45.99999999999999289, 9.000000000000000000, 68.00000000000000000 ) ) ;
#2962 = ADVANCED_FACE ( 'NONE', ( #849 ), #2293, .T. ) ;
#2963 = CARTESIAN_POINT ( 'NONE',  ( -45.00000000000000000, 9.000000000000000000, 66.00000000000000000 ) ) ;
#2964 = ORIENTED_EDGE ( 'NONE', *, *, #1889, .F. ) ;
#2965 = DIRECTION ( 'NONE',  ( -7.295189183284983628E-32, 1.000000000000000000, -1.734723475976807094E-16 ) ) ;
#2966 = VERTEX_POINT ( 'NONE', #2007 ) ;
#2967 = DIRECTION ( 'NONE',  ( -1.000000000000000000, 0.000000000000000000, 0.000000000000000000 ) ) ;
#2968 = CARTESIAN_POINT ( 'NONE',  ( -44.00000000000000000, 28.99999999999999645, 24.00000000000000000 ) ) ;
#2969 = DIRECTION ( 'NONE',  ( 1.000000000000000000, 0.000000000000000000, 0.000000000000000000 ) ) ;
#2970 = CARTESIAN_POINT ( 'NONE',  ( 44.00000000000002842, 9.000000000000000000, 67.00000000000000000 ) ) ;
#2971 = EDGE_CURVE ( 'NONE', #2361, #1202, #656, .T. ) ;
#2972 = FACE_OUTER_BOUND ( 'NONE', #567, .T. ) ;
#2973 = LINE ( 'NONE', #2726, #878 ) ;
#2974 =( BOUNDED_CURVE ( )  B_SPLINE_CURVE ( 3, ( #2421, #1209, #2170, #2495 ),
 .UNSPECIFIED., .F., .T. ) 
 B_SPLINE_CURVE_WITH_KNOTS ( ( 4, 4 ),
 ( 1.570796326794896558, 3.141592653589793116 ),
 .UNSPECIFIED. ) 
 CURVE ( )  GEOMETRIC_REPRESENTATION_ITEM ( )  RATIONAL_B_SPLINE_CURVE ( ( 1.000000000000000000, 0.8047378541243649375, 0.8047378541243649375, 1.000000000000000000 ) ) 
 REPRESENTATION_ITEM ( '' )  );
#2975 = LINE ( 'NONE', #1307, #3151 ) ;
#2976 = DIRECTION ( 'NONE',  ( 0.000000000000000000, -1.000000000000000000, 0.000000000000000000 ) ) ;
#2977 = ORIENTED_EDGE ( 'NONE', *, *, #1050, .T. ) ;
#2978 = EDGE_CURVE ( 'NONE', #2065, #2392, #1830, .T. ) ;
#2979 = CARTESIAN_POINT ( 'NONE',  ( -64.00000000000000000, 18.00000000000000000, 70.00000000000000000 ) ) ;
#2980 = ORIENTED_EDGE ( 'NONE', *, *, #1695, .F. ) ;
#2981 = CARTESIAN_POINT ( 'NONE',  ( -65.00000000000000000, 1.000000000000000000, 69.00000000000000000 ) ) ;
#2982 = CARTESIAN_POINT ( 'NONE',  ( -0.000000000000000000, 48.09090909090908639, 66.00000000000000000 ) ) ;
#2983 = CARTESIAN_POINT ( 'NONE',  ( -22.75000000000002842, 9.000000000000000000, 68.00000000000000000 ) ) ;
#2984 = ADVANCED_FACE ( 'NONE', ( #830 ), #2246, .T. ) ;
#2985 = CIRCLE ( 'NONE', #22, 2.674999999999996714 ) ;
#2986 = CARTESIAN_POINT ( 'NONE',  ( -65.00000000000000000, 1.000000000000000000, 0.000000000000000000 ) ) ;
#2987 = DIRECTION ( 'NONE',  ( 0.000000000000000000, 0.000000000000000000, 1.000000000000000000 ) ) ;
#2988 = CARTESIAN_POINT ( 'NONE',  ( -46.99999999999999289, 1.000000000000000888, 69.00000000000000000 ) ) ;
#2989 = VECTOR ( 'NONE', #929, 1000.000000000000000 ) ;
#2990 = VECTOR ( 'NONE', #2666, 1000.000000000000000 ) ;
#2991 = CARTESIAN_POINT ( 'NONE',  ( -35.00000000000002132, 1.999999999999999112, 48.00000000000000000 ) ) ;
#2992 = VERTEX_POINT ( 'NONE', #1774 ) ;
#2993 = AXIS2_PLACEMENT_3D ( 'NONE', #1092, #1553, #593 ) ;
#2994 = AXIS2_PLACEMENT_3D ( 'NONE', #1439, #2123, #3126 ) ;
#2995 = DIRECTION ( 'NONE',  ( 0.000000000000000000, 0.000000000000000000, -1.000000000000000000 ) ) ;
#2996 = ORIENTED_EDGE ( 'NONE', *, *, #764, .F. ) ;
#2997 = DIRECTION ( 'NONE',  ( 0.000000000000000000, 0.000000000000000000, 1.000000000000000000 ) ) ;
#2998 = CIRCLE ( 'NONE', #2366, 1.050000000000002265 ) ;
#2999 = FACE_OUTER_BOUND ( 'NONE', #1512, .T. ) ;
#3000 = AXIS2_PLACEMENT_3D ( 'NONE', #97, #74, #1395 ) ;
#3001 = CYLINDRICAL_SURFACE ( 'NONE', #1193, 1.000000000000000888 ) ;
#3002 = LINE ( 'NONE', #1769, #1000 ) ;
#3003 = LINE ( 'NONE', #2771, #2038 ) ;
#3004 = DIRECTION ( 'NONE',  ( 1.000000000000000000, 0.000000000000000000, -0.000000000000000000 ) ) ;
#3005 = ORIENTED_EDGE ( 'NONE', *, *, #2300, .T. ) ;
#3006 = DIRECTION ( 'NONE',  ( 0.000000000000000000, 0.000000000000000000, 1.000000000000000000 ) ) ;
#3007 = PLANE ( 'NONE',  #449 ) ;
#3008 = ORIENTED_EDGE ( 'NONE', *, *, #1577, .T. ) ;
#3009 = CARTESIAN_POINT ( 'NONE',  ( 44.00000000000000711, 28.99999999999999645, 23.00000000000000000 ) ) ;
#3010 = DIRECTION ( 'NONE',  ( 0.8660254037844384856, -0.000000000000000000, -0.5000000000000004441 ) ) ;
#3011 = DIRECTION ( 'NONE',  ( -0.000000000000000000, 1.000000000000000000, -0.000000000000000000 ) ) ;
#3012 = EDGE_CURVE ( 'NONE', #294, #2488, #543, .T. ) ;
#3013 = DIRECTION ( 'NONE',  ( -0.000000000000000000, -1.000000000000000000, -0.000000000000000000 ) ) ;
#3014 = DIRECTION ( 'NONE',  ( -1.000000000000000000, -0.000000000000000000, -0.000000000000000000 ) ) ;
#3015 = CARTESIAN_POINT ( 'NONE',  ( -23.99999999999999289, 0.000000000000000000, 10.61769145362397637 ) ) ;
#3016 = EDGE_CURVE ( 'NONE', #2106, #2835, #2536, .T. ) ;
#3017 = ORIENTED_EDGE ( 'NONE', *, *, #1829, .F. ) ;
#3018 = ORIENTED_EDGE ( 'NONE', *, *, #2402, .F. ) ;
#3019 = CARTESIAN_POINT ( 'NONE',  ( -26.70000000000000284, 10.00000000000000000, 9.058845726811982857 ) ) ;
#3020 = EDGE_LOOP ( 'NONE', ( #971, #1319, #828 ) ) ;
#3021 = PLANE ( 'NONE',  #140 ) ;
#3022 = CARTESIAN_POINT ( 'NONE',  ( 44.00000000000002842, 1.000000000000000000, 67.00000000000000000 ) ) ;
#3023 = AXIS2_PLACEMENT_3D ( 'NONE', #613, #1369, #2850 ) ;
#3024 = FACE_BOUND ( 'NONE', #1684, .T. ) ;
#3025 = DIRECTION ( 'NONE',  ( -0.000000000000000000, 1.000000000000000000, -0.000000000000000000 ) ) ;
#3026 = SPHERICAL_SURFACE ( 'NONE', #1658, 1.000000000000000000 ) ;
#3027 = ADVANCED_FACE ( 'NONE', ( #537 ), #2271, .T. ) ;
#3028 = VECTOR ( 'NONE', #290, 1000.000000000000000 ) ;
#3029 = ADVANCED_FACE ( 'NONE', ( #512 ), #2494, .F. ) ;
#3030 = DIRECTION ( 'NONE',  ( 0.000000000000000000, 0.000000000000000000, 1.000000000000000000 ) ) ;
#3031 = VERTEX_POINT ( 'NONE', #2547 ) ;
#3032 = VECTOR ( 'NONE', #750, 1000.000000000000000 ) ;
#3033 = DIRECTION ( 'NONE',  ( 0.000000000000000000, 1.000000000000000000, -0.000000000000000000 ) ) ;
#3034 = ORIENTED_EDGE ( 'NONE', *, *, #577, .T. ) ;
#3035 = DIRECTION ( 'NONE',  ( 0.000000000000000000, 0.000000000000000000, -1.000000000000000000 ) ) ;
#3036 = LINE ( 'NONE', #1974, #1986 ) ;
#3037 = AXIS2_PLACEMENT_3D ( 'NONE', #2794, #358, #3065 ) ;
#3038 = VERTEX_POINT ( 'NONE', #2226 ) ;
#3039 = DIRECTION ( 'NONE',  ( -0.000000000000000000, -1.000000000000000000, 0.000000000000000000 ) ) ;
#3040 = ADVANCED_FACE ( 'NONE', ( #575 ), #3026, .T. ) ;
#3042 = AXIS2_PLACEMENT_3D ( 'NONE', #1861, #1623, #1809 ) ;
#3041 = CARTESIAN_POINT ( 'NONE',  ( -23.99999999999999645, 0.000000000000000000, 4.382308546376015634 ) ) ;
#3043 = ORIENTED_EDGE ( 'NONE', *, *, #2404, .T. ) ;
#3044 = VECTOR ( 'NONE', #1791, 999.9999999999998863 ) ;
#3045 = LINE ( 'NONE', #2803, #2158 ) ;
#3046 = DIRECTION ( 'NONE',  ( -1.000000000000000000, 0.000000000000000000, -0.000000000000000000 ) ) ;
#3047 = PRODUCT_DEFINITION_FORMATION_WITH_SPECIFIED_SOURCE ( 'ANY', '', #1204, .NOT_KNOWN. ) ;
#3048 = CARTESIAN_POINT ( 'NONE',  ( -46.00000000000000000, 9.999999999999998224, 24.00000000000000000 ) ) ;
#3049 = ORIENTED_EDGE ( 'NONE', *, *, #2827, .F. ) ;
#3050 = EDGE_CURVE ( 'NONE', #109, #1062, #2015, .T. ) ;
#3051 = FACE_OUTER_BOUND ( 'NONE', #1891, .T. ) ;
#3052 = CARTESIAN_POINT ( 'NONE',  ( 44.00000000000000711, 27.99999999999999645, 24.00000000000000000 ) ) ;
#3053 = ORIENTED_EDGE ( 'NONE', *, *, #1653, .T. ) ;
#3054 = LINE ( 'NONE', #491, #2346 ) ;
#3055 = ORIENTED_EDGE ( 'NONE', *, *, #1075, .T. ) ;
#3056 = CYLINDRICAL_SURFACE ( 'NONE', #2777, 2.674999999999996714 ) ;
#3057 = CARTESIAN_POINT ( 'NONE',  ( -46.99999999999999289, 8.000000000000000000, 69.00000000000000000 ) ) ;
#3058 = EDGE_LOOP ( 'NONE', ( #2009, #2810, #365, #104 ) ) ;
#3059 = EDGE_CURVE ( 'NONE', #384, #671, #275, .T. ) ;
#3060 = LINE ( 'NONE', #2322, #2363 ) ;
#3061 = CARTESIAN_POINT ( 'NONE',  ( 44.00000000000000711, 10.00000000000000000, 13.99999999999998401 ) ) ;
#3062 = CARTESIAN_POINT ( 'NONE',  ( 44.00000000000000711, 1.000000000000000888, 14.99999999999998757 ) ) ;
#3063 = EDGE_LOOP ( 'NONE', ( #2886, #1916, #434, #2996 ) ) ;
#3064 = MANIFOLD_SOLID_BREP ( 'ÇÊ·¿7', #981 ) ;
#3065 = DIRECTION ( 'NONE',  ( 0.000000000000000000, 0.000000000000000000, -1.000000000000000000 ) ) ;
#3066 = ORIENTED_EDGE ( 'NONE', *, *, #1695, .T. ) ;
#3067 = CARTESIAN_POINT ( 'NONE',  ( -44.00000000000000000, 9.000000000000000000, 1.000000000000000888 ) ) ;
#3068 = EDGE_LOOP ( 'NONE', ( #1149, #454, #751, #2829 ) ) ;
#3069 = CARTESIAN_POINT ( 'NONE',  ( -47.00000000000000000, 9.999999999999998224, 24.00000000000000000 ) ) ;
#3070 = VERTEX_POINT ( 'NONE', #760 ) ;
#3071 = CARTESIAN_POINT ( 'NONE',  ( 45.00000000000000711, 0.9999999999999991118, 14.99999999999998757 ) ) ;
#3072 = CARTESIAN_POINT ( 'NONE',  ( 4.102404735808354630, 28.99999999999999645, -7.105573435631251655 ) ) ;
#3073 = ORIENTED_EDGE ( 'NONE', *, *, #2042, .F. ) ;
#3074 = EDGE_CURVE ( 'NONE', #2497, #2065, #3, .T. ) ;
#3075 = CARTESIAN_POINT ( 'NONE',  ( 44.00000000000002842, 0.000000000000000000, 67.00000000000000000 ) ) ;
#3076 = CARTESIAN_POINT ( 'NONE',  ( -47.00000000000000000, 9.999999999999998224, 24.00000000000000000 ) ) ;
#3077 = ADVANCED_FACE ( 'NONE', ( #2770 ), #2485, .F. ) ;
#3078 = EDGE_LOOP ( 'NONE', ( #333, #3171, #382, #2284 ) ) ;
#3079 = VECTOR ( 'NONE', #1572, 1000.000000000000000 ) ;
#3080 = ADVANCED_FACE ( 'NONE', ( #2508 ), #56, .F. ) ;
#3081 = VECTOR ( 'NONE', #1186, 1000.000000000000000 ) ;
#3082 = PLANE ( 'NONE',  #826 ) ;
#3083 = DIRECTION ( 'NONE',  ( 0.4999999999999998335, 0.000000000000000000, -0.8660254037844388186 ) ) ;
#3084 = CIRCLE ( 'NONE', #2939, 1.050000000000002265 ) ;
#3085 = ORIENTED_EDGE ( 'NONE', *, *, #3106, .T. ) ;
#3086 = CARTESIAN_POINT ( 'NONE',  ( 22.75000000000002842, 48.35736229804491870, 66.58619705569881830 ) ) ;
#3087 = EDGE_LOOP ( 'NONE', ( #2854, #2431, #2935, #1935, #1491, #2041, #1991, #918 ) ) ;
#3088 = FACE_BOUND ( 'NONE', #1707, .T. ) ;
#3089 = AXIS2_PLACEMENT_3D ( 'NONE', #1436, #937, #1909 ) ;
#3090 = ORIENTED_EDGE ( 'NONE', *, *, #99, .F. ) ;
#3091 = CARTESIAN_POINT ( 'NONE',  ( -44.00000000000000000, 27.99999999999999645, 23.00000000000000000 ) ) ;
#3092 = ADVANCED_FACE ( 'NONE', ( #1975 ), #1987, .T. ) ;
#3093 = EDGE_LOOP ( 'NONE', ( #1003, #1855, #370, #1326 ) ) ;
#3094 = VECTOR ( 'NONE', #2560, 1000.000000000000000 ) ;
#3095 = CARTESIAN_POINT ( 'NONE',  ( -47.99999999999999289, 1.000000000000000000, 70.00000000000000000 ) ) ;
#3096 = FACE_OUTER_BOUND ( 'NONE', #1540, .T. ) ;
#3097 = ORIENTED_EDGE ( 'NONE', *, *, #2902, .T. ) ;
#3098 = AXIS2_PLACEMENT_3D ( 'NONE', #3041, #1114, #586 ) ;
#3099 = CARTESIAN_POINT ( 'NONE',  ( 22.75000000000002842, 9.000000000000000000, 66.00000000000000000 ) ) ;
#3100 = ADVANCED_FACE ( 'NONE', ( #2972 ), #1042, .F. ) ;
#3101 = LINE ( 'NONE', #1159, #886 ) ;
#3102 = ADVANCED_FACE ( 'NONE', ( #1739 ), #2725, .T. ) ;
#3103 = DIRECTION ( 'NONE',  ( -0.000000000000000000, -1.000000000000000000, -0.000000000000000000 ) ) ;
#3104 = ORIENTED_EDGE ( 'NONE', *, *, #2079, .F. ) ;
#3105 = CARTESIAN_POINT ( 'NONE',  ( -9.000000000000000000, 0.000000000000000000, 41.99999999999999289 ) ) ;
#3106 = EDGE_CURVE ( 'NONE', #3070, #3184, #735, .T. ) ;
#3107 = VERTEX_POINT ( 'NONE', #289 ) ;
#3108 = LINE ( 'NONE', #331, #247 ) ;
#3109 = VERTEX_POINT ( 'NONE', #26 ) ;
#3110 = EDGE_CURVE ( 'NONE', #483, #2427, #3002, .T. ) ;
#3111 = ORIENTED_EDGE ( 'NONE', *, *, #469, .F. ) ;
#3112 = DIRECTION ( 'NONE',  ( 0.000000000000000000, 1.000000000000000000, 0.000000000000000000 ) ) ;
#3113 = CARTESIAN_POINT ( 'NONE',  ( -22.75000000000004263, 47.44699582058231613, 68.00000000000000000 ) ) ;
#3114 = ORIENTED_EDGE ( 'NONE', *, *, #2212, .F. ) ;
#3115 = APPROVAL ( #2417, 'UNSPECIFIED' ) ;
#3116 = EDGE_CURVE ( 'NONE', #109, #423, #2258, .T. ) ;
#3117 = FACE_OUTER_BOUND ( 'NONE', #3063, .T. ) ;
#3118 = FACE_OUTER_BOUND ( 'NONE', #2568, .T. ) ;
#3119 = CARTESIAN_POINT ( 'NONE',  ( 44.00000000000000000, 9.000000000000000000, 0.9999999999999837907 ) ) ;
#3120 = VERTEX_POINT ( 'NONE', #1844 ) ;
#3121 = ADVANCED_FACE ( 'NONE', ( #127 ), #604, .F. ) ;
#3122 = ORIENTED_EDGE ( 'NONE', *, *, #2727, .T. ) ;
#3123 = DIRECTION ( 'NONE',  ( 0.000000000000000000, 0.000000000000000000, 1.000000000000000000 ) ) ;
#3124 = VERTEX_POINT ( 'NONE', #2612 ) ;
#3125 = ORIENTED_EDGE ( 'NONE', *, *, #2245, .F. ) ;
#3126 = DIRECTION ( 'NONE',  ( 1.000000000000000000, 0.000000000000000000, 0.000000000000000000 ) ) ;
#3127 = LINE ( 'NONE', #1441, #1853 ) ;
#3128 = CARTESIAN_POINT ( 'NONE',  ( 22.75000000000002842, 9.000000000000000000, 24.00000000000000000 ) ) ;
#3129 = ORIENTED_EDGE ( 'NONE', *, *, #2657, .T. ) ;
#3130 = DIRECTION ( 'NONE',  ( 0.000000000000000000, 1.000000000000000000, 0.000000000000000000 ) ) ;
#3131 = DIRECTION ( 'NONE',  ( -3.154042683594195614E-16, 0.000000000000000000, -1.000000000000000000 ) ) ;
#3132 = DIRECTION ( 'NONE',  ( -0.5773502691896276184, 0.5773502691896228445, 0.5773502691896268413 ) ) ;
#3133 = CIRCLE ( 'NONE', #544, 1.000000000000000888 ) ;
#3134 = DIRECTION ( 'NONE',  ( 3.154042683594195121E-16, 0.000000000000000000, 1.000000000000000000 ) ) ;
#3135 = VERTEX_POINT ( 'NONE', #1361 ) ;
#3136 = AXIS2_PLACEMENT_3D ( 'NONE', #288, #554, #2483 ) ;
#3137 = ORIENTED_EDGE ( 'NONE', *, *, #669, .F. ) ;
#3138 = FACE_OUTER_BOUND ( 'NONE', #2871, .T. ) ;
#3139 = ORIENTED_EDGE ( 'NONE', *, *, #1152, .T. ) ;
#3140 = CIRCLE ( 'NONE', #989, 1.000000000000000888 ) ;
#3141 = ORIENTED_EDGE ( 'NONE', *, *, #2914, .F. ) ;
#3142 = CARTESIAN_POINT ( 'NONE',  ( 0.000000000000000000, 0.000000000000000000, 66.00000000000000000 ) ) ;
#3143 = EDGE_CURVE ( 'NONE', #160, #957, #1119, .T. ) ;
#3145 = VECTOR ( 'NONE', #2187, 1000.000000000000000 ) ;
#3144 = FACE_OUTER_BOUND ( 'NONE', #2455, .T. ) ;
#3146 = CARTESIAN_POINT ( 'NONE',  ( -45.00000000000000000, 8.999999999999991118, 13.99999999999999822 ) ) ;
#3147 = PERSON_AND_ORGANIZATION ( #2376, #2482 ) ;
#3148 = ORIENTED_EDGE ( 'NONE', *, *, #1682, .T. ) ;
#3149 = AXIS2_PLACEMENT_3D ( 'NONE', #2171, #1176, #2423 ) ;
#3150 = DIRECTION ( 'NONE',  ( -0.000000000000000000, 1.000000000000000000, -0.000000000000000000 ) ) ;
#3151 = VECTOR ( 'NONE', #2439, 1000.000000000000000 ) ;
#3152 = DIRECTION ( 'NONE',  ( -7.295189183284983628E-32, 1.000000000000000000, -1.734723475976807094E-16 ) ) ;
#3153 = LINE ( 'NONE', #952, #85 ) ;
#3154 = VECTOR ( 'NONE', #1074, 1000.000000000000000 ) ;
#3155 = DIRECTION ( 'NONE',  ( 0.000000000000000000, 0.000000000000000000, 1.000000000000000000 ) ) ;
#3156 = ORIENTED_EDGE ( 'NONE', *, *, #57, .T. ) ;
#3157 =( GEOMETRIC_REPRESENTATION_CONTEXT ( 3 ) GLOBAL_UNCERTAINTY_ASSIGNED_CONTEXT ( ( #2808 ) ) GLOBAL_UNIT_ASSIGNED_CONTEXT ( ( #2860, #859, #149 ) ) REPRESENTATION_CONTEXT ( 'NONE', 'WORKASPACE' ) );
#3158 = VERTEX_POINT ( 'NONE', #626 ) ;
#3159 = LINE ( 'NONE', #420, #2248 ) ;
#3160 = ORIENTED_EDGE ( 'NONE', *, *, #2853, .T. ) ;
#3161 = ORIENTED_EDGE ( 'NONE', *, *, #979, .F. ) ;
#3162 = DIRECTION ( 'NONE',  ( 1.577021341797097314E-16, 0.000000000000000000, 1.000000000000000000 ) ) ;
#3163 = DIRECTION ( 'NONE',  ( 0.000000000000000000, 0.000000000000000000, -1.000000000000000000 ) ) ;
#3164 = COORDINATED_UNIVERSAL_TIME_OFFSET ( 9, 0, .AHEAD. ) ;
#3165 = VERTEX_POINT ( 'NONE', #898 ) ;
#3166 = ADVANCED_FACE ( 'NONE', ( #2360 ), #388, .T. ) ;
#3167 = CARTESIAN_POINT ( 'NONE',  ( 9.000000000000015987, 0.000000000000000000, 41.99999999999998579 ) ) ;
#3168 = DIRECTION ( 'NONE',  ( 0.000000000000000000, 1.000000000000000000, -0.000000000000000000 ) ) ;
#3169 = SPHERICAL_SURFACE ( 'NONE', #1201, 1.000000000000000000 ) ;
#3170 = CARTESIAN_POINT ( 'NONE',  ( -9.000000000000000000, 0.000000000000000000, 41.99999999999999289 ) ) ;
#3171 = ORIENTED_EDGE ( 'NONE', *, *, #464, .F. ) ;
#3172 = CARTESIAN_POINT ( 'NONE',  ( 45.00000000000000000, 9.000000000000000000, 0.9999999999999870104 ) ) ;
#3173 = ORIENTED_EDGE ( 'NONE', *, *, #1354, .F. ) ;
#3174 = ORIENTED_EDGE ( 'NONE', *, *, #2667, .T. ) ;
#3175 = CARTESIAN_POINT ( 'NONE',  ( 44.00000000000000711, 0.000000000000000000, 14.99999999999998579 ) ) ;
#3176 = DIRECTION ( 'NONE',  ( 0.000000000000000000, 0.000000000000000000, 1.000000000000000000 ) ) ;
#3177 = COORDINATED_UNIVERSAL_TIME_OFFSET ( 9, 0, .AHEAD. ) ;
#3178 = ORIENTED_EDGE ( 'NONE', *, *, #2940, .T. ) ;
#3179 = CARTESIAN_POINT ( 'NONE',  ( 0.000000000000000000, 0.000000000000000000, 70.00000000000000000 ) ) ;
#3180 = EDGE_CURVE ( 'NONE', #2321, #159, #1552, .T. ) ;
#3181 = CARTESIAN_POINT ( 'NONE',  ( -65.00000000000000000, 9.000000000000000000, 24.00000000000000000 ) ) ;
#3182 = DIRECTION ( 'NONE',  ( -1.000000000000000000, 0.000000000000000000, 1.734723475976807094E-16 ) ) ;
#3183 = CIRCLE ( 'NONE', #281, 0.9999999999999991118 ) ;
#3184 = VERTEX_POINT ( 'NONE', #1343 ) ;
#3185 = DIRECTION ( 'NONE',  ( 0.7071067811865505703, -0.7071067811865444641, -1.060031841390734438E-30 ) ) ;
#3186 = ORIENTED_EDGE ( 'NONE', *, *, #542, .F. ) ;
#3187 = ORIENTED_EDGE ( 'NONE', *, *, #894, .F. ) ;
#3188 = DIRECTION ( 'NONE',  ( 3.154042683594195614E-16, 0.000000000000000000, 1.000000000000000000 ) ) ;
#3189 = AXIS2_PLACEMENT_3D ( 'NONE', #72, #3046, #843 ) ;
#3190 = DIRECTION ( 'NONE',  ( 1.000000000000000000, 0.000000000000000000, 0.000000000000000000 ) ) ;
#3191 = VECTOR ( 'NONE', #1715, 1000.000000000000000 ) ;
#3192 = PERSON_AND_ORGANIZATION ( #2376, #2482 ) ;
#3193 = VERTEX_POINT ( 'NONE', #339 ) ;
#3194 = AXIS2_PLACEMENT_3D ( 'NONE', #616, #568, #1559 ) ;
#3195 = CYLINDRICAL_SURFACE ( 'NONE', #2722, 1.000000000000000888 ) ;
#3196 = CARTESIAN_POINT ( 'NONE',  ( 21.25000000000000000, 27.99999999999999645, 12.99999999999999467 ) ) ;
#3197 = AXIS2_PLACEMENT_3D ( 'NONE', #1167, #2655, #439 ) ;
#3198 = AXIS2_PLACEMENT_3D ( 'NONE', #1648, #630, #2865 ) ;
#3199 = DIRECTION ( 'NONE',  ( -4.205390244792259339E-16, 0.000000000000000000, -1.000000000000000000 ) ) ;
#3200 = CIRCLE ( 'NONE', #1603, 2.674999999999996714 ) ;
#3201 = ORIENTED_EDGE ( 'NONE', *, *, #385, .F. ) ;
#3202 = DIRECTION ( 'NONE',  ( 1.000000000000000000, -0.000000000000000000, -0.000000000000000000 ) ) ;
#3203 = ORIENTED_EDGE ( 'NONE', *, *, #1902, .F. ) ;
#3204 = VECTOR ( 'NONE', #800, 1000.000000000000000 ) ;
#3205 = DIRECTION ( 'NONE',  ( 0.000000000000000000, 1.000000000000000000, -0.000000000000000000 ) ) ;
#3206 = ORIENTED_EDGE ( 'NONE', *, *, #932, .T. ) ;
#3207 = LINE ( 'NONE', #534, #1846 ) ;
#3208 = DIRECTION ( 'NONE',  ( 0.000000000000000000, 0.000000000000000000, 1.000000000000000000 ) ) ;
#3209 = DIRECTION ( 'NONE',  ( 0.000000000000000000, 0.000000000000000000, 1.000000000000000000 ) ) ;
ENDSEC;
END-ISO-10303-21;
