ISO-10303-21;
HEADER;
FILE_DESCRIPTION (( 'STEP AP203' ),
    '1' );
FILE_NAME ('upper_R.STEP',
    '2026-06-26T14:33:03',
    ( '' ),
    ( '' ),
    'SwSTEP 2.0',
    'SolidWorks 2021',
    '' );
FILE_SCHEMA (( 'CONFIG_CONTROL_DESIGN' ));
ENDSEC;

DATA;
#1 = EDGE_LOOP ( 'NONE', ( #1501, #1181, #298, #1792 ) ) ;
#2 = ADVANCED_FACE ( 'NONE', ( #1179 ), #1196, .T. ) ;
#3 = CYLINDRICAL_SURFACE ( 'NONE', #1720, 1.000000000000000888 ) ;
#4 = ORIENTED_EDGE ( 'NONE', *, *, #975, .T. ) ;
#5 = FACE_OUTER_BOUND ( 'NONE', #1429, .T. ) ;
#6 = AXIS2_PLACEMENT_3D ( 'NONE', #982, #832, #678 ) ;
#7 = DIRECTION ( 'NONE',  ( 0.000000000000000000, 0.000000000000000000, 1.000000000000000000 ) ) ;
#8 = AXIS2_PLACEMENT_3D ( 'NONE', #384, #217, #769 ) ;
#9 = FACE_BOUND ( 'NONE', #1621, .T. ) ;
#10 = ORIENTED_EDGE ( 'NONE', *, *, #1435, .T. ) ;
#11 = CARTESIAN_POINT ( 'NONE',  ( -35.91461611834290579, 1.000000000000000000, -50.40672632939770637 ) ) ;
#12 = EDGE_CURVE ( 'NONE', #1050, #304, #198, .T. ) ;
#13 = ORIENTED_EDGE ( 'NONE', *, *, #118, .F. ) ;
#14 = LINE ( 'NONE', #299, #231 ) ;
#15 = DIRECTION ( 'NONE',  ( 0.000000000000000000, 1.000000000000000000, -0.000000000000000000 ) ) ;
#16 = CARTESIAN_POINT ( 'NONE',  ( -44.91355004951819296, 5.000000000000000000, -30.19417566760542826 ) ) ;
#17 = ORIENTED_EDGE ( 'NONE', *, *, #762, .T. ) ;
#18 = CARTESIAN_POINT ( 'NONE',  ( 35.40779239822244762, 0.000000000000000000, -49.08644995048182125 ) ) ;
#19 = ORIENTED_EDGE ( 'NONE', *, *, #1057, .F. ) ;
#20 = CC_DESIGN_DATE_AND_TIME_ASSIGNMENT ( #691, #1258, ( #679 ) ) ;
#21 = LINE ( 'NONE', #985, #414 ) ;
#22 = VECTOR ( 'NONE', #1032, 1000.000000000000000 ) ;
#23 = CARTESIAN_POINT ( 'NONE',  ( 44.00000000000000000, 5.000000000000000000, -8.023096076392732812E-15 ) ) ;
#24 = ADVANCED_FACE ( 'NONE', ( #1210 ), #1497, .T. ) ;
#25 = CIRCLE ( 'NONE', #1443, 0.9999999999999997780 ) ;
#26 = DIRECTION ( 'NONE',  ( -0.000000000000000000, -1.000000000000000000, -0.000000000000000000 ) ) ;
#27 = ORIENTED_EDGE ( 'NONE', *, *, #845, .F. ) ;
#28 = CYLINDRICAL_SURFACE ( 'NONE', #1425, 2.724999999999994760 ) ;
#29 = ORIENTED_EDGE ( 'NONE', *, *, #627, .T. ) ;
#30 = DIRECTION ( 'NONE',  ( 1.000000000000000000, 0.000000000000000000, 0.000000000000000000 ) ) ;
#31 = CARTESIAN_POINT ( 'NONE',  ( -35.91461611834290579, 1.000000000000000000, -50.40672632939770637 ) ) ;
#32 = EDGE_CURVE ( 'NONE', #629, #312, #240, .T. ) ;
#33 = DIRECTION ( 'NONE',  ( 1.000000000000000000, -0.000000000000000000, -6.938893903907221278E-15 ) ) ;
#34 = VECTOR ( 'NONE', #398, 1000.000000000000000 ) ;
#35 = ORIENTED_EDGE ( 'NONE', *, *, #292, .T. ) ;
#36 = CARTESIAN_POINT ( 'NONE',  ( -44.00000000000000000, 1.000000000000000000, -0.9999999999999920064 ) ) ;
#37 = ORIENTED_EDGE ( 'NONE', *, *, #1763, .T. ) ;
#38 = DIRECTION ( 'NONE',  ( 0.000000000000000000, 0.000000000000000000, -1.000000000000000000 ) ) ;
#39 = DIRECTION ( 'NONE',  ( 0.000000000000000000, 3.469446951953613794E-15, -1.000000000000000000 ) ) ;
#40 = CARTESIAN_POINT ( 'NONE',  ( -47.78921188519053231, 5.000000000000000000, -21.27648150763535284 ) ) ;
#41 = EDGE_CURVE ( 'NONE', #1461, #981, #757, .T. ) ;
#42 = ORIENTED_EDGE ( 'NONE', *, *, #1122, .T. ) ;
#43 = CARTESIAN_POINT ( 'NONE',  ( 0.000000000000000000, 0.000000000000000000, -23.00000000000000000 ) ) ;
#44 = ORIENTED_EDGE ( 'NONE', *, *, #1110, .F. ) ;
#45 = LINE ( 'NONE', #193, #1330 ) ;
#46 = DIRECTION ( 'NONE',  ( -0.9135500495181785308, 0.000000000000000000, -0.4067263293977093075 ) ) ;
#47 = VECTOR ( 'NONE', #121, 1000.000000000000000 ) ;
#48 = CC_DESIGN_APPROVAL ( #1561, ( #1145 ) ) ;
#49 = DIRECTION ( 'NONE',  ( 0.000000000000000000, -1.000000000000000000, 0.000000000000000000 ) ) ;
#50 = VECTOR ( 'NONE', #1700, 1000.000000000000114 ) ;
#51 = ORIENTED_EDGE ( 'NONE', *, *, #531, .T. ) ;
#52 = EDGE_CURVE ( 'NONE', #201, #1779, #1569, .T. ) ;
#53 = DIRECTION ( 'NONE',  ( 0.000000000000000000, 0.000000000000000000, -1.000000000000000000 ) ) ;
#54 = ORIENTED_EDGE ( 'NONE', *, *, #935, .F. ) ;
#55 = ADVANCED_FACE ( 'NONE', ( #1187 ), #228, .T. ) ;
#56 = FACE_BOUND ( 'NONE', #406, .T. ) ;
#57 = DIRECTION ( 'NONE',  ( 0.8660254037844385966, 0.000000000000000000, 0.5000000000000001110 ) ) ;
#58 = LINE ( 'NONE', #1186, #1801 ) ;
#59 = AXIS2_PLACEMENT_3D ( 'NONE', #1074, #1515, #782 ) ;
#60 = DIRECTION ( 'NONE',  ( 0.000000000000000000, 1.000000000000000000, 0.000000000000000000 ) ) ;
#61 = AXIS2_PLACEMENT_3D ( 'NONE', #1220, #917, #1060 ) ;
#62 = CARTESIAN_POINT ( 'NONE',  ( 45.00000000000000000, 1.000000000000000000, -29.78744933820776808 ) ) ;
#63 = ORIENTED_EDGE ( 'NONE', *, *, #834, .F. ) ;
#64 = VERTEX_POINT ( 'NONE', #1786 ) ;
#65 = DIRECTION ( 'NONE',  ( 0.000000000000000000, 1.000000000000000000, -0.000000000000000000 ) ) ;
#66 = ADVANCED_FACE ( 'NONE', ( #939 ), #791, .T. ) ;
#67 = DIRECTION ( 'NONE',  ( 0.4067263293977093075, -3.169513434757917557E-14, 0.9135500495181784197 ) ) ;
#68 = CARTESIAN_POINT ( 'NONE',  ( -36.54091200297977338, -27.00000000000000000, -49.00000000000000000 ) ) ;
#69 = CARTESIAN_POINT ( 'NONE',  ( -19.38220495501818164, 5.000000000000000000, -33.57096374480470757 ) ) ;
#70 = DIRECTION ( 'NONE',  ( 0.000000000000000000, 0.000000000000000000, 1.000000000000000000 ) ) ;
#71 = VERTEX_POINT ( 'NONE', #512 ) ;
#72 = VERTEX_POINT ( 'NONE', #382 ) ;
#73 = DIRECTION ( 'NONE',  ( 0.000000000000000000, 0.000000000000000000, -1.000000000000000000 ) ) ;
#74 = LINE ( 'NONE', #519, #904 ) ;
#75 = CARTESIAN_POINT ( 'NONE',  ( -35.00000000000000000, 5.000000000000000000, -12.27500000000000391 ) ) ;
#76 = CIRCLE ( 'NONE', #1116, 1.000000000000000000 ) ;
#77 = LINE ( 'NONE', #881, #1765 ) ;
#78 = ADVANCED_FACE ( 'NONE', ( #1078 ), #361, .F. ) ;
#79 = AXIS2_PLACEMENT_3D ( 'NONE', #1056, #610, #1178 ) ;
#80 = DIRECTION ( 'NONE',  ( 0.000000000000000000, 6.938893903907222067E-15, -1.000000000000000000 ) ) ;
#81 = VECTOR ( 'NONE', #887, 1000.000000000000000 ) ;
#82 = DIRECTION ( 'NONE',  ( 0.000000000000000000, 1.000000000000000000, -0.000000000000000000 ) ) ;
#83 = ORIENTED_EDGE ( 'NONE', *, *, #1015, .F. ) ;
#84 = ORIENTED_EDGE ( 'NONE', *, *, #252, .T. ) ;
#85 = DIRECTION ( 'NONE',  ( -0.4067263293977093075, 0.000000000000000000, 0.9135500495181784197 ) ) ;
#86 = ORIENTED_EDGE ( 'NONE', *, *, #682, .F. ) ;
#87 = LINE ( 'NONE', #1086, #492 ) ;
#88 = DIRECTION ( 'NONE',  ( 0.000000000000000000, 0.000000000000000000, -1.000000000000000000 ) ) ;
#89 = EDGE_CURVE ( 'NONE', #1199, #1766, #1646, .T. ) ;
#90 = DIRECTION ( 'NONE',  ( -0.9135500495181785308, 0.000000000000000000, 0.4067263293977093075 ) ) ;
#91 = DIRECTION ( 'NONE',  ( 0.000000000000000000, 1.000000000000000000, 0.000000000000000000 ) ) ;
#92 = ORIENTED_EDGE ( 'NONE', *, *, #1122, .F. ) ;
#93 = ORIENTED_EDGE ( 'NONE', *, *, #1308, .T. ) ;
#94 = AXIS2_PLACEMENT_3D ( 'NONE', #695, #1244, #824 ) ;
#95 = CARTESIAN_POINT ( 'NONE',  ( -35.00000000000000000, 5.000000000000000000, -15.00000000000000000 ) ) ;
#96 = VERTEX_POINT ( 'NONE', #897 ) ;
#97 = CARTESIAN_POINT ( 'NONE',  ( 26.70000000000000995, -27.00000000000000000, -53.94115427318801181 ) ) ;
#98 = CARTESIAN_POINT ( 'NONE',  ( -35.40779239822242630, -27.00000000000000000, -49.08644995048182125 ) ) ;
#99 = PERSON_AND_ORGANIZATION ( #1654, #227 ) ;
#100 = PRODUCT ( 'upper_R', 'upper_R', '', ( #671 ) ) ;
#101 = DIRECTION ( 'NONE',  ( -0.000000000000000000, -0.000000000000000000, -1.000000000000000000 ) ) ;
#102 = ADVANCED_FACE ( 'NONE', ( #1618 ), #350, .T. ) ;
#103 = DIRECTION ( 'NONE',  ( -1.000000000000000000, 0.000000000000000000, 0.000000000000000000 ) ) ;
#104 = VERTEX_POINT ( 'NONE', #1288 ) ;
#105 = ORIENTED_EDGE ( 'NONE', *, *, #1030, .F. ) ;
#106 = EDGE_CURVE ( 'NONE', #1130, #209, #609, .T. ) ;
#107 = CARTESIAN_POINT ( 'NONE',  ( 31.19833011012489266, 4.000000000000000000, -61.00000000000000000 ) ) ;
#108 = VERTEX_POINT ( 'NONE', #153 ) ;
#109 = DIRECTION ( 'NONE',  ( 0.000000000000000000, 0.000000000000000000, -1.000000000000000000 ) ) ;
#110 = CARTESIAN_POINT ( 'NONE',  ( 19.38220495501818164, 5.000000000000000000, -33.57096374480470757 ) ) ;
#111 = CARTESIAN_POINT ( 'NONE',  ( -45.00000000000001421, 1.000000000000000000, -29.78744933820771834 ) ) ;
#112 = CIRCLE ( 'NONE', #1441, 2.724999999999994760 ) ;
#113 = DIRECTION ( 'NONE',  ( 0.000000000000000000, 0.000000000000000000, 1.000000000000000000 ) ) ;
#114 = ORIENTED_EDGE ( 'NONE', *, *, #730, .F. ) ;
#115 = AXIS2_PLACEMENT_3D ( 'NONE', #969, #1228, #1539 ) ;
#116 = CARTESIAN_POINT ( 'NONE',  ( 16.68220495501817169, 5.000000000000000000, -28.89442656436881762 ) ) ;
#117 = AXIS2_PLACEMENT_3D ( 'NONE', #1236, #636, #681 ) ;
#118 = EDGE_CURVE ( 'NONE', #1035, #956, #162, .T. ) ;
#119 = ORIENTED_EDGE ( 'NONE', *, *, #879, .F. ) ;
#120 = CARTESIAN_POINT ( 'NONE',  ( 0.000000000000000000, 5.000000000000000000, -18.00000000000000000 ) ) ;
#121 = DIRECTION ( 'NONE',  ( -4.625929269271485914E-16, -0.000000000000000000, -1.000000000000000000 ) ) ;
#122 = CALENDAR_DATE ( 2026, 26, 6 ) ;
#123 = ORIENTED_EDGE ( 'NONE', *, *, #544, .F. ) ;
#124 = DIRECTION ( 'NONE',  ( 1.387778780781444413E-14, -1.000000000000000000, 0.000000000000000000 ) ) ;
#125 = ORIENTED_EDGE ( 'NONE', *, *, #773, .T. ) ;
#126 = AXIS2_PLACEMENT_3D ( 'NONE', #317, #878, #38 ) ;
#127 = EDGE_CURVE ( 'NONE', #665, #388, #1055, .T. ) ;
#128 = LINE ( 'NONE', #861, #166 ) ;
#129 = AXIS2_PLACEMENT_3D ( 'NONE', #1619, #1188, #241 ) ;
#130 = APPROVAL_STATUS ( 'not_yet_approved' ) ;
#131 = EDGE_CURVE ( 'NONE', #135, #1649, #853, .T. ) ;
#132 = SPHERICAL_SURFACE ( 'NONE', #1797, 1.000000000000000000 ) ;
#133 = ORIENTED_EDGE ( 'NONE', *, *, #223, .F. ) ;
#134 = DIRECTION ( 'NONE',  ( 0.000000000000000000, 0.000000000000000000, 1.000000000000000000 ) ) ;
#135 = VERTEX_POINT ( 'NONE', #1090 ) ;
#136 = CARTESIAN_POINT ( 'NONE',  ( 30.54891449144565385, 4.000000000000000000, -60.00000000000000000 ) ) ;
#137 = EDGE_CURVE ( 'NONE', #892, #139, #448, .T. ) ;
#138 = CARTESIAN_POINT ( 'NONE',  ( 0.000000000000000000, 5.000000000000000000, 0.000000000000000000 ) ) ;
#139 = VERTEX_POINT ( 'NONE', #1422 ) ;
#140 = AXIS2_PLACEMENT_3D ( 'NONE', #1657, #946, #1519 ) ;
#141 = DIRECTION ( 'NONE',  ( 1.000000000000000000, -0.000000000000000000, -0.000000000000000000 ) ) ;
#142 = AXIS2_PLACEMENT_3D ( 'NONE', #331, #468, #889 ) ;
#143 = ORIENTED_EDGE ( 'NONE', *, *, #338, .F. ) ;
#144 = CARTESIAN_POINT ( 'NONE',  ( -35.00000000000000000, 0.000000000000000000, -12.27500000000000391 ) ) ;
#145 = CARTESIAN_POINT ( 'NONE',  ( -47.78921188519053231, 1.000000000000000000, -21.27648150763534929 ) ) ;
#146 = CARTESIAN_POINT ( 'NONE',  ( -1.836970198721029934E-16, 0.000000000000000000, -1.000000000000000000 ) ) ;
#147 = EDGE_CURVE ( 'NONE', #150, #1514, #1119, .T. ) ;
#148 = ORIENTED_EDGE ( 'NONE', *, *, #1195, .T. ) ;
#149 = CARTESIAN_POINT ( 'NONE',  ( -31.46246454096384682, 4.000000000000000000, -60.40672632939770637 ) ) ;
#150 = VERTEX_POINT ( 'NONE', #1141 ) ;
#151 = DIRECTION ( 'NONE',  ( 0.000000000000000000, -2.775557561562888827E-14, -1.000000000000000000 ) ) ;
#152 = CIRCLE ( 'NONE', #914, 1.000000000000000888 ) ;
#153 = CARTESIAN_POINT ( 'NONE',  ( 45.00000000000000000, 4.000000000000000000, -29.78744933820776808 ) ) ;
#154 = VECTOR ( 'NONE', #191, 1000.000000000000000 ) ;
#155 = FACE_BOUND ( 'NONE', #1043, .T. ) ;
#156 = EDGE_LOOP ( 'NONE', ( #909, #1348, #761, #333, #1316, #1270 ) ) ;
#157 = EDGE_CURVE ( 'NONE', #1420, #1426, #1431, .T. ) ;
#158 = LINE ( 'NONE', #1024, #620 ) ;
#159 = ORIENTED_EDGE ( 'NONE', *, *, #1632, .F. ) ;
#160 = EDGE_CURVE ( 'NONE', #989, #175, #1692, .T. ) ;
#161 = DIRECTION ( 'NONE',  ( -0.000000000000000000, -1.000000000000000000, -0.000000000000000000 ) ) ;
#162 = LINE ( 'NONE', #577, #849 ) ;
#163 = DIRECTION ( 'NONE',  ( -0.000000000000000000, -1.000000000000000000, -0.000000000000000000 ) ) ;
#164 = ORIENTED_EDGE ( 'NONE', *, *, #596, .T. ) ;
#165 = CARTESIAN_POINT ( 'NONE',  ( -45.00000000000000000, 1.000000000000000000, -0.9999999999999915623 ) ) ;
#166 = VECTOR ( 'NONE', #161, 1000.000000000000000 ) ;
#167 = EDGE_LOOP ( 'NONE', ( #1444, #266, #1080, #1672 ) ) ;
#168 = CARTESIAN_POINT ( 'NONE',  ( 26.70000000000000639, -27.00000000000000000, -53.94115427318801892 ) ) ;
#169 = CIRCLE ( 'NONE', #1201, 1.000000000000000888 ) ;
#170 = EDGE_CURVE ( 'NONE', #1704, #72, #440, .T. ) ;
#171 = DIRECTION ( 'NONE',  ( 1.000000000000000000, 0.000000000000000000, -4.625929269271495775E-16 ) ) ;
#172 = AXIS2_PLACEMENT_3D ( 'NONE', #69, #1041, #906 ) ;
#173 = VECTOR ( 'NONE', #340, 1000.000000000000114 ) ;
#174 = CARTESIAN_POINT ( 'NONE',  ( -35.00000000000000000, 5.000000000000000000, -17.72499999999999432 ) ) ;
#175 = VERTEX_POINT ( 'NONE', #111 ) ;
#176 = DIRECTION ( 'NONE',  ( 4.336808689942013299E-16, -0.000000000000000000, 1.000000000000000000 ) ) ;
#177 = ORIENTED_EDGE ( 'NONE', *, *, #1151, .F. ) ;
#178 = DIRECTION ( 'NONE',  ( 1.000000000000000000, -0.000000000000000000, -0.000000000000000000 ) ) ;
#179 = CARTESIAN_POINT ( 'NONE',  ( -35.00106606882472704, 0.000000000000000000, -50.00000000000000000 ) ) ;
#180 = EDGE_CURVE ( 'NONE', #1420, #72, #25, .T. ) ;
#181 = LINE ( 'NONE', #1764, #970 ) ;
#182 = VECTOR ( 'NONE', #366, 1000.000000000000000 ) ;
#183 = ORIENTED_EDGE ( 'NONE', *, *, #12, .T. ) ;
#184 = LINE ( 'NONE', #1604, #1666 ) ;
#185 = ORIENTED_EDGE ( 'NONE', *, *, #89, .T. ) ;
#186 = DIRECTION ( 'NONE',  ( 4.336808689942013299E-16, 0.000000000000000000, 1.000000000000000000 ) ) ;
#187 = CARTESIAN_POINT ( 'NONE',  ( -35.91461611834290579, 0.000000000000000000, -50.40672632939770637 ) ) ;
#188 = CARTESIAN_POINT ( 'NONE',  ( 44.00000000000000000, 1.000000000000000000, -8.082668874372530822E-15 ) ) ;
#189 = ADVANCED_FACE ( 'NONE', ( #392 ), #1012, .T. ) ;
#190 = ORIENTED_EDGE ( 'NONE', *, *, #1332, .T. ) ;
#191 = DIRECTION ( 'NONE',  ( -0.000000000000000000, -1.000000000000000000, -0.000000000000000000 ) ) ;
#192 = EDGE_LOOP ( 'NONE', ( #395, #1576, #1069, #721 ) ) ;
#193 = CARTESIAN_POINT ( 'NONE',  ( -16.68220495501817169, 5.000000000000000000, -28.89442656436881762 ) ) ;
#194 = PLANE ( 'NONE',  #675 ) ;
#195 = VECTOR ( 'NONE', #1531, 1000.000000000000227 ) ;
#196 = DIRECTION ( 'NONE',  ( 1.000000000000000000, 0.000000000000000000, 0.000000000000000000 ) ) ;
#197 = AXIS2_PLACEMENT_3D ( 'NONE', #1177, #1166, #1762 ) ;
#198 = LINE ( 'NONE', #207, #294 ) ;
#199 = EDGE_CURVE ( 'NONE', #385, #372, #585, .T. ) ;
#200 = LINE ( 'NONE', #1798, #1102 ) ;
#201 = VERTEX_POINT ( 'NONE', #281 ) ;
#202 = VERTEX_POINT ( 'NONE', #843 ) ;
#203 = FACE_BOUND ( 'NONE', #1682, .T. ) ;
#204 = VECTOR ( 'NONE', #60, 1000.000000000000000 ) ;
#205 = CARTESIAN_POINT ( 'NONE',  ( -44.91355004951819296, 1.000000000000000000, -30.19417566760542826 ) ) ;
#206 = DIRECTION ( 'NONE',  ( 0.000000000000000000, 1.000000000000000000, -0.000000000000000000 ) ) ;
#207 = CARTESIAN_POINT ( 'NONE',  ( -45.00000000000000711, 1.000000000000000000, -30.00000000000000000 ) ) ;
#208 = DIRECTION ( 'NONE',  ( 0.000000000000000000, -1.000000000000000000, 0.000000000000000000 ) ) ;
#209 = VERTEX_POINT ( 'NONE', #1796 ) ;
#210 = VERTEX_POINT ( 'NONE', #430 ) ;
#211 = CARTESIAN_POINT ( 'NONE',  ( -44.00000000000001421, 4.000000000000000000, -29.78744933820771834 ) ) ;
#212 = ADVANCED_FACE ( 'NONE', ( #1571 ), #1274, .F. ) ;
#213 = DIRECTION ( 'NONE',  ( -0.000000000000000000, 1.000000000000000000, -0.000000000000000000 ) ) ;
#214 = FACE_OUTER_BOUND ( 'NONE', #920, .T. ) ;
#215 = CYLINDRICAL_SURFACE ( 'NONE', #142, 1.000000000000000000 ) ;
#216 = ORIENTED_EDGE ( 'NONE', *, *, #994, .T. ) ;
#217 = DIRECTION ( 'NONE',  ( -4.625929269271485914E-16, 0.000000000000000000, -1.000000000000000000 ) ) ;
#218 = ORIENTED_EDGE ( 'NONE', *, *, #1318, .F. ) ;
#219 = ORIENTED_EDGE ( 'NONE', *, *, #603, .F. ) ;
#220 = CARTESIAN_POINT ( 'NONE',  ( -16.68220495501817169, 5.000000000000000000, -28.89442656436881762 ) ) ;
#221 = ORIENTED_EDGE ( 'NONE', *, *, #544, .T. ) ;
#222 = CARTESIAN_POINT ( 'NONE',  ( 23.99999999999998934, 5.000000000000000000, -52.38230854637603073 ) ) ;
#223 = EDGE_CURVE ( 'NONE', #1156, #518, #729, .T. ) ;
#224 = FACE_OUTER_BOUND ( 'NONE', #942, .T. ) ;
#225 = PERSON_AND_ORGANIZATION ( #1654, #227 ) ;
#226 = VECTOR ( 'NONE', #1572, 1000.000000000000000 ) ;
#227 = ORGANIZATION ( 'UNSPECIFIED', 'UNSPECIFIED', '' ) ;
#228 = SPHERICAL_SURFACE ( 'NONE', #383, 1.000000000000000000 ) ;
#229 = CIRCLE ( 'NONE', #639, 2.724999999999994760 ) ;
#230 = LINE ( 'NONE', #1347, #1466 ) ;
#231 = VECTOR ( 'NONE', #697, 1000.000000000000114 ) ;
#232 = EDGE_LOOP ( 'NONE', ( #256, #1072, #624, #840 ) ) ;
#233 = ORIENTED_EDGE ( 'NONE', *, *, #473, .F. ) ;
#234 = CARTESIAN_POINT ( 'NONE',  ( -30.54891449144566451, -26.00000000000000000, -60.00000000000000000 ) ) ;
#235 = ORIENTED_EDGE ( 'NONE', *, *, #412, .T. ) ;
#236 = CARTESIAN_POINT ( 'NONE',  ( -26.69999999999999574, 5.000000000000000000, -57.05884572681199529 ) ) ;
#237 = CARTESIAN_POINT ( 'NONE',  ( 44.00000000000000000, 4.000000000000000000, -29.78744933820776453 ) ) ;
#238 = ADVANCED_FACE ( 'NONE', ( #569 ), #1716, .F. ) ;
#239 = EDGE_CURVE ( 'NONE', #657, #1670, #579, .T. ) ;
#240 = LINE ( 'NONE', #768, #530 ) ;
#241 = DIRECTION ( 'NONE',  ( 0.000000000000000000, 0.000000000000000000, -1.000000000000000000 ) ) ;
#242 = AXIS2_PLACEMENT_3D ( 'NONE', #1534, #264, #1724 ) ;
#243 = ORIENTED_EDGE ( 'NONE', *, *, #431, .F. ) ;
#244 = ORIENTED_EDGE ( 'NONE', *, *, #1755, .F. ) ;
#245 = VECTOR ( 'NONE', #444, 1000.000000000000000 ) ;
#246 = PLANE ( 'NONE',  #1217 ) ;
#247 = ORIENTED_EDGE ( 'NONE', *, *, #1395, .T. ) ;
#248 = CARTESIAN_POINT ( 'NONE',  ( 45.00000000000000000, 5.000000000000000000, -29.78744933820776808 ) ) ;
#249 = PLANE ( 'NONE',  #1706 ) ;
#250 = PERSON_AND_ORGANIZATION ( #1654, #227 ) ;
#251 = CARTESIAN_POINT ( 'NONE',  ( 31.46246454096385392, 5.000000000000000000, -60.40672632939769926 ) ) ;
#252 = EDGE_CURVE ( 'NONE', #1766, #1050, #903, .T. ) ;
#253 = CARTESIAN_POINT ( 'NONE',  ( 44.00000000000000000, 5.000000000000000000, -1.000000000000007994 ) ) ;
#254 = ORIENTED_EDGE ( 'NONE', *, *, #1745, .F. ) ;
#255 = CARTESIAN_POINT ( 'NONE',  ( 30.54891449144567162, 0.000000000000000000, -61.00000000000000000 ) ) ;
#256 = ORIENTED_EDGE ( 'NONE', *, *, #1492, .F. ) ;
#257 = DIRECTION ( 'NONE',  ( 0.000000000000000000, 0.000000000000000000, -1.000000000000000000 ) ) ;
#258 = CARTESIAN_POINT ( 'NONE',  ( 45.00000000000000000, 5.000000000000000000, 0.000000000000000000 ) ) ;
#259 = SECURITY_CLASSIFICATION_LEVEL ( 'unclassified' ) ;
#260 = VECTOR ( 'NONE', #628, 1000.000000000000000 ) ;
#261 = PLANE ( 'NONE',  #1735 ) ;
#262 = ORIENTED_EDGE ( 'NONE', *, *, #789, .T. ) ;
#263 = ADVANCED_FACE ( 'NONE', ( #1727 ), #1185, .F. ) ;
#264 = DIRECTION ( 'NONE',  ( -0.5000000000000001110, 0.000000000000000000, -0.8660254037844385966 ) ) ;
#265 = CIRCLE ( 'NONE', #321, 1.000000000000000000 ) ;
#266 = ORIENTED_EDGE ( 'NONE', *, *, #1742, .F. ) ;
#267 = SPHERICAL_SURFACE ( 'NONE', #1685, 1.000000000000000000 ) ;
#268 = CARTESIAN_POINT ( 'NONE',  ( 45.00000000000000000, 1.000000000000000000, -30.00000000000002132 ) ) ;
#269 = SPHERICAL_SURFACE ( 'NONE', #1412, 1.000000000000000000 ) ;
#270 = ORIENTED_EDGE ( 'NONE', *, *, #375, .T. ) ;
#271 = CARTESIAN_POINT ( 'NONE',  ( 30.54891449144565030, -26.00000000000000000, -60.00000000000000000 ) ) ;
#272 = ORIENTED_EDGE ( 'NONE', *, *, #825, .F. ) ;
#273 = VECTOR ( 'NONE', #1385, 1000.000000000000114 ) ;
#274 = LINE ( 'NONE', #835, #642 ) ;
#275 = EDGE_CURVE ( 'NONE', #1605, #1800, #746, .T. ) ;
#276 = CARTESIAN_POINT ( 'NONE',  ( 35.91461611834291290, -26.00000000000000000, -50.40672632939770637 ) ) ;
#277 = ORIENTED_EDGE ( 'NONE', *, *, #1468, .F. ) ;
#278 = DIRECTION ( 'NONE',  ( 0.000000000000000000, 0.000000000000000000, -1.000000000000000000 ) ) ;
#279 = ORIENTED_EDGE ( 'NONE', *, *, #1170, .T. ) ;
#280 = DIRECTION ( 'NONE',  ( -0.000000000000000000, 1.000000000000000000, -0.000000000000000000 ) ) ;
#281 = CARTESIAN_POINT ( 'NONE',  ( 44.00000000000000000, 0.000000000000000000, -29.78744933820777163 ) ) ;
#282 = ADVANCED_FACE ( 'NONE', ( #765 ), #1474, .T. ) ;
#283 = CARTESIAN_POINT ( 'NONE',  ( 24.00000000000000000, 5.000000000000000000, -58.61769145362398348 ) ) ;
#284 = VERTEX_POINT ( 'NONE', #1456 ) ;
#285 = AXIS2_PLACEMENT_3D ( 'NONE', #237, #1794, #532 ) ;
#286 = CARTESIAN_POINT ( 'NONE',  ( 30.54891449144565030, -27.00000000000000000, -60.00000000000000000 ) ) ;
#287 = LOCAL_TIME ( 23, 33, 3.000000000000000000, #1265 ) ;
#288 = VERTEX_POINT ( 'NONE', #1333 ) ;
#289 = AXIS2_PLACEMENT_3D ( 'NONE', #1135, #15, #7 ) ;
#290 = DIRECTION ( 'NONE',  ( 0.000000000000000000, -0.000000000000000000, -1.000000000000000000 ) ) ;
#291 = CARTESIAN_POINT ( 'NONE',  ( 44.00000000000000000, 5.000000000000000000, 0.000000000000000000 ) ) ;
#292 = EDGE_CURVE ( 'NONE', #1221, #201, #265, .T. ) ;
#293 = FACE_OUTER_BOUND ( 'NONE', #1452, .T. ) ;
#294 = VECTOR ( 'NONE', #778, 1000.000000000000114 ) ;
#295 = ADVANCED_FACE ( 'NONE', ( #1045 ), #608, .T. ) ;
#296 = EDGE_LOOP ( 'NONE', ( #221, #399, #851, #496, #247, #1472 ) ) ;
#297 = CARTESIAN_POINT ( 'NONE',  ( -30.54891449144565030, -27.00000000000000000, -60.00000000000000000 ) ) ;
#298 = ORIENTED_EDGE ( 'NONE', *, *, #1059, .F. ) ;
#299 = CARTESIAN_POINT ( 'NONE',  ( -47.78921188519053231, -27.00000000000000000, -21.27648150763534929 ) ) ;
#300 = CIRCLE ( 'NONE', #1814, 1.000000000000000000 ) ;
#301 = DIRECTION ( 'NONE',  ( -1.000000000000000000, 0.000000000000000000, 1.836970198721029688E-16 ) ) ;
#302 = AXIS2_PLACEMENT_3D ( 'NONE', #898, #1469, #1477 ) ;
#303 = DIRECTION ( 'NONE',  ( -0.000000000000000000, -1.000000000000000000, -0.000000000000000000 ) ) ;
#304 = VERTEX_POINT ( 'NONE', #205 ) ;
#305 = ADVANCED_FACE ( 'NONE', ( #1438 ), #337, .T. ) ;
#306 = DIRECTION ( 'NONE',  ( 1.836970198721029934E-16, 0.000000000000000000, 1.000000000000000000 ) ) ;
#307 = VERTEX_POINT ( 'NONE', #1746 ) ;
#308 = DIRECTION ( 'NONE',  ( -0.000000000000000000, 1.000000000000000000, 0.000000000000000000 ) ) ;
#309 = DIRECTION ( 'NONE',  ( 1.000000000000000000, 0.000000000000000000, -0.000000000000000000 ) ) ;
#310 = DESIGN_CONTEXT ( 'detailed design', #1298, 'design' ) ;
#311 = CARTESIAN_POINT ( 'NONE',  ( -30.54891449144565740, 4.000000000000000000, -60.00000000000000000 ) ) ;
#312 = VERTEX_POINT ( 'NONE', #1192 ) ;
#313 = CARTESIAN_POINT ( 'NONE',  ( 35.40779239822244762, 0.000000000000000000, -49.08644995048182125 ) ) ;
#314 = EDGE_CURVE ( 'NONE', #808, #1426, #1803, .T. ) ;
#315 = VECTOR ( 'NONE', #1753, 1000.000000000000114 ) ;
#316 = ORIENTED_EDGE ( 'NONE', *, *, #160, .F. ) ;
#317 = CARTESIAN_POINT ( 'NONE',  ( -44.00000000000000000, 5.000000000000000000, -0.9999999999999920064 ) ) ;
#318 = VECTOR ( 'NONE', #1432, 1000.000000000000000 ) ;
#319 = EDGE_CURVE ( 'NONE', #1112, #900, #1710, .T. ) ;
#320 = CARTESIAN_POINT ( 'NONE',  ( -31.46246454096383971, -27.00000000000000000, -60.40672632939770637 ) ) ;
#321 = AXIS2_PLACEMENT_3D ( 'NONE', #357, #39, #894 ) ;
#322 = AXIS2_PLACEMENT_3D ( 'NONE', #966, #1536, #1397 ) ;
#323 = LINE ( 'NONE', #619, #931 ) ;
#324 = ORIENTED_EDGE ( 'NONE', *, *, #907, .T. ) ;
#325 = DIRECTION ( 'NONE',  ( 0.000000000000000000, 0.000000000000000000, 1.000000000000000000 ) ) ;
#326 = ORIENTED_EDGE ( 'NONE', *, *, #157, .T. ) ;
#327 = LINE ( 'NONE', #168, #1197 ) ;
#328 = DIRECTION ( 'NONE',  ( 0.4067263293977085303, 0.000000000000000000, -0.9135500495181787528 ) ) ;
#329 = EDGE_CURVE ( 'NONE', #1050, #1112, #764, .T. ) ;
#330 = AXIS2_PLACEMENT_3D ( 'NONE', #1688, #1703, #418 ) ;
#331 = CARTESIAN_POINT ( 'NONE',  ( -1.836970198721029934E-16, 1.000000000000000000, -1.000000000000000000 ) ) ;
#332 = AXIS2_PLACEMENT_3D ( 'NONE', #1278, #999, #572 ) ;
#333 = ORIENTED_EDGE ( 'NONE', *, *, #1656, .T. ) ;
#334 = CARTESIAN_POINT ( 'NONE',  ( -35.00000000000000000, 0.000000000000000000, -17.72499999999999432 ) ) ;
#335 = ORIENTED_EDGE ( 'NONE', *, *, #351, .T. ) ;
#336 = CARTESIAN_POINT ( 'NONE',  ( -36.54091200297977338, -27.00000000000000000, -49.00000000000000000 ) ) ;
#337 = SPHERICAL_SURFACE ( 'NONE', #197, 1.000000000000000000 ) ;
#338 = EDGE_CURVE ( 'NONE', #445, #884, #1019, .T. ) ;
#339 = DIRECTION ( 'NONE',  ( -1.000000000000000000, -0.000000000000000000, -0.000000000000000000 ) ) ;
#340 = DIRECTION ( 'NONE',  ( -0.4067263293977084748, -0.000000000000000000, 0.9135500495181786418 ) ) ;
#341 = CARTESIAN_POINT ( 'NONE',  ( 35.91461611834291290, 1.000000000000000000, -50.40672632939770637 ) ) ;
#342 = VERTEX_POINT ( 'NONE', #474 ) ;
#343 = ORIENTED_EDGE ( 'NONE', *, *, #698, .F. ) ;
#344 = DIRECTION ( 'NONE',  ( 0.000000000000000000, 0.000000000000000000, 1.000000000000000000 ) ) ;
#345 = CARTESIAN_POINT ( 'NONE',  ( 35.91461611834291290, -26.00000000000000000, -50.40672632939770637 ) ) ;
#346 = AXIS2_PLACEMENT_3D ( 'NONE', #450, #1136, #1407 ) ;
#347 = DIRECTION ( 'NONE',  ( 0.8660254037844382635, 0.000000000000000000, 0.5000000000000005551 ) ) ;
#348 = VECTOR ( 'NONE', #1815, 1000.000000000000000 ) ;
#349 = CC_DESIGN_PERSON_AND_ORGANIZATION_ASSIGNMENT ( #811, #390, ( #679 ) ) ;
#350 = CYLINDRICAL_SURFACE ( 'NONE', #998, 1.000000000000001998 ) ;
#351 = EDGE_CURVE ( 'NONE', #1027, #1199, #1588, .T. ) ;
#352 = DIRECTION ( 'NONE',  ( -0.4067263293977063654, 8.466692542848915804E-15, -0.9135500495181796410 ) ) ;
#353 = ORIENTED_EDGE ( 'NONE', *, *, #1656, .F. ) ;
#354 = ORIENTED_EDGE ( 'NONE', *, *, #52, .T. ) ;
#355 = DIRECTION ( 'NONE',  ( 0.000000000000000000, 0.000000000000000000, 1.000000000000000000 ) ) ;
#356 = EDGE_LOOP ( 'NONE', ( #1556, #1051, #1418 ) ) ;
#357 = CARTESIAN_POINT ( 'NONE',  ( 44.00000000000000000, 1.000000000000000000, -29.78744933820776808 ) ) ;
#358 = FACE_OUTER_BOUND ( 'NONE', #1285, .T. ) ;
#359 = LINE ( 'NONE', #741, #1168 ) ;
#360 = CIRCLE ( 'NONE', #652, 1.000000000000000888 ) ;
#361 = PLANE ( 'NONE',  #172 ) ;
#362 = FACE_OUTER_BOUND ( 'NONE', #515, .T. ) ;
#363 = EDGE_LOOP ( 'NONE', ( #29, #277, #1017, #123 ) ) ;
#364 = ORIENTED_EDGE ( 'NONE', *, *, #1722, .F. ) ;
#365 = ADVANCED_FACE ( 'NONE', ( #1607 ), #194, .F. ) ;
#366 = DIRECTION ( 'NONE',  ( -0.000000000000000000, -1.000000000000000000, -0.000000000000000000 ) ) ;
#367 = CARTESIAN_POINT ( 'NONE',  ( -21.29999999999999361, 5.000000000000000000, 0.000000000000000000 ) ) ;
#368 = DIRECTION ( 'NONE',  ( -0.5000000000000004441, 0.000000000000000000, 0.8660254037844384856 ) ) ;
#369 = PERSON_AND_ORGANIZATION_ROLE ( 'design_supplier' ) ;
#370 = EDGE_LOOP ( 'NONE', ( #597, #588, #386, #770 ) ) ;
#371 = CARTESIAN_POINT ( 'NONE',  ( -35.00000000000000000, 0.000000000000000000, -15.00000000000000000 ) ) ;
#372 = VERTEX_POINT ( 'NONE', #617 ) ;
#373 = ORIENTED_EDGE ( 'NONE', *, *, #1175, .F. ) ;
#374 = DIRECTION ( 'NONE',  ( -1.000000000000000000, 0.000000000000000000, 0.000000000000000000 ) ) ;
#375 = EDGE_CURVE ( 'NONE', #1169, #629, #74, .T. ) ;
#376 = VERTEX_POINT ( 'NONE', #236 ) ;
#377 = CYLINDRICAL_SURFACE ( 'NONE', #1293, 1.000000000000001998 ) ;
#378 = CARTESIAN_POINT ( 'NONE',  ( -21.29999999999999361, -27.00000000000000000, -57.05884572681198819 ) ) ;
#379 = ADVANCED_FACE ( 'NONE', ( #775 ), #818, .F. ) ;
#380 = DATE_AND_TIME ( #1358, #1502 ) ;
#381 = VECTOR ( 'NONE', #1307, 1000.000000000000114 ) ;
#382 = CARTESIAN_POINT ( 'NONE',  ( 44.00000000000000000, 4.000000000000000000, -8.082668874372530822E-15 ) ) ;
#383 = AXIS2_PLACEMENT_3D ( 'NONE', #1757, #1344, #80 ) ;
#384 = CARTESIAN_POINT ( 'NONE',  ( -44.00000000000000000, 4.000000000000000000, 2.035408878479453763E-14 ) ) ;
#385 = VERTEX_POINT ( 'NONE', #1246 ) ;
#386 = ORIENTED_EDGE ( 'NONE', *, *, #773, .F. ) ;
#387 = CARTESIAN_POINT ( 'NONE',  ( 0.000000000000000000, -26.00000000000000000, -60.00000000000000000 ) ) ;
#388 = VERTEX_POINT ( 'NONE', #957 ) ;
#389 = DIRECTION ( 'NONE',  ( 0.000000000000000000, 0.000000000000000000, -1.000000000000000000 ) ) ;
#390 = PERSON_AND_ORGANIZATION_ROLE ( 'creator' ) ;
#391 = ADVANCED_FACE ( 'NONE', ( #649 ), #377, .T. ) ;
#392 = FACE_OUTER_BOUND ( 'NONE', #1153, .T. ) ;
#393 = LINE ( 'NONE', #1540, #1830 ) ;
#394 = AXIS2_PLACEMENT_3D ( 'NONE', #456, #1331, #30 ) ;
#395 = ORIENTED_EDGE ( 'NONE', *, *, #640, .T. ) ;
#396 = ORIENTED_EDGE ( 'NONE', *, *, #666, .T. ) ;
#397 = AXIS2_PLACEMENT_3D ( 'NONE', #1434, #1446, #1741 ) ;
#398 = DIRECTION ( 'NONE',  ( 1.000000000000000000, -0.000000000000000000, 0.000000000000000000 ) ) ;
#399 = ORIENTED_EDGE ( 'NONE', *, *, #1259, .T. ) ;
#400 = DIRECTION ( 'NONE',  ( -0.9135500495181785308, 0.000000000000000000, -0.4067263293977093075 ) ) ;
#401 = DIRECTION ( 'NONE',  ( 0.000000000000000000, 0.000000000000000000, 1.000000000000000000 ) ) ;
#402 = EDGE_CURVE ( 'NONE', #590, #209, #87, .T. ) ;
#403 = FACE_OUTER_BOUND ( 'NONE', #752, .T. ) ;
#404 = ORIENTED_EDGE ( 'NONE', *, *, #1583, .F. ) ;
#405 = FACE_OUTER_BOUND ( 'NONE', #1639, .T. ) ;
#406 = EDGE_LOOP ( 'NONE', ( #190, #1301 ) ) ;
#407 = CARTESIAN_POINT ( 'NONE',  ( 47.78921188519054652, 1.000000000000000000, -21.27648150763535284 ) ) ;
#408 = CIRCLE ( 'NONE', #1290, 1.000000000000000888 ) ;
#409 = CARTESIAN_POINT ( 'NONE',  ( 44.00000000000000000, 4.000000000000000000, -29.78744933820773255 ) ) ;
#410 = ORIENTED_EDGE ( 'NONE', *, *, #879, .T. ) ;
#411 = VECTOR ( 'NONE', #1754, 1000.000000000000000 ) ;
#412 = EDGE_CURVE ( 'NONE', #1295, #1363, #1215, .T. ) ;
#413 = DIRECTION ( 'NONE',  ( 1.000000000000000000, 0.000000000000000000, -0.000000000000000000 ) ) ;
#414 = VECTOR ( 'NONE', #1674, 1000.000000000000000 ) ;
#415 = ORIENTED_EDGE ( 'NONE', *, *, #740, .T. ) ;
#416 = DIRECTION ( 'NONE',  ( -0.9135500495181785308, 0.000000000000000000, 0.4067263293977093075 ) ) ;
#417 = ORIENTED_EDGE ( 'NONE', *, *, #975, .F. ) ;
#418 = DIRECTION ( 'NONE',  ( 0.000000000000000000, 0.000000000000000000, 1.000000000000000000 ) ) ;
#419 = ADVANCED_FACE ( 'NONE', ( #1655 ), #1367, .F. ) ;
#420 = ORIENTED_EDGE ( 'NONE', *, *, #1574, .F. ) ;
#421 = VECTOR ( 'NONE', #943, 1000.000000000000000 ) ;
#422 = FACE_OUTER_BOUND ( 'NONE', #696, .T. ) ;
#423 = DIRECTION ( 'NONE',  ( 0.000000000000000000, 1.000000000000000000, -0.000000000000000000 ) ) ;
#424 = LINE ( 'NONE', #1291, #318 ) ;
#425 = VERTEX_POINT ( 'NONE', #97 ) ;
#426 = DIRECTION ( 'NONE',  ( 0.000000000000000000, 1.000000000000000000, -0.000000000000000000 ) ) ;
#427 = ORIENTED_EDGE ( 'NONE', *, *, #1269, .F. ) ;
#428 = EDGE_CURVE ( 'NONE', #1221, #1779, #554, .T. ) ;
#429 = DIRECTION ( 'NONE',  ( 0.000000000000000000, 0.000000000000000000, 1.000000000000000000 ) ) ;
#430 = CARTESIAN_POINT ( 'NONE',  ( -24.00000000000000711, 5.000000000000000000, -58.61769145362399769 ) ) ;
#431 = EDGE_CURVE ( 'NONE', #108, #1653, #945, .T. ) ;
#432 = LINE ( 'NONE', #146, #226 ) ;
#433 = ORIENTED_EDGE ( 'NONE', *, *, #702, .T. ) ;
#434 = AXIS2_PLACEMENT_3D ( 'NONE', #258, #819, #1389 ) ;
#435 = FACE_OUTER_BOUND ( 'NONE', #1006, .T. ) ;
#436 = LOCAL_TIME ( 23, 33, 3.000000000000000000, #1391 ) ;
#437 = ORIENTED_EDGE ( 'NONE', *, *, #431, .T. ) ;
#438 = AXIS2_PLACEMENT_3D ( 'NONE', #179, #1158, #1624 ) ;
#439 = FACE_OUTER_BOUND ( 'NONE', #553, .T. ) ;
#440 = LINE ( 'NONE', #23, #937 ) ;
#441 = ADVANCED_FACE ( 'NONE', ( #1806 ), #1527, .F. ) ;
#442 = LINE ( 'NONE', #174, #581 ) ;
#443 = ORIENTED_EDGE ( 'NONE', *, *, #473, .T. ) ;
#444 = DIRECTION ( 'NONE',  ( 0.000000000000000000, 0.000000000000000000, -1.000000000000000000 ) ) ;
#445 = VERTEX_POINT ( 'NONE', #222 ) ;
#446 = DIRECTION ( 'NONE',  ( 0.4067263293977012029, 0.000000000000000000, -0.9135500495181818614 ) ) ;
#447 = CIRCLE ( 'NONE', #94, 1.000000000000000222 ) ;
#448 = LINE ( 'NONE', #1562, #821 ) ;
#449 = AXIS2_PLACEMENT_3D ( 'NONE', #36, #1284, #470 ) ;
#450 = CARTESIAN_POINT ( 'NONE',  ( -26.69999999999999574, 5.000000000000000000, 0.000000000000000000 ) ) ;
#451 = EDGE_CURVE ( 'NONE', #1660, #826, #229, .T. ) ;
#452 =( BOUNDED_CURVE ( )  B_SPLINE_CURVE ( 3, ( #313, #1303, #735, #341 ),
 .UNSPECIFIED., .F., .T. ) 
 B_SPLINE_CURVE_WITH_KNOTS ( ( 4, 4 ),
 ( 3.141592653589797113, 4.712388980384689674 ),
 .UNSPECIFIED. ) 
 CURVE ( )  GEOMETRIC_REPRESENTATION_ITEM ( )  RATIONAL_B_SPLINE_CURVE ( ( 1.000000000000000000, 0.8047378541243658256, 0.8047378541243658256, 1.000000000000000000 ) ) 
 REPRESENTATION_ITEM ( '' )  );
#453 = ORIENTED_EDGE ( 'NONE', *, *, #1308, .F. ) ;
#454 = DIRECTION ( 'NONE',  ( -1.000000000000000000, -1.387778780781444413E-14, 0.000000000000000000 ) ) ;
#455 = ORIENTED_EDGE ( 'NONE', *, *, #1234, .T. ) ;
#456 = CARTESIAN_POINT ( 'NONE',  ( 44.00000000000000000, 1.000000000000000000, -1.000000000000007994 ) ) ;
#457 = CARTESIAN_POINT ( 'NONE',  ( 35.40779239822242630, -27.00000000000000000, -49.08644995048181414 ) ) ;
#458 = FACE_BOUND ( 'NONE', #1471, .T. ) ;
#459 = EDGE_LOOP ( 'NONE', ( #218, #1311, #602, #1133 ) ) ;
#460 = CC_DESIGN_PERSON_AND_ORGANIZATION_ASSIGNMENT ( #1636, #369, ( #1237 ) ) ;
#461 = CARTESIAN_POINT ( 'NONE',  ( 21.29999999999999361, 5.000000000000000000, 0.000000000000000000 ) ) ;
#462 = ORIENTED_EDGE ( 'NONE', *, *, #603, .T. ) ;
#463 = VECTOR ( 'NONE', #578, 1000.000000000000000 ) ;
#464 = EDGE_CURVE ( 'NONE', #1420, #1653, #787, .T. ) ;
#465 = FACE_BOUND ( 'NONE', #1663, .T. ) ;
#466 = VECTOR ( 'NONE', #601, 1000.000000000000114 ) ;
#467 = CARTESIAN_POINT ( 'NONE',  ( 44.00000000000000000, 4.000000000000000000, -29.78744933820776808 ) ) ;
#468 = DIRECTION ( 'NONE',  ( 1.000000000000000000, -0.000000000000000000, -1.836970198721029688E-16 ) ) ;
#469 = ORIENTED_EDGE ( 'NONE', *, *, #907, .F. ) ;
#470 = DIRECTION ( 'NONE',  ( 0.000000000000000000, 0.000000000000000000, -1.000000000000000000 ) ) ;
#471 = ORIENTED_EDGE ( 'NONE', *, *, #842, .F. ) ;
#472 = FACE_OUTER_BOUND ( 'NONE', #793, .T. ) ;
#473 = EDGE_CURVE ( 'NONE', #1221, #108, #1378, .T. ) ;
#474 = CARTESIAN_POINT ( 'NONE',  ( -30.54891449144566451, 4.000000000000000000, -61.00000000000000000 ) ) ;
#475 = CIRCLE ( 'NONE', #59, 1.000000000000000000 ) ;
#476 = LINE ( 'NONE', #777, #381 ) ;
#477 = DIRECTION ( 'NONE',  ( 0.9135500495181797520, 0.000000000000000000, -0.4067263293977063654 ) ) ;
#478 = CARTESIAN_POINT ( 'NONE',  ( -21.29999999999999361, -27.00000000000000000, -57.05884572681198819 ) ) ;
#479 = EDGE_LOOP ( 'NONE', ( #1064, #254, #1304, #417 ) ) ;
#480 = CARTESIAN_POINT ( 'NONE',  ( -44.00000000000000000, 1.000000000000000000, -0.9999999999999920064 ) ) ;
#481 = CARTESIAN_POINT ( 'NONE',  ( -47.78921188519053231, -26.00000000000000000, -21.27648150763534929 ) ) ;
#482 = CARTESIAN_POINT ( 'NONE',  ( -44.00000000000001421, 4.000000000000000000, -29.78744933820771834 ) ) ;
#483 = ADVANCED_FACE ( 'NONE', ( #1205 ), #1065, .F. ) ;
#484 = ORIENTED_EDGE ( 'NONE', *, *, #552, .F. ) ;
#485 = CARTESIAN_POINT ( 'NONE',  ( 30.54891449144567162, -26.00000000000000000, -60.00000000000000000 ) ) ;
#486 = ORIENTED_EDGE ( 'NONE', *, *, #1565, .F. ) ;
#487 = VERTEX_POINT ( 'NONE', #1634 ) ;
#488 = DIRECTION ( 'NONE',  ( 0.000000000000000000, 0.000000000000000000, -1.000000000000000000 ) ) ;
#489 = CARTESIAN_POINT ( 'NONE',  ( 35.94293762732357322, -27.00000000000001066, -49.32470471806875878 ) ) ;
#490 = VECTOR ( 'NONE', #827, 1000.000000000000000 ) ;
#491 = CARTESIAN_POINT ( 'NONE',  ( -48.70276193470871817, 4.000000000000000000, -21.68320783703306631 ) ) ;
#492 = VECTOR ( 'NONE', #1107, 1000.000000000000000 ) ;
#493 = ADVANCED_FACE ( 'NONE', ( #669 ), #1075, .T. ) ;
#494 = DIRECTION ( 'NONE',  ( -2.428612866367527408E-14, -0.000000000000000000, 1.000000000000000000 ) ) ;
#495 = ORIENTED_EDGE ( 'NONE', *, *, #1533, .F. ) ;
#496 = ORIENTED_EDGE ( 'NONE', *, *, #1627, .T. ) ;
#497 = CARTESIAN_POINT ( 'NONE',  ( 35.00000000000000000, 0.000000000000000000, -17.72499999999999432 ) ) ;
#498 = CARTESIAN_POINT ( 'NONE',  ( -35.00000000000000000, 5.000000000000000000, -15.00000000000000000 ) ) ;
#499 = FACE_OUTER_BOUND ( 'NONE', #363, .T. ) ;
#500 = PERSON_AND_ORGANIZATION ( #1654, #227 ) ;
#501 = CIRCLE ( 'NONE', #563, 2.724999999999994760 ) ;
#502 = DIRECTION ( 'NONE',  ( 0.8660254037844382635, 0.000000000000000000, -0.5000000000000004441 ) ) ;
#503 = ADVANCED_FACE ( 'NONE', ( #1664 ), #1643, .T. ) ;
#504 = DIRECTION ( 'NONE',  ( -0.000000000000000000, -1.000000000000000000, -0.000000000000000000 ) ) ;
#505 = ORIENTED_EDGE ( 'NONE', *, *, #1457, .T. ) ;
#506 = ORIENTED_EDGE ( 'NONE', *, *, #1151, .T. ) ;
#507 = ADVANCED_FACE ( 'NONE', ( #785 ), #267, .T. ) ;
#508 = CARTESIAN_POINT ( 'NONE',  ( -31.38220495501820650, 5.000000000000000000, -54.35557343563122856 ) ) ;
#509 = DIRECTION ( 'NONE',  ( -0.000000000000000000, -1.000000000000000000, -0.000000000000000000 ) ) ;
#510 = FACE_OUTER_BOUND ( 'NONE', #167, .T. ) ;
#511 = PERSON_AND_ORGANIZATION_ROLE ( 'design_owner' ) ;
#512 = CARTESIAN_POINT ( 'NONE',  ( 35.00000000000000000, 0.000000000000000000, -12.27500000000000391 ) ) ;
#513 = FACE_OUTER_BOUND ( 'NONE', #1326, .T. ) ;
#514 = ORIENTED_EDGE ( 'NONE', *, *, #531, .F. ) ;
#515 = EDGE_LOOP ( 'NONE', ( #1752, #27, #92, #244 ) ) ;
#516 = DIRECTION ( 'NONE',  ( 0.9135500495181785308, 0.000000000000000000, 0.4067263293977093075 ) ) ;
#517 = ADVANCED_FACE ( 'NONE', ( #422 ), #584, .T. ) ;
#518 = VERTEX_POINT ( 'NONE', #144 ) ;
#519 = CARTESIAN_POINT ( 'NONE',  ( 16.68220495501817169, 5.000000000000000000, -28.89442656436881762 ) ) ;
#520 = DIRECTION ( 'NONE',  ( 0.000000000000000000, -0.000000000000000000, -1.000000000000000000 ) ) ;
#521 = VECTOR ( 'NONE', #1581, 1000.000000000000227 ) ;
#522 = DIRECTION ( 'NONE',  ( 0.8660254037844400399, 0.000000000000000000, 0.4999999999999975020 ) ) ;
#523 = AXIS2_PLACEMENT_3D ( 'NONE', #708, #951, #1522 ) ;
#524 = CYLINDRICAL_SURFACE ( 'NONE', #1386, 1.000000000000000888 ) ;
#525 = ORIENTED_EDGE ( 'NONE', *, *, #329, .F. ) ;
#526 = ORIENTED_EDGE ( 'NONE', *, *, #1730, .T. ) ;
#527 = CYLINDRICAL_SURFACE ( 'NONE', #1182, 2.724999999999994760 ) ;
#528 = ORIENTED_EDGE ( 'NONE', *, *, #41, .F. ) ;
#529 = CARTESIAN_POINT ( 'NONE',  ( 35.00000000000000000, 5.000000000000000000, -15.00000000000000000 ) ) ;
#530 = VECTOR ( 'NONE', #1048, 1000.000000000000000 ) ;
#531 = EDGE_CURVE ( 'NONE', #1514, #1035, #14, .T. ) ;
#532 = DIRECTION ( 'NONE',  ( 0.000000000000000000, -3.122502256758250246E-14, 1.000000000000000000 ) ) ;
#533 = PERSON_AND_ORGANIZATION_ROLE ( 'classification_officer' ) ;
#534 = CARTESIAN_POINT ( 'NONE',  ( 21.29999999999999361, -27.00000000000000000, -53.94115427318801181 ) ) ;
#535 = AXIS2_PLACEMENT_3D ( 'NONE', #745, #1597, #1305 ) ;
#536 = ORIENTED_EDGE ( 'NONE', *, *, #351, .F. ) ;
#537 = VECTOR ( 'NONE', #1488, 1000.000000000000000 ) ;
#538 = CARTESIAN_POINT ( 'NONE',  ( 35.00000000000000000, 0.000000000000000000, -15.00000000000000000 ) ) ;
#539 = EDGE_LOOP ( 'NONE', ( #525, #1213, #1393, #1146, #997, #833 ) ) ;
#540 = CARTESIAN_POINT ( 'NONE',  ( 45.00000000000000000, 4.000000000000000000, 0.000000000000000000 ) ) ;
#541 = FACE_BOUND ( 'NONE', #1260, .T. ) ;
#542 = APPROVAL ( #1509, 'UNSPECIFIED' ) ;
#543 = DATE_AND_TIME ( #1675, #1832 ) ;
#544 = EDGE_CURVE ( 'NONE', #1649, #808, #1559, .T. ) ;
#545 = CARTESIAN_POINT ( 'NONE',  ( 48.70276193470872528, 5.000000000000000000, -21.68320783703306276 ) ) ;
#546 = ORIENTED_EDGE ( 'NONE', *, *, #1676, .T. ) ;
#547 = LINE ( 'NONE', #688, #1129 ) ;
#548 = ORIENTED_EDGE ( 'NONE', *, *, #1709, .T. ) ;
#549 = DIRECTION ( 'NONE',  ( 0.000000000000000000, 0.000000000000000000, -1.000000000000000000 ) ) ;
#550 = VECTOR ( 'NONE', #1398, 1000.000000000000000 ) ;
#551 = CIRCLE ( 'NONE', #1563, 1.000000000000000888 ) ;
#552 = EDGE_CURVE ( 'NONE', #376, #1169, #1537, .T. ) ;
#553 = EDGE_LOOP ( 'NONE', ( #771, #316, #1121, #805 ) ) ;
#554 = CIRCLE ( 'NONE', #1203, 1.000000000000000888 ) ;
#555 = DIRECTION ( 'NONE',  ( -0.000000000000000000, 1.000000000000000000, -0.000000000000000000 ) ) ;
#556 = AXIS2_PLACEMENT_3D ( 'NONE', #480, #186, #1579 ) ;
#557 = ORIENTED_EDGE ( 'NONE', *, *, #576, .F. ) ;
#558 = CARTESIAN_POINT ( 'NONE',  ( 0.000000000000000000, 5.000000000000000000, -18.00000000000000000 ) ) ;
#559 = DIRECTION ( 'NONE',  ( 0.000000000000000000, -1.000000000000000000, 0.000000000000000000 ) ) ;
#560 = DIRECTION ( 'NONE',  ( 0.000000000000000000, 0.000000000000000000, -1.000000000000000000 ) ) ;
#561 = ORIENTED_EDGE ( 'NONE', *, *, #711, .T. ) ;
#562 = EDGE_CURVE ( 'NONE', #1169, #892, #128, .T. ) ;
#563 = AXIS2_PLACEMENT_3D ( 'NONE', #538, #426, #134 ) ;
#564 = DIRECTION ( 'NONE',  ( 0.000000000000000000, 0.000000000000000000, 1.000000000000000000 ) ) ;
#565 = ORIENTED_EDGE ( 'NONE', *, *, #1184, .F. ) ;
#566 = AXIS2_PLACEMENT_3D ( 'NONE', #865, #1713, #454 ) ;
#567 = ADVANCED_FACE ( 'NONE', ( #722 ), #1552, .T. ) ;
#568 = LINE ( 'NONE', #268, #550 ) ;
#569 = FACE_OUTER_BOUND ( 'NONE', #1640, .T. ) ;
#570 = LINE ( 'NONE', #1555, #1315 ) ;
#571 = ORIENTED_EDGE ( 'NONE', *, *, #627, .F. ) ;
#572 = DIRECTION ( 'NONE',  ( 0.000000000000000000, 0.000000000000000000, -1.000000000000000000 ) ) ;
#573 = ADVANCED_FACE ( 'NONE', ( #439 ), #1705, .T. ) ;
#574 = VERTEX_POINT ( 'NONE', #1001 ) ;
#575 = DIRECTION ( 'NONE',  ( 1.000000000000000000, 0.000000000000000000, 0.000000000000000000 ) ) ;
#576 = EDGE_CURVE ( 'NONE', #372, #892, #21, .T. ) ;
#577 = CARTESIAN_POINT ( 'NONE',  ( 31.19833011012491042, -27.00000000000000000, -60.00000000000000000 ) ) ;
#578 = DIRECTION ( 'NONE',  ( -0.000000000000000000, 1.000000000000000000, -0.000000000000000000 ) ) ;
#579 =( BOUNDED_CURVE ( )  B_SPLINE_CURVE ( 3, ( #457, #489, #1449, #345 ),
 .UNSPECIFIED., .F., .T. ) 
 B_SPLINE_CURVE_WITH_KNOTS ( ( 4, 4 ),
 ( 3.141592653589775352, 4.712388980384688786 ),
 .UNSPECIFIED. ) 
 CURVE ( )  GEOMETRIC_REPRESENTATION_ITEM ( )  RATIONAL_B_SPLINE_CURVE ( ( 1.000000000000000000, 0.8047378541243610517, 0.8047378541243610517, 1.000000000000000000 ) ) 
 REPRESENTATION_ITEM ( '' )  );
#580 = EDGE_LOOP ( 'NONE', ( #1277, #1732, #235, #548 ) ) ;
#581 = VECTOR ( 'NONE', #303, 1000.000000000000000 ) ;
#582 = DIRECTION ( 'NONE',  ( -1.000000000000000000, -0.000000000000000000, -0.000000000000000000 ) ) ;
#583 = ORIENTED_EDGE ( 'NONE', *, *, #758, .F. ) ;
#584 = SPHERICAL_SURFACE ( 'NONE', #871, 1.000000000000000000 ) ;
#585 = LINE ( 'NONE', #987, #50 ) ;
#586 = ADVANCED_FACE ( 'NONE', ( #5 ), #1430, .T. ) ;
#587 = CARTESIAN_POINT ( 'NONE',  ( 35.91461611834291290, 1.000000000000000000, -50.40672632939770637 ) ) ;
#588 = ORIENTED_EDGE ( 'NONE', *, *, #199, .F. ) ;
#589 = CARTESIAN_POINT ( 'NONE',  ( -30.54891449144565740, 5.000000000000000000, -60.00000000000000000 ) ) ;
#590 = VERTEX_POINT ( 'NONE', #1421 ) ;
#591 = DIRECTION ( 'NONE',  ( -3.338476886082578605E-15, 0.000000000000000000, -1.000000000000000000 ) ) ;
#592 = AXIS2_PLACEMENT_3D ( 'NONE', #234, #930, #73 ) ;
#593 = DIRECTION ( 'NONE',  ( -0.000000000000000000, 0.000000000000000000, 1.000000000000000000 ) ) ;
#594 = CC_DESIGN_PERSON_AND_ORGANIZATION_ASSIGNMENT ( #799, #1809, ( #1237 ) ) ;
#595 = FACE_OUTER_BOUND ( 'NONE', #1532, .T. ) ;
#596 = EDGE_CURVE ( 'NONE', #202, #1221, #568, .T. ) ;
#597 = ORIENTED_EDGE ( 'NONE', *, *, #1184, .T. ) ;
#598 = ORIENTED_EDGE ( 'NONE', *, *, #801, .T. ) ;
#599 = FACE_OUTER_BOUND ( 'NONE', #1500, .T. ) ;
#600 = CARTESIAN_POINT ( 'NONE',  ( -36.15287088592984333, 0.4142135623730940353, -49.87158110029655944 ) ) ;
#601 = DIRECTION ( 'NONE',  ( -0.4067263293977084748, 0.000000000000000000, 0.9135500495181786418 ) ) ;
#602 = ORIENTED_EDGE ( 'NONE', *, *, #1565, .T. ) ;
#603 = EDGE_CURVE ( 'NONE', #139, #284, #274, .T. ) ;
#604 = DIRECTION ( 'NONE',  ( -0.000000000000000000, -1.000000000000000000, -0.000000000000000000 ) ) ;
#605 = ORIENTED_EDGE ( 'NONE', *, *, #762, .F. ) ;
#606 = VECTOR ( 'NONE', #339, 1000.000000000000000 ) ;
#607 = DIRECTION ( 'NONE',  ( -0.4067263293977084193, 0.000000000000000000, -0.9135500495181786418 ) ) ;
#608 = CYLINDRICAL_SURFACE ( 'NONE', #1352, 1.000000000000000888 ) ;
#609 = CIRCLE ( 'NONE', #289, 5.000000000000000888 ) ;
#610 = DIRECTION ( 'NONE',  ( 0.000000000000000000, 1.000000000000000000, 0.000000000000000000 ) ) ;
#611 = ORIENTED_EDGE ( 'NONE', *, *, #239, .F. ) ;
#612 = DIRECTION ( 'NONE',  ( 0.000000000000000000, 1.000000000000000000, 0.000000000000000000 ) ) ;
#613 = APPROVAL ( #130, 'UNSPECIFIED' ) ;
#614 = ORIENTED_EDGE ( 'NONE', *, *, #1395, .F. ) ;
#615 = CARTESIAN_POINT ( 'NONE',  ( -30.54891449144565030, -26.00000000000000000, -60.00000000000000000 ) ) ;
#616 = EDGE_CURVE ( 'NONE', #1704, #202, #1589, .T. ) ;
#617 = CARTESIAN_POINT ( 'NONE',  ( -26.69999999999999574, -27.00000000000000000, -57.05884572681199529 ) ) ;
#618 = VECTOR ( 'NONE', #625, 1000.000000000000114 ) ;
#619 = CARTESIAN_POINT ( 'NONE',  ( -45.00000000000000000, 1.000000000000000000, 2.081668171172168513E-14 ) ) ;
#620 = VECTOR ( 'NONE', #883, 1000.000000000000000 ) ;
#621 = CARTESIAN_POINT ( 'NONE',  ( 44.00000000000000000, 1.000000000000000000, -29.78744933820777163 ) ) ;
#622 = CARTESIAN_POINT ( 'NONE',  ( -44.00000000000000000, 0.000000000000000000, -0.9999999999999920064 ) ) ;
#623 = ORIENTED_EDGE ( 'NONE', *, *, #994, .F. ) ;
#624 = ORIENTED_EDGE ( 'NONE', *, *, #1642, .T. ) ;
#625 = DIRECTION ( 'NONE',  ( -0.8660254037844382635, 0.000000000000000000, 0.5000000000000005551 ) ) ;
#626 = DIRECTION ( 'NONE',  ( 0.9135500495181785308, 0.000000000000000000, -0.4067263293977093075 ) ) ;
#627 = EDGE_CURVE ( 'NONE', #1649, #388, #1594, .T. ) ;
#628 = DIRECTION ( 'NONE',  ( 0.000000000000000000, -1.000000000000000000, 0.000000000000000000 ) ) ;
#629 = VERTEX_POINT ( 'NONE', #1835 ) ;
#630 = LINE ( 'NONE', #1327, #1483 ) ;
#631 = ORIENTED_EDGE ( 'NONE', *, *, #922, .F. ) ;
#632 = ORIENTED_EDGE ( 'NONE', *, *, #131, .F. ) ;
#633 = LINE ( 'NONE', #1770, #685 ) ;
#634 = AXIS2_PLACEMENT_3D ( 'NONE', #979, #1256, #1286 ) ;
#635 = ORIENTED_EDGE ( 'NONE', *, *, #1219, .T. ) ;
#636 = DIRECTION ( 'NONE',  ( -1.000000000000000000, 0.000000000000000000, 0.000000000000000000 ) ) ;
#637 = AXIS2_PLACEMENT_3D ( 'NONE', #1144, #724, #560 ) ;
#638 = DIRECTION ( 'NONE',  ( 1.000000000000000000, 0.000000000000000000, 0.000000000000000000 ) ) ;
#639 = AXIS2_PLACEMENT_3D ( 'NONE', #498, #1673, #1340 ) ;
#640 = EDGE_CURVE ( 'NONE', #96, #590, #1268, .T. ) ;
#641 = CARTESIAN_POINT ( 'NONE',  ( 31.38220495501820650, 5.000000000000000000, -54.35557343563122856 ) ) ;
#642 = VECTOR ( 'NONE', #1405, 1000.000000000000000 ) ;
#643 = ADVANCED_FACE ( 'NONE', ( #1691 ), #1698, .T. ) ;
#644 = EDGE_LOOP ( 'NONE', ( #631, #1009, #469, #1582 ) ) ;
#645 = FACE_OUTER_BOUND ( 'NONE', #1626, .T. ) ;
#646 = ORIENTED_EDGE ( 'NONE', *, *, #1132, .T. ) ;
#647 = ORIENTED_EDGE ( 'NONE', *, *, #106, .T. ) ;
#648 = FACE_OUTER_BOUND ( 'NONE', #232, .T. ) ;
#649 = FACE_OUTER_BOUND ( 'NONE', #644, .T. ) ;
#650 = CYLINDRICAL_SURFACE ( 'NONE', #1084, 1.000000000000000000 ) ;
#651 = EDGE_CURVE ( 'NONE', #445, #734, #1733, .T. ) ;
#652 = AXIS2_PLACEMENT_3D ( 'NONE', #850, #1403, #124 ) ;
#653 = ORIENTED_EDGE ( 'NONE', *, *, #1406, .F. ) ;
#654 = EDGE_CURVE ( 'NONE', #307, #288, #1028, .T. ) ;
#655 = DIRECTION ( 'NONE',  ( 0.000000000000000000, 0.000000000000000000, 1.000000000000000000 ) ) ;
#656 = ORIENTED_EDGE ( 'NONE', *, *, #127, .T. ) ;
#657 = VERTEX_POINT ( 'NONE', #1183 ) ;
#658 = CARTESIAN_POINT ( 'NONE',  ( -35.00106606882472704, 0.000000000000000000, -49.00000000000000000 ) ) ;
#659 = ORIENTED_EDGE ( 'NONE', *, *, #239, .T. ) ;
#660 = CARTESIAN_POINT ( 'NONE',  ( -31.19833011012489266, -26.00000000000000000, -61.00000000000000000 ) ) ;
#661 = CARTESIAN_POINT ( 'NONE',  ( -35.91461611834290579, -26.00000000000000000, -50.40672632939770637 ) ) ;
#662 = CARTESIAN_POINT ( 'NONE',  ( 30.54891449144566806, 4.000000000000000000, -60.00000000000000000 ) ) ;
#663 = CYLINDRICAL_SURFACE ( 'NONE', #302, 1.000000000000000888 ) ;
#664 = ORIENTED_EDGE ( 'NONE', *, *, #1533, .T. ) ;
#665 = VERTEX_POINT ( 'NONE', #1473 ) ;
#666 = EDGE_CURVE ( 'NONE', #1174, #1222, #1507, .T. ) ;
#667 = DIRECTION ( 'NONE',  ( -0.000000000000000000, -1.000000000000000000, -0.000000000000000000 ) ) ;
#668 = EDGE_LOOP ( 'NONE', ( #1467, #656, #571 ) ) ;
#669 = FACE_OUTER_BOUND ( 'NONE', #1548, .T. ) ;
#670 = CARTESIAN_POINT ( 'NONE',  ( 30.28478006060670680, 5.000000000000000000, -60.59327367060229363 ) ) ;
#671 = MECHANICAL_CONTEXT ( 'NONE', #1114, 'mechanical' ) ;
#672 = VECTOR ( 'NONE', #26, 1000.000000000000000 ) ;
#673 = AXIS2_PLACEMENT_3D ( 'NONE', #1464, #196, #756 ) ;
#674 = DIRECTION ( 'NONE',  ( -1.836970198721029688E-16, 0.000000000000000000, -1.000000000000000000 ) ) ;
#675 = AXIS2_PLACEMENT_3D ( 'NONE', #754, #1323, #57 ) ;
#676 = CARTESIAN_POINT ( 'NONE',  ( 44.00000000000000000, 5.000000000000000000, -29.78744933820773255 ) ) ;
#677 = EDGE_LOOP ( 'NONE', ( #1374, #653, #420, #143 ) ) ;
#678 = DIRECTION ( 'NONE',  ( 1.734723475976805517E-14, 0.000000000000000000, -1.000000000000000000 ) ) ;
#679 = PRODUCT_DEFINITION ( 'UNKNOWN', '', #1237, #310 ) ;
#680 = ORIENTED_EDGE ( 'NONE', *, *, #562, .T. ) ;
#681 = DIRECTION ( 'NONE',  ( 0.000000000000000000, 0.000000000000000000, 1.000000000000000000 ) ) ;
#682 = EDGE_CURVE ( 'NONE', #425, #1813, #327, .T. ) ;
#683 = DATE_AND_TIME ( #122, #436 ) ;
#684 = LINE ( 'NONE', #973, #195 ) ;
#685 = VECTOR ( 'NONE', #1525, 1000.000000000000000 ) ;
#686 = ORIENTED_EDGE ( 'NONE', *, *, #1100, .T. ) ;
#687 = AXIS2_PLACEMENT_3D ( 'NONE', #485, #352, #1787 ) ;
#688 = CARTESIAN_POINT ( 'NONE',  ( 45.00000000000000000, 5.000000000000000000, -1.000000000000008216 ) ) ;
#689 = VERTEX_POINT ( 'NONE', #737 ) ;
#690 = CARTESIAN_POINT ( 'NONE',  ( -44.00000000000001421, 1.000000000000000000, -29.78744933820772189 ) ) ;
#691 = DATE_AND_TIME ( #828, #934 ) ;
#692 = ADVANCED_FACE ( 'NONE', ( #203, #56, #465, #472 ), #1037, .F. ) ;
#693 = DIRECTION ( 'NONE',  ( 0.000000000000000000, 1.000000000000000000, -0.000000000000000000 ) ) ;
#694 = ORIENTED_EDGE ( 'NONE', *, *, #1492, .T. ) ;
#695 = CARTESIAN_POINT ( 'NONE',  ( -44.00000000000000000, 1.000000000000000000, -0.9999999999999920064 ) ) ;
#696 = EDGE_LOOP ( 'NONE', ( #1648, #1828, #1637 ) ) ;
#697 = DIRECTION ( 'NONE',  ( 0.4067263293977084748, 0.000000000000000000, -0.9135500495181786418 ) ) ;
#698 = EDGE_CURVE ( 'NONE', #1035, #1199, #1440, .T. ) ;
#699 = VECTOR ( 'NONE', #347, 1000.000000000000114 ) ;
#700 = LINE ( 'NONE', #16, #463 ) ;
#701 =( GEOMETRIC_REPRESENTATION_CONTEXT ( 3 ) GLOBAL_UNCERTAINTY_ASSIGNED_CONTEXT ( ( #1717 ) ) GLOBAL_UNIT_ASSIGNED_CONTEXT ( ( #788, #1109, #947 ) ) REPRESENTATION_CONTEXT ( 'NONE', 'WORKASPACE' ) );
#702 = EDGE_CURVE ( 'NONE', #742, #288, #76, .T. ) ;
#703 = ORIENTED_EDGE ( 'NONE', *, *, #1722, .T. ) ;
#704 = CARTESIAN_POINT ( 'NONE',  ( -44.00000000000000000, 1.000000000000000000, -0.9999999999999920064 ) ) ;
#705 = VECTOR ( 'NONE', #1117, 1000.000000000000114 ) ;
#706 = EDGE_LOOP ( 'NONE', ( #1292, #262, #1365 ) ) ;
#707 = CARTESIAN_POINT ( 'NONE',  ( -44.00000000000001421, 5.000000000000000000, -29.78744933820771834 ) ) ;
#708 = CARTESIAN_POINT ( 'NONE',  ( -35.00000000000000000, 0.000000000000000000, -15.00000000000000000 ) ) ;
#709 = CARTESIAN_POINT ( 'NONE',  ( 35.91461611834291290, 5.000000000000000000, -50.40672632939770637 ) ) ;
#710 = EDGE_LOOP ( 'NONE', ( #1490, #694, #133, #1189 ) ) ;
#711 = EDGE_CURVE ( 'NONE', #956, #657, #1029, .T. ) ;
#712 = VECTOR ( 'NONE', #607, 1000.000000000000114 ) ;
#713 = DIRECTION ( 'NONE',  ( -0.8660254037844390407, 0.000000000000000000, -0.4999999999999991118 ) ) ;
#714 = EDGE_LOOP ( 'NONE', ( #1799, #1476, #1148, #919 ) ) ;
#715 = CIRCLE ( 'NONE', #767, 1.000000000000000888 ) ;
#716 = CARTESIAN_POINT ( 'NONE',  ( -30.54891449144566096, -26.00000000000000000, -60.00000000000000000 ) ) ;
#717 = DIRECTION ( 'NONE',  ( 1.000000000000000000, 1.387778780781445518E-14, 0.000000000000000000 ) ) ;
#718 = FACE_BOUND ( 'NONE', #1487, .T. ) ;
#719 = ORIENTED_EDGE ( 'NONE', *, *, #1417, .T. ) ;
#720 = EDGE_CURVE ( 'NONE', #1649, #665, #1345, .T. ) ;
#721 = ORIENTED_EDGE ( 'NONE', *, *, #1598, .F. ) ;
#722 = FACE_OUTER_BOUND ( 'NONE', #356, .T. ) ;
#723 = CARTESIAN_POINT ( 'NONE',  ( -35.00106606882472704, -27.00000000000000000, -50.00000000000000000 ) ) ;
#724 = DIRECTION ( 'NONE',  ( -0.000000000000000000, -1.000000000000000000, -0.000000000000000000 ) ) ;
#725 = EDGE_LOOP ( 'NONE', ( #635, #495, #781, #1262 ) ) ;
#726 = VECTOR ( 'NONE', #49, 1000.000000000000000 ) ;
#727 = CARTESIAN_POINT ( 'NONE',  ( -35.00000000000000000, 5.000000000000000000, -15.00000000000000000 ) ) ;
#728 = ORIENTED_EDGE ( 'NONE', *, *, #292, .F. ) ;
#729 = CIRCLE ( 'NONE', #523, 2.724999999999994760 ) ;
#730 = EDGE_CURVE ( 'NONE', #104, #202, #1781, .T. ) ;
#731 = DIRECTION ( 'NONE',  ( -0.9135500495181821945, 0.000000000000000000, -0.4067263293977005367 ) ) ;
#732 = EDGE_CURVE ( 'NONE', #981, #1204, #1546, .T. ) ;
#733 = DIRECTION ( 'NONE',  ( -0.000000000000000000, -1.000000000000000000, -0.000000000000000000 ) ) ;
#734 = VERTEX_POINT ( 'NONE', #1011 ) ;
#735 = CARTESIAN_POINT ( 'NONE',  ( 36.15287088592986464, 0.4142135623730936467, -49.87158110029657365 ) ) ;
#736 = ORIENTED_EDGE ( 'NONE', *, *, #1223, .F. ) ;
#737 = CARTESIAN_POINT ( 'NONE',  ( -44.00000000000001421, 5.000000000000000000, -29.78744933820771834 ) ) ;
#738 = VECTOR ( 'NONE', #1633, 1000.000000000000000 ) ;
#739 = CARTESIAN_POINT ( 'NONE',  ( -35.40779239822242630, 0.000000000000000000, -49.08644995048182125 ) ) ;
#740 = EDGE_CURVE ( 'NONE', #108, #808, #152, .T. ) ;
#741 = CARTESIAN_POINT ( 'NONE',  ( -35.00106606882472704, -27.00000000000000000, -49.00000000000000000 ) ) ;
#742 = VERTEX_POINT ( 'NONE', #1018 ) ;
#743 = DIRECTION ( 'NONE',  ( -0.000000000000000000, -1.000000000000000000, -0.000000000000000000 ) ) ;
#744 = ORIENTED_EDGE ( 'NONE', *, *, #1457, .F. ) ;
#745 = CARTESIAN_POINT ( 'NONE',  ( 35.00106606882474125, 0.000000000000000000, -50.00000000000000000 ) ) ;
#746 = LINE ( 'NONE', #1313, #411 ) ;
#747 = DIRECTION ( 'NONE',  ( 4.625929269271485914E-16, 0.000000000000000000, 1.000000000000000000 ) ) ;
#748 = ADVANCED_FACE ( 'NONE', ( #1587 ), #885, .T. ) ;
#749 = VERTEX_POINT ( 'NONE', #1448 ) ;
#750 = ADVANCED_FACE ( 'NONE', ( #599 ), #1165, .F. ) ;
#751 = CARTESIAN_POINT ( 'NONE',  ( -44.00000000000001421, 4.000000000000000000, -29.78744933820771834 ) ) ;
#752 = EDGE_LOOP ( 'NONE', ( #324, #148, #1255 ) ) ;
#753 = DIRECTION ( 'NONE',  ( -0.8660254037844390407, 0.000000000000000000, 0.4999999999999991118 ) ) ;
#754 = CARTESIAN_POINT ( 'NONE',  ( 28.68220495501817879, 5.000000000000000000, -49.67903625519527822 ) ) ;
#755 = AXIS2_PLACEMENT_3D ( 'NONE', #880, #593, #1054 ) ;
#756 = DIRECTION ( 'NONE',  ( 0.000000000000000000, 0.000000000000000000, -1.000000000000000000 ) ) ;
#757 = LINE ( 'NONE', #1371, #204 ) ;
#758 = EDGE_CURVE ( 'NONE', #1779, #1567, #1455, .T. ) ;
#759 = DIRECTION ( 'NONE',  ( -1.000000000000000000, 0.000000000000000000, -2.428612866367527723E-14 ) ) ;
#760 = ORIENTED_EDGE ( 'NONE', *, *, #1718, .F. ) ;
#761 = ORIENTED_EDGE ( 'NONE', *, *, #682, .T. ) ;
#762 = EDGE_CURVE ( 'NONE', #574, #445, #45, .T. ) ;
#763 = CARTESIAN_POINT ( 'NONE',  ( -44.00000000000000000, 4.000000000000000000, -0.9999999999999920064 ) ) ;
#764 =( BOUNDED_CURVE ( )  B_SPLINE_CURVE ( 3, ( #31, #600, #1463, #739 ),
 .UNSPECIFIED., .F., .T. ) 
 B_SPLINE_CURVE_WITH_KNOTS ( ( 4, 4 ),
 ( 4.712388980384692339, 6.283185307179586232 ),
 .UNSPECIFIED. ) 
 CURVE ( )  GEOMETRIC_REPRESENTATION_ITEM ( )  RATIONAL_B_SPLINE_CURVE ( ( 1.000000000000000000, 0.8047378541243654926, 0.8047378541243654926, 1.000000000000000000 ) ) 
 REPRESENTATION_ITEM ( '' )  );
#765 = FACE_OUTER_BOUND ( 'NONE', #1309, .T. ) ;
#766 = CARTESIAN_POINT ( 'NONE',  ( 45.00000000000000000, 0.000000000000000000, -1.000000000000007994 ) ) ;
#767 = AXIS2_PLACEMENT_3D ( 'NONE', #1647, #494, #759 ) ;
#768 = CARTESIAN_POINT ( 'NONE',  ( -28.68220495501817879, 5.000000000000000000, -49.67903625519527822 ) ) ;
#769 = DIRECTION ( 'NONE',  ( -1.000000000000000000, 0.000000000000000000, 4.625929269271495775E-16 ) ) ;
#770 = ORIENTED_EDGE ( 'NONE', *, *, #842, .T. ) ;
#771 = ORIENTED_EDGE ( 'NONE', *, *, #1026, .T. ) ;
#772 = CARTESIAN_POINT ( 'NONE',  ( -35.62736195346158041, 0.000000000000000000, -48.59327367060229363 ) ) ;
#773 = EDGE_CURVE ( 'NONE', #210, #385, #1322, .T. ) ;
#774 = ORIENTED_EDGE ( 'NONE', *, *, #329, .T. ) ;
#775 = FACE_OUTER_BOUND ( 'NONE', #714, .T. ) ;
#776 = SPHERICAL_SURFACE ( 'NONE', #285, 1.000000000000000000 ) ;
#777 = CARTESIAN_POINT ( 'NONE',  ( 24.00000000000000000, -27.00000000000000000, -58.61769145362398348 ) ) ;
#778 = DIRECTION ( 'NONE',  ( -0.4067263293977084748, -0.000000000000000000, 0.9135500495181786418 ) ) ;
#779 = FACE_OUTER_BOUND ( 'NONE', #539, .T. ) ;
#780 = ORIENTED_EDGE ( 'NONE', *, *, #1287, .T. ) ;
#781 = ORIENTED_EDGE ( 'NONE', *, *, #666, .F. ) ;
#782 = DIRECTION ( 'NONE',  ( 0.000000000000000000, 0.000000000000000000, 1.000000000000000000 ) ) ;
#783 = AXIS2_PLACEMENT_3D ( 'NONE', #992, #290, #852 ) ;
#784 = CIRCLE ( 'NONE', #1052, 2.724999999999994760 ) ;
#785 = FACE_OUTER_BOUND ( 'NONE', #706, .T. ) ;
#786 = LINE ( 'NONE', #75, #844 ) ;
#787 = CIRCLE ( 'NONE', #1834, 1.000000000000000888 ) ;
#788 =( LENGTH_UNIT ( ) NAMED_UNIT ( * ) SI_UNIT ( .MILLI., .METRE. ) );
#789 = EDGE_CURVE ( 'NONE', #304, #1014, #1366, .T. ) ;
#790 = VECTOR ( 'NONE', #1684, 1000.000000000000000 ) ;
#791 = PLANE ( 'NONE',  #1620 ) ;
#792 = CYLINDRICAL_SURFACE ( 'NONE', #1560, 1.000000000000000888 ) ;
#793 = EDGE_LOOP ( 'NONE', ( #932, #991, #703, #1235, #664, #1516, #1743, #794 ) ) ;
#794 = ORIENTED_EDGE ( 'NONE', *, *, #1132, .F. ) ;
#795 = CARTESIAN_POINT ( 'NONE',  ( -45.00000000000001421, 4.000000000000000000, -30.00000000000000000 ) ) ;
#796 = VERTEX_POINT ( 'NONE', #911 ) ;
#797 = CARTESIAN_POINT ( 'NONE',  ( -47.78921188519053942, 4.000000000000000000, -21.27648150763535639 ) ) ;
#798 = CARTESIAN_POINT ( 'NONE',  ( -36.15287088592985043, -26.58578643762690774, -49.87158110029656655 ) ) ;
#799 = PERSON_AND_ORGANIZATION ( #1654, #227 ) ;
#800 = CIRCLE ( 'NONE', #6, 1.000000000000000888 ) ;
#801 = EDGE_CURVE ( 'NONE', #1363, #1199, #948, .T. ) ;
#802 = VECTOR ( 'NONE', #1778, 1000.000000000000000 ) ;
#803 = DIRECTION ( 'NONE',  ( -0.9135500495181787528, 0.000000000000000000, -0.4067263293977085303 ) ) ;
#804 = CARTESIAN_POINT ( 'NONE',  ( 35.00000000000000000, 0.000000000000000000, -15.00000000000000000 ) ) ;
#805 = ORIENTED_EDGE ( 'NONE', *, *, #1676, .F. ) ;
#806 = ORIENTED_EDGE ( 'NONE', *, *, #32, .F. ) ;
#807 = CARTESIAN_POINT ( 'NONE',  ( -45.00000000000000000, 5.000000000000000000, 2.081668171172168513E-14 ) ) ;
#808 = VERTEX_POINT ( 'NONE', #1782 ) ;
#809 = DIRECTION ( 'NONE',  ( -0.8660254037844382635, 0.000000000000000000, -0.5000000000000004441 ) ) ;
#810 = DIRECTION ( 'NONE',  ( -0.8660254037844370423, 0.000000000000000000, -0.5000000000000027756 ) ) ;
#811 = PERSON_AND_ORGANIZATION ( #1654, #227 ) ;
#812 = DIRECTION ( 'NONE',  ( -0.000000000000000000, -1.000000000000000000, -0.000000000000000000 ) ) ;
#813 = EDGE_CURVE ( 'NONE', #749, #1704, #633, .T. ) ;
#814 = CARTESIAN_POINT ( 'NONE',  ( -35.00000000000000000, 5.000000000000000000, -15.00000000000000000 ) ) ;
#815 = VERTEX_POINT ( 'NONE', #497 ) ;
#816 = CARTESIAN_POINT ( 'NONE',  ( -35.00000000000000000, 5.000000000000000000, -17.72499999999999432 ) ) ;
#817 = EDGE_LOOP ( 'NONE', ( #598, #536, #736, #1760 ) ) ;
#818 = PLANE ( 'NONE',  #117 ) ;
#819 = DIRECTION ( 'NONE',  ( 1.000000000000000000, 0.000000000000000000, 0.000000000000000000 ) ) ;
#820 = VECTOR ( 'NONE', #206, 1000.000000000000000 ) ;
#821 = VECTOR ( 'NONE', #522, 1000.000000000000000 ) ;
#822 = LINE ( 'NONE', #1669, #995 ) ;
#823 = ORIENTED_EDGE ( 'NONE', *, *, #1627, .F. ) ;
#824 = DIRECTION ( 'NONE',  ( 0.000000000000000000, 0.000000000000000000, -1.000000000000000000 ) ) ;
#825 = EDGE_CURVE ( 'NONE', #665, #1295, #1082, .T. ) ;
#826 = VERTEX_POINT ( 'NONE', #816 ) ;
#827 = DIRECTION ( 'NONE',  ( -0.000000000000000000, -1.000000000000000000, -0.000000000000000000 ) ) ;
#828 = CALENDAR_DATE ( 2026, 26, 6 ) ;
#829 = DIRECTION ( 'NONE',  ( 3.469446951953610402E-14, -0.000000000000000000, 1.000000000000000000 ) ) ;
#830 = VECTOR ( 'NONE', #1671, 1000.000000000000114 ) ;
#831 = ORIENTED_EDGE ( 'NONE', *, *, #1005, .T. ) ;
#832 = DIRECTION ( 'NONE',  ( -0.000000000000000000, 1.000000000000000000, -0.000000000000000000 ) ) ;
#833 = ORIENTED_EDGE ( 'NONE', *, *, #319, .F. ) ;
#834 = EDGE_CURVE ( 'NONE', #342, #665, #1761, .T. ) ;
#835 = CARTESIAN_POINT ( 'NONE',  ( -23.99999999999998934, -27.00000000000000000, -52.38230854637603073 ) ) ;
#836 = EDGE_CURVE ( 'NONE', #1014, #1112, #1063, .T. ) ;
#837 = CARTESIAN_POINT ( 'NONE',  ( 21.29999999999999361, 5.000000000000000000, -53.94115427318801181 ) ) ;
#838 = ORIENTED_EDGE ( 'NONE', *, *, #223, .T. ) ;
#839 = LINE ( 'NONE', #1557, #1453 ) ;
#840 = ORIENTED_EDGE ( 'NONE', *, *, #1234, .F. ) ;
#841 = DIRECTION ( 'NONE',  ( 1.000000000000000000, 1.040834085586083310E-14, 0.000000000000000000 ) ) ;
#842 = EDGE_CURVE ( 'NONE', #210, #376, #1224, .T. ) ;
#843 = CARTESIAN_POINT ( 'NONE',  ( 45.00000000000000000, 1.000000000000000000, -1.000000000000007994 ) ) ;
#844 = VECTOR ( 'NONE', #1207, 1000.000000000000000 ) ;
#845 = EDGE_CURVE ( 'NONE', #742, #989, #1191, .T. ) ;
#846 = CARTESIAN_POINT ( 'NONE',  ( -31.19833011012489266, 5.000000000000000000, -60.00000000000000000 ) ) ;
#847 = CC_DESIGN_APPROVAL ( #542, ( #679 ) ) ;
#848 = ORIENTED_EDGE ( 'NONE', *, *, #651, .F. ) ;
#849 = VECTOR ( 'NONE', #309, 1000.000000000000000 ) ;
#850 = CARTESIAN_POINT ( 'NONE',  ( -30.54891449144566451, -26.00000000000000000, -60.00000000000000000 ) ) ;
#851 = ORIENTED_EDGE ( 'NONE', *, *, #758, .T. ) ;
#852 = DIRECTION ( 'NONE',  ( -1.000000000000000000, 0.000000000000000000, 0.000000000000000000 ) ) ;
#853 = LINE ( 'NONE', #251, #1390 ) ;
#854 = CARTESIAN_POINT ( 'NONE',  ( -45.00000000000000000, 4.000000000000000000, 8.239936510889833698E-15 ) ) ;
#855 = ADVANCED_FACE ( 'NONE', ( #648 ), #527, .F. ) ;
#856 = EDGE_LOOP ( 'NONE', ( #437, #1629, #164, #443 ) ) ;
#857 = CIRCLE ( 'NONE', #1101, 1.000000000000001998 ) ;
#858 = DIRECTION ( 'NONE',  ( 0.8660254037844383745, 0.000000000000000000, -0.5000000000000003331 ) ) ;
#859 = ORIENTED_EDGE ( 'NONE', *, *, #1318, .T. ) ;
#860 = CIRCLE ( 'NONE', #1276, 1.000000000000000888 ) ;
#861 = CARTESIAN_POINT ( 'NONE',  ( -26.69999999999999574, 5.000000000000000000, -53.94115427318801181 ) ) ;
#862 = DIRECTION ( 'NONE',  ( 0.000000000000000000, 1.000000000000000000, 0.000000000000000000 ) ) ;
#863 = FACE_BOUND ( 'NONE', #1769, .T. ) ;
#864 = ORIENTED_EDGE ( 'NONE', *, *, #1667, .T. ) ;
#865 = CARTESIAN_POINT ( 'NONE',  ( 30.54891449144566806, 4.000000000000000000, -60.00000000000000000 ) ) ;
#866 = ORIENTED_EDGE ( 'NONE', *, *, #1755, .T. ) ;
#867 = EDGE_CURVE ( 'NONE', #72, #1653, #475, .T. ) ;
#868 = DIRECTION ( 'NONE',  ( 0.000000000000000000, 0.000000000000000000, 1.000000000000000000 ) ) ;
#869 = DIRECTION ( 'NONE',  ( 0.000000000000000000, 0.000000000000000000, -1.000000000000000000 ) ) ;
#870 = LINE ( 'NONE', #1711, #1498 ) ;
#871 = AXIS2_PLACEMENT_3D ( 'NONE', #716, #1280, #841 ) ;
#872 = ORIENTED_EDGE ( 'NONE', *, *, #1057, .T. ) ;
#873 = AXIS2_PLACEMENT_3D ( 'NONE', #804, #82, #655 ) ;
#874 = SPHERICAL_SURFACE ( 'NONE', #566, 1.000000000000000000 ) ;
#875 = PRODUCT_DEFINITION_SHAPE ( 'NONE', 'NONE',  #679 ) ;
#876 = ORIENTED_EDGE ( 'NONE', *, *, #711, .F. ) ;
#877 = AXIS2_PLACEMENT_3D ( 'NONE', #558, #1134, #1125 ) ;
#878 = DIRECTION ( 'NONE',  ( 0.000000000000000000, -1.000000000000000000, 0.000000000000000000 ) ) ;
#879 = EDGE_CURVE ( 'NONE', #657, #1461, #1424, .T. ) ;
#880 = CARTESIAN_POINT ( 'NONE',  ( -31.19833011012489266, 0.000000000000000000, -61.00000000000000000 ) ) ;
#881 = CARTESIAN_POINT ( 'NONE',  ( -44.00000000000000000, 5.000000000000000000, -4.625929269271499719E-16 ) ) ;
#882 = EDGE_LOOP ( 'NONE', ( #1387, #1362, #105, #13 ) ) ;
#883 = DIRECTION ( 'NONE',  ( 0.000000000000000000, 0.000000000000000000, -1.000000000000000000 ) ) ;
#884 = VERTEX_POINT ( 'NONE', #1053 ) ;
#885 = CYLINDRICAL_SURFACE ( 'NONE', #126, 1.000000000000000222 ) ;
#886 = AXIS2_PLACEMENT_3D ( 'NONE', #1339, #1202, #1214 ) ;
#887 = DIRECTION ( 'NONE',  ( -0.8660254037844385966, 0.000000000000000000, -0.5000000000000001110 ) ) ;
#888 = ADVANCED_FACE ( 'NONE', ( #1623 ), #1491, .F. ) ;
#889 = DIRECTION ( 'NONE',  ( -1.836970198721029934E-16, 0.000000000000000000, -1.000000000000000000 ) ) ;
#890 = ORIENTED_EDGE ( 'NONE', *, *, #1586, .T. ) ;
#891 = SPHERICAL_SURFACE ( 'NONE', #449, 1.000000000000000000 ) ;
#892 = VERTEX_POINT ( 'NONE', #1351 ) ;
#893 = DIRECTION ( 'NONE',  ( -1.000000000000000000, 0.000000000000000000, -0.000000000000000000 ) ) ;
#894 = DIRECTION ( 'NONE',  ( 0.000000000000000000, 1.000000000000000000, 3.469446951953614189E-15 ) ) ;
#895 = SPHERICAL_SURFACE ( 'NONE', #673, 1.000000000000000000 ) ;
#896 = ADVANCED_FACE ( 'NONE', ( #1641 ), #1482, .T. ) ;
#897 = CARTESIAN_POINT ( 'NONE',  ( 0.000000000000000000, 5.000000000000000000, -23.00000000000000000 ) ) ;
#898 = CARTESIAN_POINT ( 'NONE',  ( -30.54891449144566451, 0.000000000000000000, -60.00000000000000000 ) ) ;
#899 = ORIENTED_EDGE ( 'NONE', *, *, #1417, .F. ) ;
#900 = VERTEX_POINT ( 'NONE', #658 ) ;
#901 = AXIS2_PLACEMENT_3D ( 'NONE', #138, #1547, #1282 ) ;
#902 = CARTESIAN_POINT ( 'NONE',  ( 0.000000000000000000, 0.000000000000000000, 0.000000000000000000 ) ) ;
#903 = LINE ( 'NONE', #187, #1564 ) ;
#904 = VECTOR ( 'NONE', #1354, 1000.000000000000114 ) ;
#905 = LINE ( 'NONE', #766, #260 ) ;
#906 = DIRECTION ( 'NONE',  ( -0.8660254037844383745, 0.000000000000000000, 0.5000000000000003331 ) ) ;
#907 = EDGE_CURVE ( 'NONE', #689, #796, #857, .T. ) ;
#908 = DIRECTION ( 'NONE',  ( 0.000000000000000000, 1.000000000000000000, -0.000000000000000000 ) ) ;
#909 = ORIENTED_EDGE ( 'NONE', *, *, #1406, .T. ) ;
#910 = ORIENTED_EDGE ( 'NONE', *, *, #1384, .F. ) ;
#911 = CARTESIAN_POINT ( 'NONE',  ( -44.91355004951819296, 4.000000000000000000, -30.19417566760542826 ) ) ;
#912 = DIRECTION ( 'NONE',  ( -0.000000000000000000, -0.000000000000000000, -1.000000000000000000 ) ) ;
#913 = CARTESIAN_POINT ( 'NONE',  ( -35.94293762732355901, -27.00000000000000000, -49.32470471806875878 ) ) ;
#914 = AXIS2_PLACEMENT_3D ( 'NONE', #1606, #308, #868 ) ;
#915 = CARTESIAN_POINT ( 'NONE',  ( -44.00000000000000000, 5.000000000000000000, 8.082668874372530822E-15 ) ) ;
#916 = ORIENTED_EDGE ( 'NONE', *, *, #451, .F. ) ;
#917 = DIRECTION ( 'NONE',  ( 0.000000000000000000, 1.000000000000000000, 0.000000000000000000 ) ) ;
#918 = ADVANCED_FACE ( 'NONE', ( #1651 ), #246, .F. ) ;
#919 = ORIENTED_EDGE ( 'NONE', *, *, #1162, .F. ) ;
#920 = EDGE_LOOP ( 'NONE', ( #415, #944, #899 ) ) ;
#921 = DIRECTION ( 'NONE',  ( 0.000000000000000000, 0.000000000000000000, -1.000000000000000000 ) ) ;
#922 = EDGE_CURVE ( 'NONE', #1027, #1164, #980, .T. ) ;
#923 = DIRECTION ( 'NONE',  ( -1.000000000000000000, 0.000000000000000000, 0.000000000000000000 ) ) ;
#924 = LINE ( 'NONE', #378, #1118 ) ;
#925 = PERSON_AND_ORGANIZATION ( #1654, #227 ) ;
#926 = DIRECTION ( 'NONE',  ( -0.4067263293977084748, 0.000000000000000000, -0.9135500495181787528 ) ) ;
#927 = CARTESIAN_POINT ( 'NONE',  ( -30.54891449144566451, -26.00000000000000000, -61.00000000000000000 ) ) ;
#928 = ORIENTED_EDGE ( 'NONE', *, *, #1357, .F. ) ;
#929 = ORIENTED_EDGE ( 'NONE', *, *, #1175, .T. ) ;
#930 = DIRECTION ( 'NONE',  ( -0.000000000000000000, 1.000000000000000000, 0.000000000000000000 ) ) ;
#931 = VECTOR ( 'NONE', #1334, 1000.000000000000000 ) ;
#932 = ORIENTED_EDGE ( 'NONE', *, *, #732, .T. ) ;
#933 = DIRECTION ( 'NONE',  ( 0.4067263293977085303, -0.000000000000000000, -0.9135500495181787528 ) ) ;
#934 = LOCAL_TIME ( 23, 33, 3.000000000000000000, #959 ) ;
#935 = EDGE_CURVE ( 'NONE', #1174, #749, #447, .T. ) ;
#936 = CARTESIAN_POINT ( 'NONE',  ( 19.38220495501818164, 5.000000000000000000, -33.57096374480470757 ) ) ;
#937 = VECTOR ( 'NONE', #1413, 1000.000000000000000 ) ;
#938 = APPROVAL_DATE_TIME ( #380, #613 ) ;
#939 = FACE_OUTER_BOUND ( 'NONE', #370, .T. ) ;
#940 = CARTESIAN_POINT ( 'NONE',  ( 30.54891449144566806, -26.00000000000000000, -61.00000000000000000 ) ) ;
#941 = ORIENTED_EDGE ( 'NONE', *, *, #1745, .T. ) ;
#942 = EDGE_LOOP ( 'NONE', ( #561, #410, #1377, #1789, #51, #984 ) ) ;
#943 = DIRECTION ( 'NONE',  ( -4.625929269271485914E-16, -0.000000000000000000, -1.000000000000000000 ) ) ;
#944 = ORIENTED_EDGE ( 'NONE', *, *, #314, .T. ) ;
#945 = LINE ( 'NONE', #540, #972 ) ;
#946 = DIRECTION ( 'NONE',  ( 0.4067263293977084748, 0.000000000000000000, 0.9135500495181787528 ) ) ;
#947 =( NAMED_UNIT ( * ) SI_UNIT ( $, .STERADIAN. ) SOLID_ANGLE_UNIT ( ) );
#948 = CIRCLE ( 'NONE', #592, 1.000000000000000888 ) ;
#949 = CIRCLE ( 'NONE', #1750, 2.724999999999994760 ) ;
#950 = ADVANCED_FACE ( 'NONE', ( #1542 ), #3, .T. ) ;
#951 = DIRECTION ( 'NONE',  ( 0.000000000000000000, 1.000000000000000000, -0.000000000000000000 ) ) ;
#952 = CARTESIAN_POINT ( 'NONE',  ( -44.00000000000000000, 4.000000000000000000, -0.9999999999999920064 ) ) ;
#953 = ORIENTED_EDGE ( 'NONE', *, *, #1468, .T. ) ;
#954 = ORIENTED_EDGE ( 'NONE', *, *, #52, .F. ) ;
#955 = DIRECTION ( 'NONE',  ( 0.000000000000000000, -1.000000000000000000, 0.000000000000000000 ) ) ;
#956 = VERTEX_POINT ( 'NONE', #286 ) ;
#957 = CARTESIAN_POINT ( 'NONE',  ( 30.54891449144565385, 5.000000000000000000, -60.00000000000000000 ) ) ;
#958 = DIRECTION ( 'NONE',  ( 0.000000000000000000, -1.000000000000000000, 0.000000000000000000 ) ) ;
#959 = COORDINATED_UNIVERSAL_TIME_OFFSET ( 9, 0, .AHEAD. ) ;
#960 =( BOUNDED_CURVE ( )  B_SPLINE_CURVE ( 3, ( #98, #913, #798, #661 ),
 .UNSPECIFIED., .F., .T. ) 
 B_SPLINE_CURVE_WITH_KNOTS ( ( 4, 4 ),
 ( 3.141592653589790896, 4.712388980384687009 ),
 .UNSPECIFIED. ) 
 CURVE ( )  GEOMETRIC_REPRESENTATION_ITEM ( )  RATIONAL_B_SPLINE_CURVE ( ( 1.000000000000000000, 0.8047378541243650485, 0.8047378541243650485, 1.000000000000000000 ) ) 
 REPRESENTATION_ITEM ( '' )  );
#961 = EDGE_CURVE ( 'NONE', #749, #1222, #300, .T. ) ;
#962 = DIRECTION ( 'NONE',  ( 0.000000000000000000, -3.469446951953611033E-15, 1.000000000000000000 ) ) ;
#963 = ORIENTED_EDGE ( 'NONE', *, *, #338, .T. ) ;
#964 = PLANE ( 'NONE',  #242 ) ;
#965 = ORIENTED_EDGE ( 'NONE', *, *, #1223, .T. ) ;
#966 = CARTESIAN_POINT ( 'NONE',  ( -30.54891449144566096, 4.000000000000000000, -60.00000000000000000 ) ) ;
#967 = AXIS2_PLACEMENT_3D ( 'NONE', #1824, #280, #549 ) ;
#968 = DIRECTION ( 'NONE',  ( -0.4067263293977084748, 0.000000000000000000, -0.9135500495181787528 ) ) ;
#969 = CARTESIAN_POINT ( 'NONE',  ( 0.000000000000000000, 0.000000000000000000, 0.000000000000000000 ) ) ;
#970 = VECTOR ( 'NONE', #1600, 1000.000000000000000 ) ;
#971 = AXIS2_PLACEMENT_3D ( 'NONE', #723, #1381, #869 ) ;
#972 = VECTOR ( 'NONE', #1772, 1000.000000000000000 ) ;
#973 = CARTESIAN_POINT ( 'NONE',  ( 21.29999999999999361, -27.00000000000000000, -53.94115427318801181 ) ) ;
#974 = EDGE_LOOP ( 'NONE', ( #965, #1712, #1033 ) ) ;
#975 = EDGE_CURVE ( 'NONE', #1174, #742, #839, .T. ) ;
#976 = LINE ( 'NONE', #1113, #1250 ) ;
#977 = ORIENTED_EDGE ( 'NONE', *, *, #576, .T. ) ;
#978 = EDGE_CURVE ( 'NONE', #1035, #1363, #360, .T. ) ;
#979 = CARTESIAN_POINT ( 'NONE',  ( 44.00000000000000000, 4.000000000000000000, -1.000000000000007994 ) ) ;
#980 = CIRCLE ( 'NONE', #1573, 1.000000000000000666 ) ;
#981 = VERTEX_POINT ( 'NONE', #1549 ) ;
#982 = CARTESIAN_POINT ( 'NONE',  ( 30.54891449144566806, -26.00000000000000000, -60.00000000000000000 ) ) ;
#983 = CC_DESIGN_PERSON_AND_ORGANIZATION_ASSIGNMENT ( #99, #511, ( #100 ) ) ;
#984 = ORIENTED_EDGE ( 'NONE', *, *, #118, .T. ) ;
#985 = CARTESIAN_POINT ( 'NONE',  ( -26.69999999999999574, -27.00000000000000000, -57.05884572681199529 ) ) ;
#986 = EDGE_CURVE ( 'NONE', #71, #815, #501, .T. ) ;
#987 = CARTESIAN_POINT ( 'NONE',  ( -24.00000000000000711, -27.00000000000000000, -58.61769145362399769 ) ) ;
#988 = DIRECTION ( 'NONE',  ( -0.000000000000000000, -1.000000000000000000, -0.000000000000000000 ) ) ;
#989 = VERTEX_POINT ( 'NONE', #1680 ) ;
#990 = DIRECTION ( 'NONE',  ( 0.4999999999999991673, 0.000000000000000000, -0.8660254037844391517 ) ) ;
#991 = ORIENTED_EDGE ( 'NONE', *, *, #1073, .T. ) ;
#992 = CARTESIAN_POINT ( 'NONE',  ( 44.00000000000000000, 1.000000000000000000, 0.000000000000000000 ) ) ;
#993 = CARTESIAN_POINT ( 'NONE',  ( 0.000000000000000000, 5.000000000000000000, -18.00000000000000000 ) ) ;
#994 = EDGE_CURVE ( 'NONE', #307, #1420, #547, .T. ) ;
#995 = VECTOR ( 'NONE', #1677, 1000.000000000000114 ) ;
#996 = CARTESIAN_POINT ( 'NONE',  ( 31.46246454096385392, 4.000000000000000000, -60.40672632939770637 ) ) ;
#997 = ORIENTED_EDGE ( 'NONE', *, *, #1775, .F. ) ;
#998 = AXIS2_PLACEMENT_3D ( 'NONE', #145, #1810, #1281 ) ;
#999 = DIRECTION ( 'NONE',  ( 0.000000000000000000, 1.000000000000000000, -0.000000000000000000 ) ) ;
#1000 = ORIENTED_EDGE ( 'NONE', *, *, #616, .F. ) ;
#1001 = CARTESIAN_POINT ( 'NONE',  ( 26.70000000000000639, 5.000000000000000000, -53.94115427318801892 ) ) ;
#1002 = DIRECTION ( 'NONE',  ( 0.000000000000000000, 0.000000000000000000, 1.000000000000000000 ) ) ;
#1003 = CLOSED_SHELL ( 'NONE', ( #1142, #212, #1687, #692, #888, #365, #379, #78, #441, #24, #918, #238, #1554, #1415, #1046, #1608, #66, #1450, #493, #483, #419, #1480, #1083, #855, #1668, #263, #1510, #750, #1247, #282, #102, #517, #507, #1257, #896, #2, #295, #573, #391, #503, #305, #1359, #1160, #1399, #1341, #1699, #586, #643, #1804, #748, #1300, #1098, #55, #1808, #1372, #1551, #189, #1494, #1209, #1543, #567, #950 ) ) ;
#1004 = LINE ( 'NONE', #709, #1264 ) ;
#1005 = EDGE_CURVE ( 'NONE', #574, #425, #1419, .T. ) ;
#1006 = EDGE_LOOP ( 'NONE', ( #93, #1489, #1702, #270 ) ) ;
#1007 = AXIS2_PLACEMENT_3D ( 'NONE', #387, #374, #355 ) ;
#1008 = CYLINDRICAL_SURFACE ( 'NONE', #1251, 1.000000000000000000 ) ;
#1009 = ORIENTED_EDGE ( 'NONE', *, *, #1827, .F. ) ;
#1010 = AXIS2_PLACEMENT_3D ( 'NONE', #1319, #176, #1016 ) ;
#1011 = CARTESIAN_POINT ( 'NONE',  ( 23.99999999999998934, -27.00000000000000000, -52.38230854637603073 ) ) ;
#1012 = CYLINDRICAL_SURFACE ( 'NONE', #1414, 1.000000000000000888 ) ;
#1013 = CARTESIAN_POINT ( 'NONE',  ( 45.00000000000000000, 4.000000000000000000, -1.000000000000007994 ) ) ;
#1014 = VERTEX_POINT ( 'NONE', #1822 ) ;
#1015 = EDGE_CURVE ( 'NONE', #1550, #1605, #976, .T. ) ;
#1016 = DIRECTION ( 'NONE',  ( 1.000000000000000000, 0.000000000000000000, -4.336808689942013792E-16 ) ) ;
#1017 = ORIENTED_EDGE ( 'NONE', *, *, #314, .F. ) ;
#1018 = CARTESIAN_POINT ( 'NONE',  ( -45.00000000000000000, 4.000000000000000000, -0.9999999999999915623 ) ) ;
#1019 = LINE ( 'NONE', #1306, #81 ) ;
#1020 = LINE ( 'NONE', #641, #699 ) ;
#1021 = AXIS2_PLACEMENT_3D ( 'NONE', #1493, #638, #88 ) ;
#1022 = EDGE_LOOP ( 'NONE', ( #526, #4, #1689, #1383 ) ) ;
#1023 = APPROVAL_PERSON_ORGANIZATION ( #225, #1561, #1818 ) ;
#1024 = CARTESIAN_POINT ( 'NONE',  ( -21.29999999999999361, -27.00000000000000000, -53.94115427318801892 ) ) ;
#1025 = VECTOR ( 'NONE', #213, 1000.000000000000000 ) ;
#1026 = EDGE_CURVE ( 'NONE', #304, #175, #1036, .T. ) ;
#1027 = VERTEX_POINT ( 'NONE', #149 ) ;
#1028 = CIRCLE ( 'NONE', #1836, 1.000000000000000000 ) ;
#1029 = LINE ( 'NONE', #1296, #315 ) ;
#1030 = EDGE_CURVE ( 'NONE', #956, #1295, #1302, .T. ) ;
#1031 = DIRECTION ( 'NONE',  ( 0.000000000000000000, 1.000000000000000000, 0.000000000000000000 ) ) ;
#1032 = DIRECTION ( 'NONE',  ( -0.000000000000000000, 0.000000000000000000, 1.000000000000000000 ) ) ;
#1033 = ORIENTED_EDGE ( 'NONE', *, *, #1667, .F. ) ;
#1034 = CARTESIAN_POINT ( 'NONE',  ( -26.69999999999999574, 5.000000000000000000, -53.94115427318801181 ) ) ;
#1035 = VERTEX_POINT ( 'NONE', #297 ) ;
#1036 = CIRCLE ( 'NONE', #332, 1.000000000000000888 ) ;
#1037 = PLANE ( 'NONE',  #1740 ) ;
#1038 = CIRCLE ( 'NONE', #61, 1.000000000000000888 ) ;
#1039 = DIRECTION ( 'NONE',  ( -0.000000000000000000, -1.000000000000000000, -0.000000000000000000 ) ) ;
#1040 = EDGE_CURVE ( 'NONE', #590, #96, #1601, .T. ) ;
#1041 = DIRECTION ( 'NONE',  ( -0.5000000000000004441, 0.000000000000000000, -0.8660254037844384856 ) ) ;
#1042 = LINE ( 'NONE', #461, #245 ) ;
#1043 = EDGE_LOOP ( 'NONE', ( #1095, #1081 ) ) ;
#1044 = CARTESIAN_POINT ( 'NONE',  ( 30.54891449144567162, 4.000000000000000000, -60.00000000000000000 ) ) ;
#1045 = FACE_OUTER_BOUND ( 'NONE', #725, .T. ) ;
#1046 = ADVANCED_FACE ( 'NONE', ( #435 ), #1568, .T. ) ;
#1047 = DIRECTION ( 'NONE',  ( -1.000000000000000000, 0.000000000000000000, 0.000000000000000000 ) ) ;
#1048 = DIRECTION ( 'NONE',  ( 0.8660254037844385966, 0.000000000000000000, -0.5000000000000001110 ) ) ;
#1049 = CYLINDRICAL_SURFACE ( 'NONE', #8, 1.000000000000000888 ) ;
#1050 = VERTEX_POINT ( 'NONE', #11 ) ;
#1051 = ORIENTED_EDGE ( 'NONE', *, *, #867, .T. ) ;
#1052 = AXIS2_PLACEMENT_3D ( 'NONE', #1211, #1070, #1230 ) ;
#1053 = CARTESIAN_POINT ( 'NONE',  ( 21.29999999999999361, 5.000000000000000000, -53.94115427318801181 ) ) ;
#1054 = DIRECTION ( 'NONE',  ( 1.000000000000000000, 0.000000000000000000, 0.000000000000000000 ) ) ;
#1055 = CIRCLE ( 'NONE', #1504, 1.000000000000000000 ) ;
#1056 = CARTESIAN_POINT ( 'NONE',  ( 30.54891449144566806, 5.000000000000000000, -60.00000000000000000 ) ) ;
#1057 = EDGE_CURVE ( 'NONE', #135, #1295, #800, .T. ) ;
#1058 = CARTESIAN_POINT ( 'NONE',  ( 47.78921188519053231, -26.00000000000000000, -21.27648150763534929 ) ) ;
#1059 = EDGE_CURVE ( 'NONE', #1704, #104, #1481, .T. ) ;
#1060 = DIRECTION ( 'NONE',  ( 0.000000000000000000, 0.000000000000000000, 1.000000000000000000 ) ) ;
#1061 = EDGE_LOOP ( 'NONE', ( #831, #910, #848, #605 ) ) ;
#1062 = ORIENTED_EDGE ( 'NONE', *, *, #1598, .T. ) ;
#1063 = LINE ( 'NONE', #772, #273 ) ;
#1064 = ORIENTED_EDGE ( 'NONE', *, *, #935, .T. ) ;
#1065 = CYLINDRICAL_SURFACE ( 'NONE', #1445, 2.724999999999994760 ) ;
#1066 = LINE ( 'NONE', #670, #1590 ) ;
#1067 = AXIS2_PLACEMENT_3D ( 'NONE', #1044, #1726, #344 ) ;
#1068 = DIRECTION ( 'NONE',  ( 0.4067263293977084748, 0.000000000000000000, -0.9135500495181786418 ) ) ;
#1069 = ORIENTED_EDGE ( 'NONE', *, *, #106, .F. ) ;
#1070 = DIRECTION ( 'NONE',  ( 0.000000000000000000, 1.000000000000000000, -0.000000000000000000 ) ) ;
#1071 = ORIENTED_EDGE ( 'NONE', *, *, #596, .F. ) ;
#1072 = ORIENTED_EDGE ( 'NONE', *, *, #451, .T. ) ;
#1073 = EDGE_CURVE ( 'NONE', #1204, #201, #1138, .T. ) ;
#1074 = CARTESIAN_POINT ( 'NONE',  ( 44.00000000000000000, 4.000000000000000000, -1.000000000000007994 ) ) ;
#1075 = PLANE ( 'NONE',  #1173 ) ;
#1076 = CARTESIAN_POINT ( 'NONE',  ( 35.00106606882474125, -27.00000000000000000, -49.00000000000000000 ) ) ;
#1077 = APPLICATION_PROTOCOL_DEFINITION ( 'international standard', 'config_control_design', 1994, #1298 ) ;
#1078 = FACE_OUTER_BOUND ( 'NONE', #1245, .T. ) ;
#1079 = FACE_OUTER_BOUND ( 'NONE', #1321, .T. ) ;
#1080 = ORIENTED_EDGE ( 'NONE', *, *, #867, .F. ) ;
#1081 = ORIENTED_EDGE ( 'NONE', *, *, #1040, .F. ) ;
#1082 = LINE ( 'NONE', #255, #182 ) ;
#1083 = ADVANCED_FACE ( 'NONE', ( #405 ), #964, .T. ) ;
#1084 = AXIS2_PLACEMENT_3D ( 'NONE', #1216, #1108, #401 ) ;
#1085 = ORIENTED_EDGE ( 'NONE', *, *, #1287, .F. ) ;
#1086 = CARTESIAN_POINT ( 'NONE',  ( 6.123233995736767268E-16, 5.000000000000000000, -12.99999999999999822 ) ) ;
#1087 = CARTESIAN_POINT ( 'NONE',  ( 21.29999999999998650, 5.000000000000000000, -57.05884572681199529 ) ) ;
#1088 = AXIS2_PLACEMENT_3D ( 'NONE', #481, #328, #46 ) ;
#1089 = AXIS2_PLACEMENT_3D ( 'NONE', #621, #1218, #477 ) ;
#1090 = CARTESIAN_POINT ( 'NONE',  ( 31.46246454096385392, -26.00000000000000000, -60.40672632939770637 ) ) ;
#1091 = CARTESIAN_POINT ( 'NONE',  ( 35.00106606882474125, -27.00000000000000000, -50.00000000000000000 ) ) ;
#1092 = ORIENTED_EDGE ( 'NONE', *, *, #1073, .F. ) ;
#1093 = ORIENTED_EDGE ( 'NONE', *, *, #1030, .T. ) ;
#1094 = CARTESIAN_POINT ( 'NONE',  ( -30.54891449144566451, 4.000000000000000000, -60.00000000000000000 ) ) ;
#1095 = ORIENTED_EDGE ( 'NONE', *, *, #640, .F. ) ;
#1096 = MANIFOLD_SOLID_BREP ( 'ÇÊ·¿1', #1003 ) ;
#1097 = DIRECTION ( 'NONE',  ( 0.000000000000000000, 0.000000000000000000, 1.000000000000000000 ) ) ;
#1098 = ADVANCED_FACE ( 'NONE', ( #1155 ), #874, .T. ) ;
#1099 = LINE ( 'NONE', #936, #1346 ) ;
#1100 = EDGE_CURVE ( 'NONE', #1204, #1567, #452, .T. ) ;
#1101 = AXIS2_PLACEMENT_3D ( 'NONE', #211, #85, #516 ) ;
#1102 = VECTOR ( 'NONE', #208, 1000.000000000000000 ) ;
#1103 = DIRECTION ( 'NONE',  ( 0.000000000000000000, 0.000000000000000000, 1.000000000000000000 ) ) ;
#1104 = ORIENTED_EDGE ( 'NONE', *, *, #41, .T. ) ;
#1105 = DIRECTION ( 'NONE',  ( 1.000000000000000000, 0.000000000000000000, 0.000000000000000000 ) ) ;
#1106 = ORIENTED_EDGE ( 'NONE', *, *, #1170, .F. ) ;
#1107 = DIRECTION ( 'NONE',  ( -0.000000000000000000, -1.000000000000000000, -0.000000000000000000 ) ) ;
#1108 = DIRECTION ( 'NONE',  ( 0.000000000000000000, 1.000000000000000000, 0.000000000000000000 ) ) ;
#1109 =( NAMED_UNIT ( * ) PLANE_ANGLE_UNIT ( ) SI_UNIT ( $, .RADIAN. ) );
#1110 = EDGE_CURVE ( 'NONE', #64, #487, #1369, .T. ) ;
#1111 = DIRECTION ( 'NONE',  ( 0.4067263293977084193, 0.000000000000000000, 0.9135500495181786418 ) ) ;
#1112 = VERTEX_POINT ( 'NONE', #1163 ) ;
#1113 = CARTESIAN_POINT ( 'NONE',  ( -19.38220495501818164, 5.000000000000000000, -33.57096374480470757 ) ) ;
#1114 = APPLICATION_CONTEXT ( 'configuration controlled 3d designs of mechanical parts and assemblies' ) ;
#1115 = ORIENTED_EDGE ( 'NONE', *, *, #1269, .T. ) ;
#1116 = AXIS2_PLACEMENT_3D ( 'NONE', #763, #1614, #1157 ) ;
#1117 = DIRECTION ( 'NONE',  ( 0.4067263293977084193, -0.000000000000000000, 0.9135500495181786418 ) ) ;
#1118 = VECTOR ( 'NONE', #810, 1000.000000000000000 ) ;
#1119 = CIRCLE ( 'NONE', #971, 1.000000000000000888 ) ;
#1120 = VECTOR ( 'NONE', #1715, 1000.000000000000000 ) ;
#1121 = ORIENTED_EDGE ( 'NONE', *, *, #1195, .F. ) ;
#1122 = EDGE_CURVE ( 'NONE', #307, #742, #1721, .T. ) ;
#1123 = DIRECTION ( 'NONE',  ( -0.000000000000000000, -1.000000000000000000, -0.000000000000000000 ) ) ;
#1124 = EDGE_LOOP ( 'NONE', ( #774, #1404, #1360, #1349 ) ) ;
#1125 = DIRECTION ( 'NONE',  ( 0.000000000000000000, 0.000000000000000000, 1.000000000000000000 ) ) ;
#1126 = DIRECTION ( 'NONE',  ( 0.000000000000000000, 0.000000000000000000, -1.000000000000000000 ) ) ;
#1127 = LINE ( 'NONE', #68, #606 ) ;
#1128 = AXIS2_PLACEMENT_3D ( 'NONE', #271, #1271, #1131 ) ;
#1129 = VECTOR ( 'NONE', #1254, 1000.000000000000000 ) ;
#1130 = VERTEX_POINT ( 'NONE', #43 ) ;
#1131 = DIRECTION ( 'NONE',  ( 1.734723475976805517E-14, 0.000000000000000000, -1.000000000000000000 ) ) ;
#1132 = EDGE_CURVE ( 'NONE', #981, #900, #1172, .T. ) ;
#1133 = ORIENTED_EDGE ( 'NONE', *, *, #986, .F. ) ;
#1134 = DIRECTION ( 'NONE',  ( 0.000000000000000000, 1.000000000000000000, -0.000000000000000000 ) ) ;
#1135 = CARTESIAN_POINT ( 'NONE',  ( 0.000000000000000000, 0.000000000000000000, -18.00000000000000000 ) ) ;
#1136 = DIRECTION ( 'NONE',  ( 1.000000000000000000, 0.000000000000000000, 0.000000000000000000 ) ) ;
#1137 = ORIENTED_EDGE ( 'NONE', *, *, #1427, .F. ) ;
#1138 = LINE ( 'NONE', #1812, #830 ) ;
#1139 = ORIENTED_EDGE ( 'NONE', *, *, #720, .F. ) ;
#1140 = CARTESIAN_POINT ( 'NONE',  ( -26.69999999999999574, 5.000000000000000000, 0.000000000000000000 ) ) ;
#1141 = CARTESIAN_POINT ( 'NONE',  ( -35.00106606882472704, -27.00000000000000000, -49.00000000000000000 ) ) ;
#1142 = ADVANCED_FACE ( 'NONE', ( #1584 ), #28, .F. ) ;
#1143 = CIRCLE ( 'NONE', #873, 2.724999999999994760 ) ;
#1144 = CARTESIAN_POINT ( 'NONE',  ( 35.00000000000000000, 5.000000000000000000, -15.00000000000000000 ) ) ;
#1145 = SECURITY_CLASSIFICATION ( '', '', #259 ) ;
#1146 = ORIENTED_EDGE ( 'NONE', *, *, #147, .F. ) ;
#1147 = FACE_OUTER_BOUND ( 'NONE', #1505, .T. ) ;
#1148 = ORIENTED_EDGE ( 'NONE', *, *, #1763, .F. ) ;
#1149 = DIRECTION ( 'NONE',  ( 0.000000000000000000, 0.000000000000000000, 1.000000000000000000 ) ) ;
#1150 = DIRECTION ( 'NONE',  ( 0.000000000000000000, 0.000000000000000000, -1.000000000000000000 ) ) ;
#1151 = EDGE_CURVE ( 'NONE', #209, #1130, #1603, .T. ) ;
#1152 = LINE ( 'NONE', #854, #1681 ) ;
#1153 = EDGE_LOOP ( 'NONE', ( #1232, #1805, #1613, #233 ) ) ;
#1154 = AXIS2_PLACEMENT_3D ( 'NONE', #1791, #955, #488 ) ;
#1155 = FACE_OUTER_BOUND ( 'NONE', #668, .T. ) ;
#1156 = VERTEX_POINT ( 'NONE', #334 ) ;
#1157 = DIRECTION ( 'NONE',  ( 0.000000000000000000, 0.000000000000000000, 1.000000000000000000 ) ) ;
#1158 = DIRECTION ( 'NONE',  ( 0.000000000000000000, 1.000000000000000000, -0.000000000000000000 ) ) ;
#1159 = CARTESIAN_POINT ( 'NONE',  ( 26.69999999999999574, -27.00000000000000000, -57.05884572681199529 ) ) ;
#1160 = ADVANCED_FACE ( 'NONE', ( #1428 ), #891, .T. ) ;
#1161 = VERTEX_POINT ( 'NONE', #478 ) ;
#1162 = EDGE_CURVE ( 'NONE', #884, #1550, #1042, .T. ) ;
#1163 = CARTESIAN_POINT ( 'NONE',  ( -35.40779239822242630, 0.000000000000000000, -49.08644995048182125 ) ) ;
#1164 = VERTEX_POINT ( 'NONE', #589 ) ;
#1165 = PLANE ( 'NONE',  #1748 ) ;
#1166 = DIRECTION ( 'NONE',  ( 0.000000000000000000, 0.000000000000000000, 1.000000000000000000 ) ) ;
#1167 = CARTESIAN_POINT ( 'NONE',  ( 24.00000000000000000, -27.00000000000000000, -58.61769145362398348 ) ) ;
#1168 = VECTOR ( 'NONE', #1737, 1000.000000000000000 ) ;
#1169 = VERTEX_POINT ( 'NONE', #1034 ) ;
#1170 = EDGE_CURVE ( 'NONE', #284, #1161, #158, .T. ) ;
#1171 = CC_DESIGN_APPROVAL ( #613, ( #1237 ) ) ;
#1172 = LINE ( 'NONE', #1731, #1520 ) ;
#1173 = AXIS2_PLACEMENT_3D ( 'NONE', #367, #923, #1097 ) ;
#1174 = VERTEX_POINT ( 'NONE', #165 ) ;
#1175 = EDGE_CURVE ( 'NONE', #1535, #1813, #184, .T. ) ;
#1176 = DIRECTION ( 'NONE',  ( 0.000000000000000000, 0.000000000000000000, -1.000000000000000000 ) ) ;
#1177 = CARTESIAN_POINT ( 'NONE',  ( 30.54891449144566806, -26.00000000000000000, -60.00000000000000000 ) ) ;
#1178 = DIRECTION ( 'NONE',  ( 0.000000000000000000, 0.000000000000000000, 1.000000000000000000 ) ) ;
#1179 = FACE_OUTER_BOUND ( 'NONE', #1630, .T. ) ;
#1180 = DIRECTION ( 'NONE',  ( 0.000000000000000000, 0.000000000000000000, 1.000000000000000000 ) ) ;
#1181 = ORIENTED_EDGE ( 'NONE', *, *, #1617, .F. ) ;
#1182 = AXIS2_PLACEMENT_3D ( 'NONE', #95, #667, #921 ) ;
#1183 = CARTESIAN_POINT ( 'NONE',  ( 35.40779239822242630, -27.00000000000000000, -49.08644995048181414 ) ) ;
#1184 = EDGE_CURVE ( 'NONE', #376, #372, #1460, .T. ) ;
#1185 = PLANE ( 'NONE',  #755 ) ;
#1186 = CARTESIAN_POINT ( 'NONE',  ( 21.29999999999998650, -27.00000000000000000, -57.05884572681199529 ) ) ;
#1187 = FACE_OUTER_BOUND ( 'NONE', #1725, .T. ) ;
#1188 = DIRECTION ( 'NONE',  ( 0.000000000000000000, -1.000000000000000000, 0.000000000000000000 ) ) ;
#1189 = ORIENTED_EDGE ( 'NONE', *, *, #1642, .F. ) ;
#1190 = EDGE_LOOP ( 'NONE', ( #1602, #1093, #19 ) ) ;
#1191 = LINE ( 'NONE', #795, #421 ) ;
#1192 = CARTESIAN_POINT ( 'NONE',  ( -21.29999999999999361, 5.000000000000000000, -53.94115427318801892 ) ) ;
#1193 = CC_DESIGN_DATE_AND_TIME_ASSIGNMENT ( #683, #1495, ( #1145 ) ) ;
#1194 = LINE ( 'NONE', #915, #726 ) ;
#1195 = EDGE_CURVE ( 'NONE', #796, #989, #860, .T. ) ;
#1196 = CYLINDRICAL_SURFACE ( 'NONE', #1242, 1.000000000000001998 ) ;
#1197 = VECTOR ( 'NONE', #591, 1000.000000000000000 ) ;
#1198 = CARTESIAN_POINT ( 'NONE',  ( -23.99999999999998934, 5.000000000000000000, -52.38230854637603073 ) ) ;
#1199 = VERTEX_POINT ( 'NONE', #1612 ) ;
#1200 = EDGE_LOOP ( 'NONE', ( #114, #364, #728, #1071 ) ) ;
#1201 = AXIS2_PLACEMENT_3D ( 'NONE', #409, #829, #1401 ) ;
#1202 = DIRECTION ( 'NONE',  ( -0.4067263293977093075, 2.218659404330542101E-14, 0.9135500495181784197 ) ) ;
#1203 = AXIS2_PLACEMENT_3D ( 'NONE', #1226, #1793, #257 ) ;
#1204 = VERTEX_POINT ( 'NONE', #18 ) ;
#1205 = FACE_OUTER_BOUND ( 'NONE', #459, .T. ) ;
#1206 = AXIS2_PLACEMENT_3D ( 'NONE', #407, #968, #416 ) ;
#1207 = DIRECTION ( 'NONE',  ( -0.000000000000000000, -1.000000000000000000, -0.000000000000000000 ) ) ;
#1208 = LINE ( 'NONE', #40, #466 ) ;
#1209 = ADVANCED_FACE ( 'NONE', ( #1147 ), #1008, .T. ) ;
#1210 = FACE_OUTER_BOUND ( 'NONE', #1447, .T. ) ;
#1211 = CARTESIAN_POINT ( 'NONE',  ( 35.00000000000000000, 5.000000000000000000, -15.00000000000000000 ) ) ;
#1212 = VERTEX_POINT ( 'NONE', #1659 ) ;
#1213 = ORIENTED_EDGE ( 'NONE', *, *, #252, .F. ) ;
#1214 = DIRECTION ( 'NONE',  ( 0.9135500495181785308, 0.000000000000000000, 0.4067263293977093075 ) ) ;
#1215 = LINE ( 'NONE', #660, #348 ) ;
#1216 = CARTESIAN_POINT ( 'NONE',  ( 44.00000000000000000, 5.000000000000000000, -1.000000000000007994 ) ) ;
#1217 = AXIS2_PLACEMENT_3D ( 'NONE', #807, #1376, #1802 ) ;
#1218 = DIRECTION ( 'NONE',  ( 0.4067263293977063099, 0.000000000000000000, 0.9135500495181796410 ) ) ;
#1219 = EDGE_CURVE ( 'NONE', #175, #1014, #715, .T. ) ;
#1220 = CARTESIAN_POINT ( 'NONE',  ( -30.54891449144566451, 4.000000000000000000, -60.00000000000000000 ) ) ;
#1221 = VERTEX_POINT ( 'NONE', #62 ) ;
#1222 = VERTEX_POINT ( 'NONE', #622 ) ;
#1223 = EDGE_CURVE ( 'NONE', #342, #1027, #1038, .T. ) ;
#1224 = LINE ( 'NONE', #508, #618 ) ;
#1225 = ORIENTED_EDGE ( 'NONE', *, *, #180, .F. ) ;
#1226 = CARTESIAN_POINT ( 'NONE',  ( 44.00000000000000000, 1.000000000000000000, -29.78744933820776808 ) ) ;
#1227 = LINE ( 'NONE', #1807, #47 ) ;
#1228 = DIRECTION ( 'NONE',  ( 0.000000000000000000, 0.000000000000000000, 1.000000000000000000 ) ) ;
#1229 = CARTESIAN_POINT ( 'NONE',  ( 44.00000000000000000, 5.000000000000000000, -29.78744933820776808 ) ) ;
#1230 = DIRECTION ( 'NONE',  ( 0.000000000000000000, 0.000000000000000000, 1.000000000000000000 ) ) ;
#1231 = ORIENTED_EDGE ( 'NONE', *, *, #1632, .T. ) ;
#1232 = ORIENTED_EDGE ( 'NONE', *, *, #428, .T. ) ;
#1233 = CARTESIAN_POINT ( 'NONE',  ( -24.00000000000000711, 5.000000000000000000, -58.61769145362399769 ) ) ;
#1234 = EDGE_CURVE ( 'NONE', #518, #1156, #949, .T. ) ;
#1235 = ORIENTED_EDGE ( 'NONE', *, *, #1617, .T. ) ;
#1236 = CARTESIAN_POINT ( 'NONE',  ( 21.29999999999999361, 5.000000000000000000, 0.000000000000000000 ) ) ;
#1237 = PRODUCT_DEFINITION_FORMATION_WITH_SPECIFIED_SOURCE ( 'ANY', '', #100, .NOT_KNOWN. ) ;
#1238 = DIRECTION ( 'NONE',  ( -0.4067263293977084193, 0.000000000000000000, -0.9135500495181786418 ) ) ;
#1239 = AXIS2_PLACEMENT_3D ( 'NONE', #467, #67, #626 ) ;
#1240 = CARTESIAN_POINT ( 'NONE',  ( 44.00000000000000000, 4.000000000000000000, -1.000000000000007994 ) ) ;
#1241 = CARTESIAN_POINT ( 'NONE',  ( -44.00000000000001421, 4.000000000000000000, -29.78744933820772189 ) ) ;
#1242 = AXIS2_PLACEMENT_3D ( 'NONE', #1058, #926, #90 ) ;
#1243 = ORIENTED_EDGE ( 'NONE', *, *, #170, .T. ) ;
#1244 = DIRECTION ( 'NONE',  ( -0.000000000000000000, 1.000000000000000000, -0.000000000000000000 ) ) ;
#1245 = EDGE_LOOP ( 'NONE', ( #37, #1578, #1337, #83 ) ) ;
#1246 = CARTESIAN_POINT ( 'NONE',  ( -24.00000000000000711, -27.00000000000000000, -58.61769145362399769 ) ) ;
#1247 = ADVANCED_FACE ( 'NONE', ( #779 ), #1767, .T. ) ;
#1248 = LINE ( 'NONE', #1816, #490 ) ;
#1249 = APPROVAL_STATUS ( 'not_yet_approved' ) ;
#1250 = VECTOR ( 'NONE', #858, 1000.000000000000114 ) ;
#1251 = AXIS2_PLACEMENT_3D ( 'NONE', #1577, #1294, #306 ) ;
#1252 = FACE_OUTER_BOUND ( 'NONE', #296, .T. ) ;
#1253 = ORIENTED_EDGE ( 'NONE', *, *, #1015, .T. ) ;
#1254 = DIRECTION ( 'NONE',  ( 1.000000000000000000, -0.000000000000000000, -1.836970198721029688E-16 ) ) ;
#1255 = ORIENTED_EDGE ( 'NONE', *, *, #1826, .F. ) ;
#1256 = DIRECTION ( 'NONE',  ( 0.000000000000000000, 1.000000000000000000, 0.000000000000000000 ) ) ;
#1257 = ADVANCED_FACE ( 'NONE', ( #1499 ), #663, .T. ) ;
#1258 = DATE_TIME_ROLE ( 'creation_date' ) ;
#1259 = EDGE_CURVE ( 'NONE', #808, #1779, #200, .T. ) ;
#1260 = EDGE_LOOP ( 'NONE', ( #1833, #977, #1622, #462, #279, #505 ) ) ;
#1261 = CARTESIAN_POINT ( 'NONE',  ( 26.70000000000000639, 5.000000000000000000, -53.94115427318801892 ) ) ;
#1262 = ORIENTED_EDGE ( 'NONE', *, *, #1730, .F. ) ;
#1263 = DIRECTION ( 'NONE',  ( 0.4067263293976998706, -0.000000000000000000, 0.9135500495181825276 ) ) ;
#1264 = VECTOR ( 'NONE', #163, 1000.000000000000000 ) ;
#1265 = COORDINATED_UNIVERSAL_TIME_OFFSET ( 9, 0, .AHEAD. ) ;
#1266 = AXIS2_PLACEMENT_3D ( 'NONE', #1783, #1518, #809 ) ;
#1267 = FACE_OUTER_BOUND ( 'NONE', #1661, .T. ) ;
#1268 = CIRCLE ( 'NONE', #877, 5.000000000000000888 ) ;
#1269 = EDGE_CURVE ( 'NONE', #312, #1212, #630, .T. ) ;
#1270 = ORIENTED_EDGE ( 'NONE', *, *, #1819, .T. ) ;
#1271 = DIRECTION ( 'NONE',  ( 1.000000000000000000, 0.000000000000000000, 1.734723475976805517E-14 ) ) ;
#1272 = ORIENTED_EDGE ( 'NONE', *, *, #1610, .F. ) ;
#1273 = CARTESIAN_POINT ( 'NONE',  ( 45.00000000000000711, 4.000000000000000000, -30.00000000000002132 ) ) ;
#1274 = CYLINDRICAL_SURFACE ( 'NONE', #1320, 5.000000000000000888 ) ;
#1275 = DIRECTION ( 'NONE',  ( -1.000000000000000000, -0.000000000000000000, 1.836970198721029688E-16 ) ) ;
#1276 = AXIS2_PLACEMENT_3D ( 'NONE', #751, #612, #1180 ) ;
#1277 = ORIENTED_EDGE ( 'NONE', *, *, #834, .T. ) ;
#1278 = CARTESIAN_POINT ( 'NONE',  ( -44.00000000000001421, 1.000000000000000000, -29.78744933820771834 ) ) ;
#1279 = ORIENTED_EDGE ( 'NONE', *, *, #375, .F. ) ;
#1280 = DIRECTION ( 'NONE',  ( -0.000000000000000000, 0.000000000000000000, 1.000000000000000000 ) ) ;
#1281 = DIRECTION ( 'NONE',  ( 0.9135500495181785308, 0.000000000000000000, 0.4067263293977093075 ) ) ;
#1282 = DIRECTION ( 'NONE',  ( 0.000000000000000000, 0.000000000000000000, 1.000000000000000000 ) ) ;
#1283 = ORIENTED_EDGE ( 'NONE', *, *, #1110, .T. ) ;
#1284 = DIRECTION ( 'NONE',  ( 1.000000000000000000, 0.000000000000000000, 0.000000000000000000 ) ) ;
#1285 = EDGE_LOOP ( 'NONE', ( #929, #86, #1402, #1085 ) ) ;
#1286 = DIRECTION ( 'NONE',  ( 1.000000000000000000, 0.000000000000000000, 0.000000000000000000 ) ) ;
#1287 = EDGE_CURVE ( 'NONE', #1535, #574, #1628, .T. ) ;
#1288 = CARTESIAN_POINT ( 'NONE',  ( 44.00000000000000000, 0.000000000000000000, -1.000000000000007994 ) ) ;
#1289 = SHAPE_DEFINITION_REPRESENTATION ( #875, #1496 ) ;
#1290 = AXIS2_PLACEMENT_3D ( 'NONE', #311, #33, #1423 ) ;
#1291 = CARTESIAN_POINT ( 'NONE',  ( -21.29999999999999361, 5.000000000000000000, -57.05884572681198819 ) ) ;
#1292 = ORIENTED_EDGE ( 'NONE', *, *, #1026, .F. ) ;
#1293 = AXIS2_PLACEMENT_3D ( 'NONE', #797, #933, #400 ) ;
#1294 = DIRECTION ( 'NONE',  ( -1.000000000000000000, 0.000000000000000000, 1.836970198721029688E-16 ) ) ;
#1295 = VERTEX_POINT ( 'NONE', #940 ) ;
#1296 = CARTESIAN_POINT ( 'NONE',  ( 35.62736195346158752, -27.00000000000000000, -48.59327367060227942 ) ) ;
#1297 = EDGE_CURVE ( 'NONE', #135, #956, #1817, .T. ) ;
#1298 = APPLICATION_CONTEXT ( 'configuration controlled 3d designs of mechanical parts and assemblies' ) ;
#1299 = CARTESIAN_POINT ( 'NONE',  ( -35.00000000000000000, 5.000000000000000000, -12.27500000000000391 ) ) ;
#1300 = ADVANCED_FACE ( 'NONE', ( #362 ), #1049, .T. ) ;
#1301 = ORIENTED_EDGE ( 'NONE', *, *, #986, .T. ) ;
#1302 = CIRCLE ( 'NONE', #1128, 1.000000000000000888 ) ;
#1303 = CARTESIAN_POINT ( 'NONE',  ( 35.94293762732358033, -5.493908710051536285E-16, -49.32470471806878720 ) ) ;
#1304 = ORIENTED_EDGE ( 'NONE', *, *, #702, .F. ) ;
#1305 = DIRECTION ( 'NONE',  ( 0.000000000000000000, 0.000000000000000000, 1.000000000000000000 ) ) ;
#1306 = CARTESIAN_POINT ( 'NONE',  ( 28.68220495501817879, 5.000000000000000000, -49.67903625519527822 ) ) ;
#1307 = DIRECTION ( 'NONE',  ( -0.8660254037844399289, 0.000000000000000000, 0.4999999999999977240 ) ) ;
#1308 = EDGE_CURVE ( 'NONE', #629, #139, #1336, .T. ) ;
#1309 = EDGE_LOOP ( 'NONE', ( #1823, #1526, #343, #514 ) ) ;
#1310 = DIRECTION ( 'NONE',  ( 0.000000000000000000, 1.000000000000000000, -0.000000000000000000 ) ) ;
#1311 = ORIENTED_EDGE ( 'NONE', *, *, #1357, .T. ) ;
#1312 = CARTESIAN_POINT ( 'NONE',  ( 48.70276193470872528, 1.000000000000000000, -21.68320783703306276 ) ) ;
#1313 = CARTESIAN_POINT ( 'NONE',  ( 24.00000000000000000, 5.000000000000000000, -58.61769145362398348 ) ) ;
#1314 = FACE_OUTER_BOUND ( 'NONE', #1, .T. ) ;
#1315 = VECTOR ( 'NONE', #988, 1000.000000000000000 ) ;
#1316 = ORIENTED_EDGE ( 'NONE', *, *, #1777, .T. ) ;
#1317 = APPROVAL_PERSON_ORGANIZATION ( #250, #613, #1529 ) ;
#1318 = EDGE_CURVE ( 'NONE', #487, #71, #230, .T. ) ;
#1319 = CARTESIAN_POINT ( 'NONE',  ( -44.00000000000000000, 4.000000000000000000, -0.9999999999999920064 ) ) ;
#1320 = AXIS2_PLACEMENT_3D ( 'NONE', #993, #812, #1150 ) ;
#1321 = EDGE_LOOP ( 'NONE', ( #42, #433, #1459 ) ) ;
#1322 = LINE ( 'NONE', #1233, #738 ) ;
#1323 = DIRECTION ( 'NONE',  ( -0.5000000000000001110, 0.000000000000000000, 0.8660254037844385966 ) ) ;
#1324 = AXIS2_PLACEMENT_3D ( 'NONE', #1749, #803, #1611 ) ;
#1325 = CARTESIAN_POINT ( 'NONE',  ( 26.69999999999999574, -27.00000000000000000, -57.05884572681199529 ) ) ;
#1326 = EDGE_LOOP ( 'NONE', ( #659, #823, #1780, #1328, #528, #119 ) ) ;
#1327 = CARTESIAN_POINT ( 'NONE',  ( -21.29999999999999361, 5.000000000000000000, 0.000000000000000000 ) ) ;
#1328 = ORIENTED_EDGE ( 'NONE', *, *, #732, .F. ) ;
#1329 = ORIENTED_EDGE ( 'NONE', *, *, #1297, .F. ) ;
#1330 = VECTOR ( 'NONE', #753, 1000.000000000000114 ) ;
#1331 = DIRECTION ( 'NONE',  ( -0.000000000000000000, 0.000000000000000000, 1.000000000000000000 ) ) ;
#1332 = EDGE_CURVE ( 'NONE', #815, #71, #1143, .T. ) ;
#1333 = CARTESIAN_POINT ( 'NONE',  ( -44.00000000000000000, 4.000000000000000000, 8.082668874372530822E-15 ) ) ;
#1334 = DIRECTION ( 'NONE',  ( 4.625929269271485914E-16, 0.000000000000000000, 1.000000000000000000 ) ) ;
#1335 = CARTESIAN_POINT ( 'NONE',  ( -31.38220495501820650, 5.000000000000000000, -54.35557343563122856 ) ) ;
#1336 = LINE ( 'NONE', #1198, #802 ) ;
#1337 = ORIENTED_EDGE ( 'NONE', *, *, #275, .F. ) ;
#1338 = ORIENTED_EDGE ( 'NONE', *, *, #127, .F. ) ;
#1339 = CARTESIAN_POINT ( 'NONE',  ( -44.00000000000001421, 1.000000000000000000, -29.78744933820771834 ) ) ;
#1340 = DIRECTION ( 'NONE',  ( 0.000000000000000000, 0.000000000000000000, 1.000000000000000000 ) ) ;
#1341 = ADVANCED_FACE ( 'NONE', ( #645 ), #792, .T. ) ;
#1342 = DIRECTION ( 'NONE',  ( 0.8660254037844383745, 0.000000000000000000, 0.5000000000000003331 ) ) ;
#1343 = CARTESIAN_POINT ( 'NONE',  ( 44.00000000000000000, 0.000000000000000000, -8.266365894244633544E-15 ) ) ;
#1344 = DIRECTION ( 'NONE',  ( 1.000000000000000000, 0.000000000000000000, 0.000000000000000000 ) ) ;
#1345 = CIRCLE ( 'NONE', #1067, 1.000000000000000888 ) ;
#1346 = VECTOR ( 'NONE', #1773, 1000.000000000000114 ) ;
#1347 = CARTESIAN_POINT ( 'NONE',  ( 35.00000000000000000, 5.000000000000000000, -12.27500000000000391 ) ) ;
#1348 = ORIENTED_EDGE ( 'NONE', *, *, #1384, .T. ) ;
#1349 = ORIENTED_EDGE ( 'NONE', *, *, #12, .F. ) ;
#1350 = AXIS2_PLACEMENT_3D ( 'NONE', #1784, #958, #520 ) ;
#1351 = CARTESIAN_POINT ( 'NONE',  ( -26.69999999999999574, -27.00000000000000000, -53.94115427318801181 ) ) ;
#1352 = AXIS2_PLACEMENT_3D ( 'NONE', #1599, #1734, #171 ) ;
#1353 = ORIENTED_EDGE ( 'NONE', *, *, #157, .F. ) ;
#1354 = DIRECTION ( 'NONE',  ( 0.8660254037844390407, 0.000000000000000000, 0.4999999999999991118 ) ) ;
#1355 = AXIS2_PLACEMENT_3D ( 'NONE', #136, #1263, #1411 ) ;
#1356 = FACE_BOUND ( 'NONE', #156, .T. ) ;
#1357 = EDGE_CURVE ( 'NONE', #487, #64, #784, .T. ) ;
#1358 = CALENDAR_DATE ( 2026, 26, 6 ) ;
#1359 = ADVANCED_FACE ( 'NONE', ( #513 ), #524, .T. ) ;
#1360 = ORIENTED_EDGE ( 'NONE', *, *, #789, .F. ) ;
#1361 = DIRECTION ( 'NONE',  ( 0.000000000000000000, 0.000000000000000000, 1.000000000000000000 ) ) ;
#1362 = ORIENTED_EDGE ( 'NONE', *, *, #412, .F. ) ;
#1363 = VERTEX_POINT ( 'NONE', #927 ) ;
#1364 = DIRECTION ( 'NONE',  ( 0.8660254037844390407, 0.000000000000000000, -0.4999999999999991118 ) ) ;
#1365 = ORIENTED_EDGE ( 'NONE', *, *, #1219, .F. ) ;
#1366 = CIRCLE ( 'NONE', #886, 1.000000000000001998 ) ;
#1367 = CYLINDRICAL_SURFACE ( 'NONE', #1538, 5.000000000000000888 ) ;
#1368 = PLANE ( 'NONE',  #1350 ) ;
#1369 = CIRCLE ( 'NONE', #1575, 2.724999999999994760 ) ;
#1370 = APPLICATION_PROTOCOL_DEFINITION ( 'international standard', 'config_control_design', 1994, #1114 ) ;
#1371 = CARTESIAN_POINT ( 'NONE',  ( 35.00106606882474125, -27.00000000000000000, -49.00000000000000000 ) ) ;
#1372 = ADVANCED_FACE ( 'NONE', ( #1079 ), #132, .T. ) ;
#1373 = CARTESIAN_POINT ( 'NONE',  ( -31.19833011012489266, 4.000000000000000000, -60.00000000000000000 ) ) ;
#1374 = ORIENTED_EDGE ( 'NONE', *, *, #651, .T. ) ;
#1375 = VERTEX_POINT ( 'NONE', #534 ) ;
#1376 = DIRECTION ( 'NONE',  ( 1.000000000000000000, 0.000000000000000000, -4.625929269271485914E-16 ) ) ;
#1377 = ORIENTED_EDGE ( 'NONE', *, *, #1690, .T. ) ;
#1378 = LINE ( 'NONE', #248, #1025 ) ;
#1379 = CYLINDRICAL_SURFACE ( 'NONE', #140, 1.000000000000001998 ) ;
#1380 = APPROVAL_DATE_TIME ( #543, #542 ) ;
#1381 = DIRECTION ( 'NONE',  ( 0.000000000000000000, -1.000000000000000000, 0.000000000000000000 ) ) ;
#1382 = DIRECTION ( 'NONE',  ( 0.000000000000000000, 1.000000000000000000, -0.000000000000000000 ) ) ;
#1383 = ORIENTED_EDGE ( 'NONE', *, *, #160, .T. ) ;
#1384 = EDGE_CURVE ( 'NONE', #734, #425, #822, .T. ) ;
#1385 = DIRECTION ( 'NONE',  ( 0.4067263293977084748, -0.000000000000000000, -0.9135500495181786418 ) ) ;
#1386 = AXIS2_PLACEMENT_3D ( 'NONE', #1091, #91, #1638 ) ;
#1387 = ORIENTED_EDGE ( 'NONE', *, *, #978, .T. ) ;
#1388 = CARTESIAN_POINT ( 'NONE',  ( 44.00000000000000000, 4.000000000000000000, -1.000000000000007994 ) ) ;
#1389 = DIRECTION ( 'NONE',  ( 0.000000000000000000, 0.000000000000000000, -1.000000000000000000 ) ) ;
#1390 = VECTOR ( 'NONE', #862, 1000.000000000000000 ) ;
#1391 = COORDINATED_UNIVERSAL_TIME_OFFSET ( 9, 0, .AHEAD. ) ;
#1392 = DIRECTION ( 'NONE',  ( -0.4067263293977084193, 0.000000000000000000, -0.9135500495181786418 ) ) ;
#1393 = ORIENTED_EDGE ( 'NONE', *, *, #1521, .F. ) ;
#1394 = DIRECTION ( 'NONE',  ( -0.000000000000000000, 0.000000000000000000, 1.000000000000000000 ) ) ;
#1395 = EDGE_CURVE ( 'NONE', #1670, #135, #393, .T. ) ;
#1396 = ORIENTED_EDGE ( 'NONE', *, *, #552, .T. ) ;
#1397 = DIRECTION ( 'NONE',  ( -1.000000000000000000, 3.469446951953623261E-15, 0.000000000000000000 ) ) ;
#1398 = DIRECTION ( 'NONE',  ( 0.000000000000000000, -0.000000000000000000, -1.000000000000000000 ) ) ;
#1399 = ADVANCED_FACE ( 'NONE', ( #403 ), #269, .T. ) ;
#1400 = AXIS2_PLACEMENT_3D ( 'NONE', #116, #990, #713 ) ;
#1401 = DIRECTION ( 'NONE',  ( -1.000000000000000000, 0.000000000000000000, 3.469446951953611033E-14 ) ) ;
#1402 = ORIENTED_EDGE ( 'NONE', *, *, #1005, .F. ) ;
#1403 = DIRECTION ( 'NONE',  ( 1.000000000000000000, 1.387778780781444256E-14, 0.000000000000000000 ) ) ;
#1404 = ORIENTED_EDGE ( 'NONE', *, *, #836, .F. ) ;
#1405 = DIRECTION ( 'NONE',  ( 0.8660254037844385966, 0.000000000000000000, -0.5000000000000001110 ) ) ;
#1406 = EDGE_CURVE ( 'NONE', #1375, #734, #684, .T. ) ;
#1407 = DIRECTION ( 'NONE',  ( 0.000000000000000000, 0.000000000000000000, -1.000000000000000000 ) ) ;
#1408 = EDGE_LOOP ( 'NONE', ( #1695, #1433, #1062, #177 ) ) ;
#1409 = CARTESIAN_POINT ( 'NONE',  ( 44.00000000000000000, 1.000000000000000000, -1.000000000000007994 ) ) ;
#1410 = EDGE_LOOP ( 'NONE', ( #719, #1353, #1596, #243 ) ) ;
#1411 = DIRECTION ( 'NONE',  ( -0.9135500495181827496, 0.000000000000000000, 0.4067263293976992600 ) ) ;
#1412 = AXIS2_PLACEMENT_3D ( 'NONE', #1241, #1523, #962 ) ;
#1413 = DIRECTION ( 'NONE',  ( -0.000000000000000000, 1.000000000000000000, -0.000000000000000000 ) ) ;
#1414 = AXIS2_PLACEMENT_3D ( 'NONE', #1229, #423, #1002 ) ;
#1415 = ADVANCED_FACE ( 'NONE', ( #1252 ), #261, .F. ) ;
#1416 = DIRECTION ( 'NONE',  ( -1.000000000000000000, 0.000000000000000000, -0.000000000000000000 ) ) ;
#1417 = EDGE_CURVE ( 'NONE', #108, #1426, #169, .T. ) ;
#1418 = ORIENTED_EDGE ( 'NONE', *, *, #464, .F. ) ;
#1419 = LINE ( 'NONE', #1261, #1693 ) ;
#1420 = VERTEX_POINT ( 'NONE', #253 ) ;
#1421 = CARTESIAN_POINT ( 'NONE',  ( 6.123233995736767268E-16, 5.000000000000000000, -12.99999999999999822 ) ) ;
#1422 = CARTESIAN_POINT ( 'NONE',  ( -23.99999999999998934, -27.00000000000000000, -52.38230854637603073 ) ) ;
#1423 = DIRECTION ( 'NONE',  ( 6.938893903907222067E-15, 0.000000000000000000, 1.000000000000000000 ) ) ;
#1424 = CIRCLE ( 'NONE', #1154, 1.000000000000000888 ) ;
#1425 = AXIS2_PLACEMENT_3D ( 'NONE', #727, #604, #53 ) ;
#1426 = VERTEX_POINT ( 'NONE', #676 ) ;
#1427 = EDGE_CURVE ( 'NONE', #826, #1660, #112, .T. ) ;
#1428 = FACE_OUTER_BOUND ( 'NONE', #1723, .T. ) ;
#1429 = EDGE_LOOP ( 'NONE', ( #686, #583, #954, #1092 ) ) ;
#1430 = CYLINDRICAL_SURFACE ( 'NONE', #1206, 1.000000000000001998 ) ;
#1431 = LINE ( 'NONE', #291, #1652 ) ;
#1432 = DIRECTION ( 'NONE',  ( -0.000000000000000000, -1.000000000000000000, -0.000000000000000000 ) ) ;
#1433 = ORIENTED_EDGE ( 'NONE', *, *, #1040, .T. ) ;
#1434 = CARTESIAN_POINT ( 'NONE',  ( 0.000000000000000000, 0.000000000000000000, -18.00000000000000000 ) ) ;
#1435 = EDGE_CURVE ( 'NONE', #1212, #210, #1099, .T. ) ;
#1436 = ORIENTED_EDGE ( 'NONE', *, *, #1690, .F. ) ;
#1437 = CARTESIAN_POINT ( 'NONE',  ( 23.99999999999998934, 5.000000000000000000, -52.38230854637603073 ) ) ;
#1438 = FACE_OUTER_BOUND ( 'NONE', #1190, .T. ) ;
#1439 = DATE_AND_TIME ( #1825, #287 ) ;
#1440 = CIRCLE ( 'NONE', #1679, 0.9999999999999978906 ) ;
#1441 = AXIS2_PLACEMENT_3D ( 'NONE', #814, #1382, #113 ) ;
#1442 = LINE ( 'NONE', #1159, #521 ) ;
#1443 = AXIS2_PLACEMENT_3D ( 'NONE', #1240, #1580, #1126 ) ;
#1444 = ORIENTED_EDGE ( 'NONE', *, *, #616, .T. ) ;
#1445 = AXIS2_PLACEMENT_3D ( 'NONE', #529, #509, #109 ) ;
#1446 = DIRECTION ( 'NONE',  ( 0.000000000000000000, 1.000000000000000000, -0.000000000000000000 ) ) ;
#1447 = EDGE_LOOP ( 'NONE', ( #546, #1524, #335, #185, #84, #183 ) ) ;
#1448 = CARTESIAN_POINT ( 'NONE',  ( -44.00000000000000000, 1.000000000000000000, 8.082668874372530822E-15 ) ) ;
#1449 = CARTESIAN_POINT ( 'NONE',  ( 36.15287088592986464, -26.58578643762691485, -49.87158110029656655 ) ) ;
#1450 = ADVANCED_FACE ( 'NONE', ( #1635 ), #249, .T. ) ;
#1451 = LINE ( 'NONE', #1625, #820 ) ;
#1452 = EDGE_LOOP ( 'NONE', ( #680, #557, #565, #1396 ) ) ;
#1453 = VECTOR ( 'NONE', #555, 1000.000000000000000 ) ;
#1454 = ORIENTED_EDGE ( 'NONE', *, *, #1610, .T. ) ;
#1455 = LINE ( 'NONE', #1312, #712 ) ;
#1456 = CARTESIAN_POINT ( 'NONE',  ( -21.29999999999999361, -27.00000000000000000, -53.94115427318801892 ) ) ;
#1457 = EDGE_CURVE ( 'NONE', #1161, #385, #924, .T. ) ;
#1458 = FACE_OUTER_BOUND ( 'NONE', #1821, .T. ) ;
#1459 = ORIENTED_EDGE ( 'NONE', *, *, #654, .F. ) ;
#1460 = LINE ( 'NONE', #1751, #154 ) ;
#1461 = VERTEX_POINT ( 'NONE', #1076 ) ;
#1462 = CARTESIAN_POINT ( 'NONE',  ( -44.00000000000000000, 4.000000000000000000, -0.9999999999999920064 ) ) ;
#1463 = CARTESIAN_POINT ( 'NONE',  ( -35.94293762732355191, 2.168404344971008621E-16, -49.32470471806875878 ) ) ;
#1464 = CARTESIAN_POINT ( 'NONE',  ( 44.00000000000000000, 1.000000000000000000, -1.000000000000007994 ) ) ;
#1465 = PRODUCT_RELATED_PRODUCT_CATEGORY ( 'detail', '', ( #100 ) ) ;
#1466 = VECTOR ( 'NONE', #504, 1000.000000000000000 ) ;
#1467 = ORIENTED_EDGE ( 'NONE', *, *, #720, .T. ) ;
#1468 = EDGE_CURVE ( 'NONE', #1426, #388, #1066, .T. ) ;
#1469 = DIRECTION ( 'NONE',  ( 0.000000000000000000, -1.000000000000000000, 0.000000000000000000 ) ) ;
#1470 = VECTOR ( 'NONE', #1039, 1000.000000000000000 ) ;
#1471 = EDGE_LOOP ( 'NONE', ( #44, #928 ) ) ;
#1472 = ORIENTED_EDGE ( 'NONE', *, *, #131, .T. ) ;
#1473 = CARTESIAN_POINT ( 'NONE',  ( 30.54891449144566806, 4.000000000000000000, -61.00000000000000000 ) ) ;
#1474 = CYLINDRICAL_SURFACE ( 'NONE', #1088, 1.000000000000001998 ) ;
#1475 = DIRECTION ( 'NONE',  ( -0.000000000000000000, -0.000000000000000000, 1.000000000000000000 ) ) ;
#1476 = ORIENTED_EDGE ( 'NONE', *, *, #1819, .F. ) ;
#1477 = DIRECTION ( 'NONE',  ( 0.000000000000000000, 0.000000000000000000, -1.000000000000000000 ) ) ;
#1478 = ORIENTED_EDGE ( 'NONE', *, *, #1162, .T. ) ;
#1479 = EDGE_LOOP ( 'NONE', ( #872, #272, #1139, #632 ) ) ;
#1480 = ADVANCED_FACE ( 'NONE', ( #358 ), #1644, .F. ) ;
#1481 = CIRCLE ( 'NONE', #1631, 0.9999999999999997780 ) ;
#1482 = CYLINDRICAL_SURFACE ( 'NONE', #1007, 1.000000000000000888 ) ;
#1483 = VECTOR ( 'NONE', #1758, 1000.000000000000000 ) ;
#1484 = DIRECTION ( 'NONE',  ( 1.000000000000000000, 0.000000000000000000, 0.000000000000000000 ) ) ;
#1485 = CARTESIAN_POINT ( 'NONE',  ( 26.69999999999999574, 5.000000000000000000, -57.05884572681199529 ) ) ;
#1486 = CARTESIAN_POINT ( 'NONE',  ( 44.91355004951817875, 1.000000000000000000, -30.19417566760547800 ) ) ;
#1487 = EDGE_LOOP ( 'NONE', ( #1137, #916 ) ) ;
#1488 = DIRECTION ( 'NONE',  ( 0.000000000000000000, 0.000000000000000000, 1.000000000000000000 ) ) ;
#1489 = ORIENTED_EDGE ( 'NONE', *, *, #137, .F. ) ;
#1490 = ORIENTED_EDGE ( 'NONE', *, *, #1427, .T. ) ;
#1491 = PLANE ( 'NONE',  #1517 ) ;
#1492 = EDGE_CURVE ( 'NONE', #1660, #518, #786, .T. ) ;
#1493 = CARTESIAN_POINT ( 'NONE',  ( 26.69999999999999574, 5.000000000000000000, 0.000000000000000000 ) ) ;
#1494 = ADVANCED_FACE ( 'NONE', ( #510 ), #650, .T. ) ;
#1495 = DATE_TIME_ROLE ( 'classification_date' ) ;
#1496 = ADVANCED_BREP_SHAPE_REPRESENTATION ( 'upper_R', ( #1096, #115 ), #701 ) ;
#1497 = PLANE ( 'NONE',  #1324 ) ;
#1498 = VECTOR ( 'NONE', #733, 1000.000000000000000 ) ;
#1499 = FACE_OUTER_BOUND ( 'NONE', #817, .T. ) ;
#1500 = EDGE_LOOP ( 'NONE', ( #1436, #1104, #646, #1585 ) ) ;
#1501 = ORIENTED_EDGE ( 'NONE', *, *, #961, .T. ) ;
#1502 = LOCAL_TIME ( 23, 33, 3.000000000000000000, #1785 ) ;
#1503 = DIRECTION ( 'NONE',  ( 0.4999999999999991673, -0.000000000000000000, 0.8660254037844391517 ) ) ;
#1504 = AXIS2_PLACEMENT_3D ( 'NONE', #662, #717, #1553 ) ;
#1505 = EDGE_LOOP ( 'NONE', ( #1513, #159, #1225, #623 ) ) ;
#1506 = DIRECTION ( 'NONE',  ( -0.000000000000000000, -1.000000000000000000, -0.000000000000000000 ) ) ;
#1507 = CIRCLE ( 'NONE', #556, 1.000000000000000888 ) ;
#1508 = CARTESIAN_POINT ( 'NONE',  ( -35.40779239822242630, -27.00000000000000000, -49.08644995048182125 ) ) ;
#1509 = APPROVAL_STATUS ( 'not_yet_approved' ) ;
#1510 = ADVANCED_FACE ( 'NONE', ( #541, #1356, #224 ), #1368, .T. ) ;
#1511 = CARTESIAN_POINT ( 'NONE',  ( -48.70276193470871817, -26.00000000000000000, -21.68320783703306631 ) ) ;
#1512 = CARTESIAN_POINT ( 'NONE',  ( 26.69999999999999574, 5.000000000000000000, 0.000000000000000000 ) ) ;
#1513 = ORIENTED_EDGE ( 'NONE', *, *, #654, .T. ) ;
#1514 = VERTEX_POINT ( 'NONE', #1508 ) ;
#1515 = DIRECTION ( 'NONE',  ( 0.000000000000000000, 1.000000000000000000, 0.000000000000000000 ) ) ;
#1516 = ORIENTED_EDGE ( 'NONE', *, *, #836, .T. ) ;
#1517 = AXIS2_PLACEMENT_3D ( 'NONE', #220, #1503, #1364 ) ;
#1518 = DIRECTION ( 'NONE',  ( 0.5000000000000005551, 0.000000000000000000, -0.8660254037844383745 ) ) ;
#1519 = DIRECTION ( 'NONE',  ( 0.9135500495181785308, 0.000000000000000000, -0.4067263293977093075 ) ) ;
#1520 = VECTOR ( 'NONE', #582, 1000.000000000000000 ) ;
#1521 = EDGE_CURVE ( 'NONE', #1514, #1766, #960, .T. ) ;
#1522 = DIRECTION ( 'NONE',  ( 0.000000000000000000, 0.000000000000000000, 1.000000000000000000 ) ) ;
#1523 = DIRECTION ( 'NONE',  ( 1.000000000000000000, 0.000000000000000000, -0.000000000000000000 ) ) ;
#1524 = ORIENTED_EDGE ( 'NONE', *, *, #1827, .T. ) ;
#1525 = DIRECTION ( 'NONE',  ( 1.000000000000000000, 0.000000000000000000, -1.836970198721029688E-16 ) ) ;
#1526 = ORIENTED_EDGE ( 'NONE', *, *, #89, .F. ) ;
#1527 = PLANE ( 'NONE',  #1266 ) ;
#1528 = PLANE ( 'NONE',  #434 ) ;
#1529 = APPROVAL_ROLE ( '' ) ;
#1530 = CC_DESIGN_PERSON_AND_ORGANIZATION_ASSIGNMENT ( #925, #533, ( #1145 ) ) ;
#1531 = DIRECTION ( 'NONE',  ( 0.8660254037844394848, 0.000000000000000000, 0.4999999999999984457 ) ) ;
#1532 = EDGE_LOOP ( 'NONE', ( #216, #326, #953, #1454, #1768, #866 ) ) ;
#1533 = EDGE_CURVE ( 'NONE', #1222, #1014, #1227, .T. ) ;
#1534 = CARTESIAN_POINT ( 'NONE',  ( -28.68220495501817879, 5.000000000000000000, -49.67903625519527822 ) ) ;
#1535 = VERTEX_POINT ( 'NONE', #1485 ) ;
#1536 = DIRECTION ( 'NONE',  ( 0.000000000000000000, -0.000000000000000000, 1.000000000000000000 ) ) ;
#1537 = LINE ( 'NONE', #1140, #790 ) ;
#1538 = AXIS2_PLACEMENT_3D ( 'NONE', #120, #1506, #389 ) ;
#1539 = DIRECTION ( 'NONE',  ( 1.000000000000000000, 0.000000000000000000, 0.000000000000000000 ) ) ;
#1540 = CARTESIAN_POINT ( 'NONE',  ( 31.19833011012490331, -26.00000000000000000, -61.00000000000000000 ) ) ;
#1541 = ORIENTED_EDGE ( 'NONE', *, *, #1059, .T. ) ;
#1542 = FACE_OUTER_BOUND ( 'NONE', #1410, .T. ) ;
#1543 = ADVANCED_FACE ( 'NONE', ( #214 ), #776, .T. ) ;
#1544 = ORIENTED_EDGE ( 'NONE', *, *, #813, .T. ) ;
#1545 = DIRECTION ( 'NONE',  ( 0.000000000000000000, 1.000000000000000000, 0.000000000000000000 ) ) ;
#1546 = CIRCLE ( 'NONE', #535, 1.000000000000000888 ) ;
#1547 = DIRECTION ( 'NONE',  ( 0.000000000000000000, 1.000000000000000000, -0.000000000000000000 ) ) ;
#1548 = EDGE_LOOP ( 'NONE', ( #1759, #1106, #1570, #1115 ) ) ;
#1549 = CARTESIAN_POINT ( 'NONE',  ( 35.00106606882474125, 0.000000000000000000, -49.00000000000000000 ) ) ;
#1550 = VERTEX_POINT ( 'NONE', #1087 ) ;
#1551 = ADVANCED_FACE ( 'NONE', ( #499 ), #1379, .T. ) ;
#1552 = SPHERICAL_SURFACE ( 'NONE', #634, 1.000000000000000000 ) ;
#1553 = DIRECTION ( 'NONE',  ( -1.387778780781445676E-14, 1.000000000000000000, 0.000000000000000000 ) ) ;
#1554 = ADVANCED_FACE ( 'NONE', ( #1665 ), #1528, .T. ) ;
#1555 = CARTESIAN_POINT ( 'NONE',  ( 0.000000000000000000, 5.000000000000000000, -23.00000000000000000 ) ) ;
#1556 = ORIENTED_EDGE ( 'NONE', *, *, #180, .T. ) ;
#1557 = CARTESIAN_POINT ( 'NONE',  ( -45.00000000000000000, 5.000000000000000000, -0.9999999999999915623 ) ) ;
#1558 = ORIENTED_EDGE ( 'NONE', *, *, #1435, .F. ) ;
#1559 = LINE ( 'NONE', #1273, #705 ) ;
#1560 = AXIS2_PLACEMENT_3D ( 'NONE', #1373, #103, #1361 ) ;
#1561 = APPROVAL ( #1249, 'UNSPECIFIED' ) ;
#1562 = CARTESIAN_POINT ( 'NONE',  ( -26.69999999999999574, -27.00000000000000000, -53.94115427318801181 ) ) ;
#1563 = AXIS2_PLACEMENT_3D ( 'NONE', #482, #1475, #1047 ) ;
#1564 = VECTOR ( 'NONE', #1031, 1000.000000000000000 ) ;
#1565 = EDGE_CURVE ( 'NONE', #64, #815, #1248, .T. ) ;
#1566 = CARTESIAN_POINT ( 'NONE',  ( 21.29999999999998650, -27.00000000000000000, -57.05884572681199529 ) ) ;
#1567 = VERTEX_POINT ( 'NONE', #587 ) ;
#1568 = PLANE ( 'NONE',  #1400 ) ;
#1569 = CIRCLE ( 'NONE', #1089, 1.000000000000000666 ) ;
#1570 = ORIENTED_EDGE ( 'NONE', *, *, #1586, .F. ) ;
#1571 = FACE_OUTER_BOUND ( 'NONE', #192, .T. ) ;
#1572 = DIRECTION ( 'NONE',  ( -1.000000000000000000, 0.000000000000000000, 1.836970198721029688E-16 ) ) ;
#1573 = AXIS2_PLACEMENT_3D ( 'NONE', #1094, #1662, #1831 ) ;
#1574 = EDGE_CURVE ( 'NONE', #884, #1375, #1719, .T. ) ;
#1575 = AXIS2_PLACEMENT_3D ( 'NONE', #1595, #1310, #325 ) ;
#1576 = ORIENTED_EDGE ( 'NONE', *, *, #402, .T. ) ;
#1577 = CARTESIAN_POINT ( 'NONE',  ( -1.836970198721029934E-16, 4.000000000000000000, -1.000000000000000000 ) ) ;
#1578 = ORIENTED_EDGE ( 'NONE', *, *, #1777, .F. ) ;
#1579 = DIRECTION ( 'NONE',  ( 1.000000000000000000, 0.000000000000000000, -4.336808689942013792E-16 ) ) ;
#1580 = DIRECTION ( 'NONE',  ( 1.000000000000000000, 0.000000000000000000, 0.000000000000000000 ) ) ;
#1581 = DIRECTION ( 'NONE',  ( -0.8660254037844382635, 0.000000000000000000, -0.5000000000000005551 ) ) ;
#1582 = ORIENTED_EDGE ( 'NONE', *, *, #1790, .F. ) ;
#1583 = EDGE_CURVE ( 'NONE', #1212, #1161, #424, .T. ) ;
#1584 = FACE_OUTER_BOUND ( 'NONE', #710, .T. ) ;
#1585 = ORIENTED_EDGE ( 'NONE', *, *, #1775, .T. ) ;
#1586 = EDGE_CURVE ( 'NONE', #312, #284, #870, .T. ) ;
#1587 = FACE_OUTER_BOUND ( 'NONE', #479, .T. ) ;
#1588 = LINE ( 'NONE', #320, #1470 ) ;
#1589 = CIRCLE ( 'NONE', #967, 0.9999999999999997780 ) ;
#1590 = VECTOR ( 'NONE', #1238, 1000.000000000000114 ) ;
#1591 = VECTOR ( 'NONE', #1068, 1000.000000000000114 ) ;
#1592 = LINE ( 'NONE', #1343, #22 ) ;
#1593 = VERTEX_POINT ( 'NONE', #1566 ) ;
#1594 = CIRCLE ( 'NONE', #1355, 1.000000000000001110 ) ;
#1595 = CARTESIAN_POINT ( 'NONE',  ( 35.00000000000000000, 5.000000000000000000, -15.00000000000000000 ) ) ;
#1596 = ORIENTED_EDGE ( 'NONE', *, *, #464, .T. ) ;
#1597 = DIRECTION ( 'NONE',  ( 0.000000000000000000, 1.000000000000000000, -0.000000000000000000 ) ) ;
#1598 = EDGE_CURVE ( 'NONE', #96, #1130, #570, .T. ) ;
#1599 = CARTESIAN_POINT ( 'NONE',  ( -44.00000000000000000, 1.000000000000000000, 2.035408878479453447E-14 ) ) ;
#1600 = DIRECTION ( 'NONE',  ( -0.000000000000000000, -1.000000000000000000, -0.000000000000000000 ) ) ;
#1601 = CIRCLE ( 'NONE', #330, 5.000000000000000888 ) ;
#1602 = ORIENTED_EDGE ( 'NONE', *, *, #1297, .T. ) ;
#1603 = CIRCLE ( 'NONE', #397, 5.000000000000000888 ) ;
#1604 = CARTESIAN_POINT ( 'NONE',  ( 26.69999999999999574, 5.000000000000000000, -57.05884572681199529 ) ) ;
#1605 = VERTEX_POINT ( 'NONE', #283 ) ;
#1606 = CARTESIAN_POINT ( 'NONE',  ( 44.00000000000000000, 4.000000000000000000, -29.78744933820776808 ) ) ;
#1607 = FACE_OUTER_BOUND ( 'NONE', #677, .T. ) ;
#1608 = ADVANCED_FACE ( 'NONE', ( #293 ), #1694, .T. ) ;
#1609 = FACE_OUTER_BOUND ( 'NONE', #1479, .T. ) ;
#1610 = EDGE_CURVE ( 'NONE', #388, #1164, #1701, .T. ) ;
#1611 = DIRECTION ( 'NONE',  ( -0.4067263293977084748, 0.000000000000000000, 0.9135500495181786418 ) ) ;
#1612 = CARTESIAN_POINT ( 'NONE',  ( -31.46246454096384682, -26.00000000000000000, -60.40672632939770637 ) ) ;
#1613 = ORIENTED_EDGE ( 'NONE', *, *, #740, .F. ) ;
#1614 = DIRECTION ( 'NONE',  ( 0.000000000000000000, 1.000000000000000000, -0.000000000000000000 ) ) ;
#1615 = LINE ( 'NONE', #491, #1591 ) ;
#1616 = VECTOR ( 'NONE', #1416, 1000.000000000000000 ) ;
#1617 = EDGE_CURVE ( 'NONE', #104, #1222, #432, .T. ) ;
#1618 = FACE_OUTER_BOUND ( 'NONE', #1124, .T. ) ;
#1619 = CARTESIAN_POINT ( 'NONE',  ( -35.00106606882472704, 5.000000000000000000, -50.00000000000000000 ) ) ;
#1620 = AXIS2_PLACEMENT_3D ( 'NONE', #1335, #1776, #502 ) ;
#1621 = EDGE_LOOP ( 'NONE', ( #17, #963, #1478, #1253, #1697, #780 ) ) ;
#1622 = ORIENTED_EDGE ( 'NONE', *, *, #137, .T. ) ;
#1623 = FACE_OUTER_BOUND ( 'NONE', #1061, .T. ) ;
#1624 = DIRECTION ( 'NONE',  ( 0.000000000000000000, 0.000000000000000000, 1.000000000000000000 ) ) ;
#1625 = CARTESIAN_POINT ( 'NONE',  ( -30.54891449144566451, 5.000000000000000000, -61.00000000000000000 ) ) ;
#1626 = EDGE_LOOP ( 'NONE', ( #864, #1272, #1338, #63 ) ) ;
#1627 = EDGE_CURVE ( 'NONE', #1567, #1670, #1004, .T. ) ;
#1628 = LINE ( 'NONE', #1512, #537 ) ;
#1629 = ORIENTED_EDGE ( 'NONE', *, *, #1742, .T. ) ;
#1630 = EDGE_LOOP ( 'NONE', ( #611, #876, #1329, #614 ) ) ;
#1631 = AXIS2_PLACEMENT_3D ( 'NONE', #1409, #413, #278 ) ;
#1632 = EDGE_CURVE ( 'NONE', #72, #288, #1152, .T. ) ;
#1633 = DIRECTION ( 'NONE',  ( -0.000000000000000000, -1.000000000000000000, -0.000000000000000000 ) ) ;
#1634 = CARTESIAN_POINT ( 'NONE',  ( 35.00000000000000000, 5.000000000000000000, -12.27500000000000391 ) ) ;
#1635 = FACE_OUTER_BOUND ( 'NONE', #1686, .T. ) ;
#1636 = PERSON_AND_ORGANIZATION ( #1654, #227 ) ;
#1637 = ORIENTED_EDGE ( 'NONE', *, *, #801, .F. ) ;
#1638 = DIRECTION ( 'NONE',  ( 0.000000000000000000, 0.000000000000000000, 1.000000000000000000 ) ) ;
#1639 = EDGE_LOOP ( 'NONE', ( #890, #219, #453, #1678 ) ) ;
#1640 = EDGE_LOOP ( 'NONE', ( #1231, #941, #1544, #1243 ) ) ;
#1641 = FACE_OUTER_BOUND ( 'NONE', #882, .T. ) ;
#1642 = EDGE_CURVE ( 'NONE', #826, #1156, #442, .T. ) ;
#1643 = SPHERICAL_SURFACE ( 'NONE', #322, 1.000000000000000000 ) ;
#1644 = PLANE ( 'NONE',  #1021 ) ;
#1645 = COORDINATED_UNIVERSAL_TIME_OFFSET ( 9, 0, .AHEAD. ) ;
#1646 = LINE ( 'NONE', #1511, #173 ) ;
#1647 = CARTESIAN_POINT ( 'NONE',  ( -44.00000000000001421, 1.000000000000000000, -29.78744933820769347 ) ) ;
#1648 = ORIENTED_EDGE ( 'NONE', *, *, #978, .F. ) ;
#1649 = VERTEX_POINT ( 'NONE', #996 ) ;
#1650 = APPROVAL_PERSON_ORGANIZATION ( #500, #542, #1795 ) ;
#1651 = FACE_OUTER_BOUND ( 'NONE', #1022, .T. ) ;
#1652 = VECTOR ( 'NONE', #101, 1000.000000000000000 ) ;
#1653 = VERTEX_POINT ( 'NONE', #1013 ) ;
#1654 = PERSON ( 'UNSPECIFIED', 'UNSPECIFIED', 'UNSPECIFIED', ('UNSPECIFIED'), ('UNSPECIFIED'), ('UNSPECIFIED') ) ;
#1655 = FACE_OUTER_BOUND ( 'NONE', #1408, .T. ) ;
#1656 = EDGE_CURVE ( 'NONE', #1813, #1800, #1442, .T. ) ;
#1657 = CARTESIAN_POINT ( 'NONE',  ( 47.78921188519053231, 4.000000000000000000, -21.27648150763534929 ) ) ;
#1658 = CARTESIAN_POINT ( 'NONE',  ( 0.000000000000000000, 5.000000000000000000, 0.000000000000000000 ) ) ;
#1659 = CARTESIAN_POINT ( 'NONE',  ( -21.29999999999999361, 5.000000000000000000, -57.05884572681198819 ) ) ;
#1660 = VERTEX_POINT ( 'NONE', #1299 ) ;
#1661 = EDGE_LOOP ( 'NONE', ( #1283, #859, #1811, #486 ) ) ;
#1662 = DIRECTION ( 'NONE',  ( 0.4067263293977063099, -2.822230847616307635E-15, -0.9135500495181796410 ) ) ;
#1663 = EDGE_LOOP ( 'NONE', ( #647, #506 ) ) ;
#1664 = FACE_OUTER_BOUND ( 'NONE', #974, .T. ) ;
#1665 = FACE_OUTER_BOUND ( 'NONE', #856, .T. ) ;
#1666 = VECTOR ( 'NONE', #743, 1000.000000000000000 ) ;
#1667 = EDGE_CURVE ( 'NONE', #342, #1164, #408, .T. ) ;
#1668 = ADVANCED_FACE ( 'NONE', ( #595, #863, #9, #155, #458, #718 ), #1728, .T. ) ;
#1669 = CARTESIAN_POINT ( 'NONE',  ( 23.99999999999998934, -27.00000000000000000, -52.38230854637603073 ) ) ;
#1670 = VERTEX_POINT ( 'NONE', #276 ) ;
#1671 = DIRECTION ( 'NONE',  ( 0.4067263293977084193, -0.000000000000000000, 0.9135500495181786418 ) ) ;
#1672 = ORIENTED_EDGE ( 'NONE', *, *, #170, .F. ) ;
#1673 = DIRECTION ( 'NONE',  ( 0.000000000000000000, 1.000000000000000000, -0.000000000000000000 ) ) ;
#1674 = DIRECTION ( 'NONE',  ( 0.000000000000000000, 0.000000000000000000, 1.000000000000000000 ) ) ;
#1675 = CALENDAR_DATE ( 2026, 26, 6 ) ;
#1676 = EDGE_CURVE ( 'NONE', #304, #796, #700, .T. ) ;
#1677 = DIRECTION ( 'NONE',  ( 0.8660254037844399289, 0.000000000000000000, -0.4999999999999977240 ) ) ;
#1678 = ORIENTED_EDGE ( 'NONE', *, *, #32, .T. ) ;
#1679 = AXIS2_PLACEMENT_3D ( 'NONE', #615, #446, #731 ) ;
#1680 = CARTESIAN_POINT ( 'NONE',  ( -45.00000000000001421, 4.000000000000000000, -29.78744933820771834 ) ) ;
#1681 = VECTOR ( 'NONE', #1275, 1000.000000000000000 ) ;
#1682 = EDGE_LOOP ( 'NONE', ( #838, #455 ) ) ;
#1683 = AXIS2_PLACEMENT_3D ( 'NONE', #1658, #674, #301 ) ;
#1684 = DIRECTION ( 'NONE',  ( 0.000000000000000000, 0.000000000000000000, 1.000000000000000000 ) ) ;
#1685 = AXIS2_PLACEMENT_3D ( 'NONE', #690, #575, #151 ) ;
#1686 = EDGE_LOOP ( 'NONE', ( #125, #744, #404, #10 ) ) ;
#1687 = ADVANCED_FACE ( 'NONE', ( #1267 ), #1837, .F. ) ;
#1688 = CARTESIAN_POINT ( 'NONE',  ( 0.000000000000000000, 5.000000000000000000, -18.00000000000000000 ) ) ;
#1689 = ORIENTED_EDGE ( 'NONE', *, *, #845, .T. ) ;
#1690 = EDGE_CURVE ( 'NONE', #1461, #150, #1127, .T. ) ;
#1691 = FACE_OUTER_BOUND ( 'NONE', #1200, .T. ) ;
#1692 = LINE ( 'NONE', #1707, #1738 ) ;
#1693 = VECTOR ( 'NONE', #1123, 1000.000000000000000 ) ;
#1694 = PLANE ( 'NONE',  #346 ) ;
#1695 = ORIENTED_EDGE ( 'NONE', *, *, #402, .F. ) ;
#1696 = CARTESIAN_POINT ( 'NONE',  ( 44.00000000000000000, 4.000000000000000000, 0.000000000000000000 ) ) ;
#1697 = ORIENTED_EDGE ( 'NONE', *, *, #1718, .T. ) ;
#1698 = CYLINDRICAL_SURFACE ( 'NONE', #783, 1.000000000000000888 ) ;
#1699 = ADVANCED_FACE ( 'NONE', ( #1609 ), #1774, .T. ) ;
#1700 = DIRECTION ( 'NONE',  ( -0.8660254037844358210, 0.000000000000000000, 0.5000000000000049960 ) ) ;
#1701 = LINE ( 'NONE', #846, #1616 ) ;
#1702 = ORIENTED_EDGE ( 'NONE', *, *, #562, .F. ) ;
#1703 = DIRECTION ( 'NONE',  ( 0.000000000000000000, 1.000000000000000000, -0.000000000000000000 ) ) ;
#1704 = VERTEX_POINT ( 'NONE', #188 ) ;
#1705 = CYLINDRICAL_SURFACE ( 'NONE', #1829, 1.000000000000000888 ) ;
#1706 = AXIS2_PLACEMENT_3D ( 'NONE', #110, #368, #1342 ) ;
#1707 = CARTESIAN_POINT ( 'NONE',  ( -45.00000000000001421, 0.000000000000000000, -29.78744933820771834 ) ) ;
#1708 = APPROVAL_DATE_TIME ( #1439, #1561 ) ;
#1709 = EDGE_CURVE ( 'NONE', #1363, #342, #1451, .T. ) ;
#1710 = CIRCLE ( 'NONE', #438, 1.000000000000000888 ) ;
#1711 = CARTESIAN_POINT ( 'NONE',  ( -21.29999999999999361, 5.000000000000000000, -53.94115427318801892 ) ) ;
#1712 = ORIENTED_EDGE ( 'NONE', *, *, #922, .T. ) ;
#1713 = DIRECTION ( 'NONE',  ( 0.000000000000000000, 0.000000000000000000, 1.000000000000000000 ) ) ;
#1714 = ORIENTED_EDGE ( 'NONE', *, *, #428, .F. ) ;
#1715 = DIRECTION ( 'NONE',  ( -0.000000000000000000, -1.000000000000000000, -0.000000000000000000 ) ) ;
#1716 = PLANE ( 'NONE',  #1683 ) ;
#1717 = UNCERTAINTY_MEASURE_WITH_UNIT (LENGTH_MEASURE( 1.000000000000000082E-05 ), #788, 'distance_accuracy_value', 'NONE');
#1718 = EDGE_CURVE ( 'NONE', #1605, #1535, #1020, .T. ) ;
#1719 = LINE ( 'NONE', #837, #672 ) ;
#1720 = AXIS2_PLACEMENT_3D ( 'NONE', #1696, #1394, #1105 ) ;
#1721 = CIRCLE ( 'NONE', #1010, 1.000000000000000888 ) ;
#1722 = EDGE_CURVE ( 'NONE', #201, #104, #1592, .T. ) ;
#1723 = EDGE_LOOP ( 'NONE', ( #54, #396, #1729 ) ) ;
#1724 = DIRECTION ( 'NONE',  ( -0.8660254037844385966, 0.000000000000000000, 0.5000000000000001110 ) ) ;
#1725 = EDGE_LOOP ( 'NONE', ( #35, #354, #1714 ) ) ;
#1726 = DIRECTION ( 'NONE',  ( 0.000000000000000000, 1.000000000000000000, 0.000000000000000000 ) ) ;
#1727 = FACE_OUTER_BOUND ( 'NONE', #580, .T. ) ;
#1728 = PLANE ( 'NONE',  #901 ) ;
#1729 = ORIENTED_EDGE ( 'NONE', *, *, #961, .F. ) ;
#1730 = EDGE_CURVE ( 'NONE', #175, #1174, #323, .T. ) ;
#1731 = CARTESIAN_POINT ( 'NONE',  ( -36.54091200297977338, 0.000000000000000000, -49.00000000000000000 ) ) ;
#1732 = ORIENTED_EDGE ( 'NONE', *, *, #825, .T. ) ;
#1733 = LINE ( 'NONE', #1437, #1120 ) ;
#1734 = DIRECTION ( 'NONE',  ( 4.625929269271485914E-16, 0.000000000000000000, 1.000000000000000000 ) ) ;
#1735 = AXIS2_PLACEMENT_3D ( 'NONE', #545, #1820, #1111 ) ;
#1736 = CC_DESIGN_SECURITY_CLASSIFICATION ( #1145, ( #1237 ) ) ;
#1737 = DIRECTION ( 'NONE',  ( 0.000000000000000000, -1.000000000000000000, -0.000000000000000000 ) ) ;
#1738 = VECTOR ( 'NONE', #559, 1000.000000000000000 ) ;
#1739 = EDGE_LOOP ( 'NONE', ( #1788, #353, #373, #760 ) ) ;
#1740 = AXIS2_PLACEMENT_3D ( 'NONE', #902, #65, #1149 ) ;
#1741 = DIRECTION ( 'NONE',  ( 0.000000000000000000, 0.000000000000000000, 1.000000000000000000 ) ) ;
#1742 = EDGE_CURVE ( 'NONE', #1653, #202, #905, .T. ) ;
#1743 = ORIENTED_EDGE ( 'NONE', *, *, #319, .T. ) ;
#1744 = DIRECTION ( 'NONE',  ( 0.000000000000000000, 0.000000000000000000, 1.000000000000000000 ) ) ;
#1745 = EDGE_CURVE ( 'NONE', #288, #749, #1194, .T. ) ;
#1746 = CARTESIAN_POINT ( 'NONE',  ( -44.00000000000000000, 5.000000000000000000, -0.9999999999999920064 ) ) ;
#1747 = CARTESIAN_POINT ( 'NONE',  ( -35.91461611834290579, -26.00000000000000000, -50.40672632939770637 ) ) ;
#1748 = AXIS2_PLACEMENT_3D ( 'NONE', #336, #1176, #893 ) ;
#1749 = CARTESIAN_POINT ( 'NONE',  ( -48.70276193470871817, 5.000000000000000000, -21.68320783703306631 ) ) ;
#1750 = AXIS2_PLACEMENT_3D ( 'NONE', #371, #908, #70 ) ;
#1751 = CARTESIAN_POINT ( 'NONE',  ( -26.69999999999999574, 5.000000000000000000, -57.05884572681199529 ) ) ;
#1752 = ORIENTED_EDGE ( 'NONE', *, *, #1826, .T. ) ;
#1753 = DIRECTION ( 'NONE',  ( 0.4067263293977084193, 0.000000000000000000, 0.9135500495181786418 ) ) ;
#1754 = DIRECTION ( 'NONE',  ( -0.000000000000000000, -1.000000000000000000, -0.000000000000000000 ) ) ;
#1755 = EDGE_CURVE ( 'NONE', #689, #307, #77, .T. ) ;
#1756 = DIRECTION ( 'NONE',  ( 2.225651257388380478E-15, 0.000000000000000000, 1.000000000000000000 ) ) ;
#1757 = CARTESIAN_POINT ( 'NONE',  ( 44.00000000000000000, 1.000000000000000000, -29.78744933820776453 ) ) ;
#1758 = DIRECTION ( 'NONE',  ( 0.000000000000000000, 0.000000000000000000, -1.000000000000000000 ) ) ;
#1759 = ORIENTED_EDGE ( 'NONE', *, *, #1583, .T. ) ;
#1760 = ORIENTED_EDGE ( 'NONE', *, *, #1709, .F. ) ;
#1761 = LINE ( 'NONE', #107, #34 ) ;
#1762 = DIRECTION ( 'NONE',  ( 1.000000000000000000, -1.734723475976811512E-14, 0.000000000000000000 ) ) ;
#1763 = EDGE_CURVE ( 'NONE', #1550, #1593, #181, .T. ) ;
#1764 = CARTESIAN_POINT ( 'NONE',  ( 21.29999999999998650, 5.000000000000000000, -57.05884572681199529 ) ) ;
#1765 = VECTOR ( 'NONE', #747, 1000.000000000000000 ) ;
#1766 = VERTEX_POINT ( 'NONE', #1747 ) ;
#1767 = CYLINDRICAL_SURFACE ( 'NONE', #129, 1.000000000000000888 ) ;
#1768 = ORIENTED_EDGE ( 'NONE', *, *, #1790, .T. ) ;
#1769 = EDGE_LOOP ( 'NONE', ( #1279, #484, #471, #1558, #427, #806 ) ) ;
#1770 = CARTESIAN_POINT ( 'NONE',  ( 0.000000000000000000, 1.000000000000000000, 0.000000000000000000 ) ) ;
#1771 = ORIENTED_EDGE ( 'NONE', *, *, #730, .T. ) ;
#1772 = DIRECTION ( 'NONE',  ( -0.000000000000000000, 0.000000000000000000, 1.000000000000000000 ) ) ;
#1773 = DIRECTION ( 'NONE',  ( -0.8660254037844383745, 0.000000000000000000, -0.5000000000000003331 ) ) ;
#1774 = CYLINDRICAL_SURFACE ( 'NONE', #79, 1.000000000000000888 ) ;
#1775 = EDGE_CURVE ( 'NONE', #900, #150, #359, .T. ) ;
#1776 = DIRECTION ( 'NONE',  ( 0.5000000000000005551, -0.000000000000000000, 0.8660254037844383745 ) ) ;
#1777 = EDGE_CURVE ( 'NONE', #1800, #1593, #476, .T. ) ;
#1778 = DIRECTION ( 'NONE',  ( -0.000000000000000000, -1.000000000000000000, -0.000000000000000000 ) ) ;
#1779 = VERTEX_POINT ( 'NONE', #1486 ) ;
#1780 = ORIENTED_EDGE ( 'NONE', *, *, #1100, .F. ) ;
#1781 = CIRCLE ( 'NONE', #394, 1.000000000000000888 ) ;
#1782 = CARTESIAN_POINT ( 'NONE',  ( 44.91355004951817875, 4.000000000000000000, -30.19417566760547800 ) ) ;
#1783 = CARTESIAN_POINT ( 'NONE',  ( 31.38220495501820650, 5.000000000000000000, -54.35557343563122856 ) ) ;
#1784 = CARTESIAN_POINT ( 'NONE',  ( 0.000000000000000000, -27.00000000000000000, 0.000000000000000000 ) ) ;
#1785 = COORDINATED_UNIVERSAL_TIME_OFFSET ( 9, 0, .AHEAD. ) ;
#1786 = CARTESIAN_POINT ( 'NONE',  ( 35.00000000000000000, 5.000000000000000000, -17.72499999999999432 ) ) ;
#1787 = DIRECTION ( 'NONE',  ( -0.9135500495181797520, 0.000000000000000000, 0.4067263293977063654 ) ) ;
#1788 = ORIENTED_EDGE ( 'NONE', *, *, #275, .T. ) ;
#1789 = ORIENTED_EDGE ( 'NONE', *, *, #147, .T. ) ;
#1790 = EDGE_CURVE ( 'NONE', #1164, #689, #1208, .T. ) ;
#1791 = CARTESIAN_POINT ( 'NONE',  ( 35.00106606882474125, -27.00000000000000000, -50.00000000000000000 ) ) ;
#1792 = ORIENTED_EDGE ( 'NONE', *, *, #813, .F. ) ;
#1793 = DIRECTION ( 'NONE',  ( -0.000000000000000000, 1.000000000000000000, -0.000000000000000000 ) ) ;
#1794 = DIRECTION ( 'NONE',  ( 1.000000000000000000, 0.000000000000000000, -0.000000000000000000 ) ) ;
#1795 = APPROVAL_ROLE ( '' ) ;
#1796 = CARTESIAN_POINT ( 'NONE',  ( 6.123233995736767268E-16, 0.000000000000000000, -12.99999999999999822 ) ) ;
#1797 = AXIS2_PLACEMENT_3D ( 'NONE', #952, #693, #1103 ) ;
#1798 = CARTESIAN_POINT ( 'NONE',  ( 44.91355004951817875, 0.000000000000000000, -30.19417566760547800 ) ) ;
#1799 = ORIENTED_EDGE ( 'NONE', *, *, #1574, .T. ) ;
#1800 = VERTEX_POINT ( 'NONE', #1167 ) ;
#1801 = VECTOR ( 'NONE', #1756, 1000.000000000000000 ) ;
#1802 = DIRECTION ( 'NONE',  ( -4.625929269271485914E-16, 0.000000000000000000, -1.000000000000000000 ) ) ;
#1803 = CIRCLE ( 'NONE', #1239, 1.000000000000001998 ) ;
#1804 = ADVANCED_FACE ( 'NONE', ( #1314 ), #215, .T. ) ;
#1805 = ORIENTED_EDGE ( 'NONE', *, *, #1259, .F. ) ;
#1806 = FACE_OUTER_BOUND ( 'NONE', #1739, .T. ) ;
#1807 = CARTESIAN_POINT ( 'NONE',  ( -44.00000000000000000, 0.000000000000000000, 2.035408878479453763E-14 ) ) ;
#1808 = ADVANCED_FACE ( 'NONE', ( #1458 ), #895, .T. ) ;
#1809 = PERSON_AND_ORGANIZATION_ROLE ( 'creator' ) ;
#1810 = DIRECTION ( 'NONE',  ( -0.4067263293977085303, 0.000000000000000000, 0.9135500495181787528 ) ) ;
#1811 = ORIENTED_EDGE ( 'NONE', *, *, #1332, .F. ) ;
#1812 = CARTESIAN_POINT ( 'NONE',  ( 47.78921188519053942, 0.000000000000000000, -21.27648150763535284 ) ) ;
#1813 = VERTEX_POINT ( 'NONE', #1325 ) ;
#1814 = AXIS2_PLACEMENT_3D ( 'NONE', #704, #141, #564 ) ;
#1815 = DIRECTION ( 'NONE',  ( -1.000000000000000000, 0.000000000000000000, -0.000000000000000000 ) ) ;
#1816 = CARTESIAN_POINT ( 'NONE',  ( 35.00000000000000000, 5.000000000000000000, -17.72499999999999432 ) ) ;
#1817 = CIRCLE ( 'NONE', #687, 1.000000000000000666 ) ;
#1818 = APPROVAL_ROLE ( '' ) ;
#1819 = EDGE_CURVE ( 'NONE', #1593, #1375, #58, .T. ) ;
#1820 = DIRECTION ( 'NONE',  ( -0.9135500495181787528, 0.000000000000000000, 0.4067263293977084748 ) ) ;
#1821 = EDGE_LOOP ( 'NONE', ( #1541, #1771, #1000 ) ) ;
#1822 = CARTESIAN_POINT ( 'NONE',  ( -44.00000000000001421, 0.000000000000000000, -29.78744933820769347 ) ) ;
#1823 = ORIENTED_EDGE ( 'NONE', *, *, #1521, .T. ) ;
#1824 = CARTESIAN_POINT ( 'NONE',  ( 44.00000000000000000, 1.000000000000000000, -1.000000000000007994 ) ) ;
#1825 = CALENDAR_DATE ( 2026, 26, 6 ) ;
#1826 = EDGE_CURVE ( 'NONE', #689, #989, #551, .T. ) ;
#1827 = EDGE_CURVE ( 'NONE', #796, #1027, #1615, .T. ) ;
#1828 = ORIENTED_EDGE ( 'NONE', *, *, #698, .T. ) ;
#1829 = AXIS2_PLACEMENT_3D ( 'NONE', #707, #1545, #429 ) ;
#1830 = VECTOR ( 'NONE', #1392, 1000.000000000000114 ) ;
#1831 = DIRECTION ( 'NONE',  ( -0.9135500495181797520, 0.000000000000000000, -0.4067263293977063654 ) ) ;
#1832 = LOCAL_TIME ( 23, 33, 3.000000000000000000, #1645 ) ;
#1833 = ORIENTED_EDGE ( 'NONE', *, *, #199, .T. ) ;
#1834 = AXIS2_PLACEMENT_3D ( 'NONE', #1388, #912, #1484 ) ;
#1835 = CARTESIAN_POINT ( 'NONE',  ( -23.99999999999998934, 5.000000000000000000, -52.38230854637603073 ) ) ;
#1836 = AXIS2_PLACEMENT_3D ( 'NONE', #1462, #178, #1744 ) ;
#1837 = CYLINDRICAL_SURFACE ( 'NONE', #637, 2.724999999999994760 ) ;
ENDSEC;
END-ISO-10303-21;
